ID_Unico;Titulo;Autor;Categoria;Anio_Escritura;Numero_Paginas;Calificacion_Usuarios;Stock_Disponible
eb2f7268-588d;Vórtice de las Almas de Plomo;Balthazar Blackwood;Filosofía Prohibida;1832;296;2,98;17
3b1ab20d-a01a;El Aliento de la Quintaesencia;Morgana Crowley;Botánica Arcana;1359;113;2,78;3
3ccd3b4f-c8b2;Códice de las Almas de Plomo;Aurelius Blackwood;Filosofía Prohibida;1625;498;1,47;36
de35ba97-e877;La Esencia de el Mercurio Rojo;Aurelius Blackwood;Botánica Arcana;1460;988;3,89;0
00c5336c-26b3;Sombras sobre el Mercurio Rojo;Morgana Sterling;Filosofía Prohibida;1659;1123;1,83;32
3e4a8269-9463;Códice de la Transmutación Infinitas;Thalric Crowley;Alquimia Teórica;1512;934;3,03;25
f7b63ffa-dab2;Sombras sobre el Azufre Sagrado;Seraphine Grimoire;Transmutación Metálica;1846;368;4,5;25
c30a4bd1-4ae1;El Aliento de la Transmutación Infinitas;Thalric Grimoire;Transmutación Metálica;1656;483;1,38;26
61103097-5632;Sombras sobre el Azufre Sagrado;Isolde Grimoire;Historia de la Piedra;1656;298;1,58;9
4ee2af94-1092;Códice de el Mercurio Rojo;Thalric Grimoire;Botánica Arcana;1678;1264;1,38;9
4508c9b1-9873;El Aliento de la Quintaesencia;Balthazar Nightshade;Transmutación Metálica;1542;1331;1,88;23
e79364ed-ead5;Sombras sobre las Almas de Plomo;Seraphine Nightshade;Botánica Arcana;1718;733;4,96;24
10159d55-a192;El Enigma de las Almas de Plomo;Isolde Vance;Alquimia Teórica;1998;882;3,93;11
60285b22-8b2f;El Aliento de el Sol Negro;Isolde Blackwood;Historia de la Piedra;1892;239;4,69;17
b581a94e-9428;El Aliento de la Transmutación Infinitas;Aurelius Crowley;Transmutación Metálica;1786;1399;1,55;33
7d6d492e-6cde;El Aliento de el Sol Negro;Caspian Vance;Transmutación Metálica;1940;1159;3,98;18
b53be1e7-f51a;La Esencia de el Sol Negro;Elara Flamel;Botánica Arcana;1805;473;3,62;27
9223a143-4f35;Espejos de el Sol Negro;Elara Flamel;Alquimia Teórica;1430;259;2,37;44
21f36243-0802;Vórtice de las Almas de Plomo;Isolde Sterling;Transmutación Metálica;1219;157;4,95;34
688411fb-ca4e;La Esencia de el Azufre Sagrado;Thalric Nightshade;Alquimia Teórica;1661;1113;4,61;47
08ad7f78-45d9;Espejos de la Quintaesencia;Balthazar Crowley;Alquimia Teórica;1526;788;1,94;13
3a24aba3-21a5;Vórtice de la Transmutación Infinitas;Thalric Nightshade;Transmutación Metálica;1860;1360;1,26;43
888c38b4-56ba;Vórtice de el Mercurio Rojo;Caspian Nightshade;Botánica Arcana;1374;1134;2,75;6
e0ff9de6-c7ba;El Enigma de la Quintaesencia;Balthazar Crowley;Historia de la Piedra;1609;251;1,35;49
8b429f01-bbc3;El Enigma de el Mercurio Rojo;Isolde Vance;Alquimia Teórica;1511;1364;2,39;39
3a902b0e-afdf;El Enigma de las Almas de Plomo;Elara Blackwood;Alquimia Teórica;1872;324;4,53;49
3b8bf975-5672;Códice de la Quintaesencia;Thalric Vance;Alquimia Teórica;1562;728;3,77;45
83bf75cc-9739;El Enigma de la Transmutación Infinitas;Seraphine Sterling;Transmutación Metálica;1655;209;4,73;4
4419f9e6-3669;La Esencia de la Quintaesencia;Morgana Crowley;Filosofía Prohibida;1208;213;1,67;12
c0f6f37b-8bc9;El Aliento de la Quintaesencia;Morgana Vance;Historia de la Piedra;1879;1480;3,99;38
860f6984-be9c;Espejos de el Azufre Sagrado;Thalric Flamel;Transmutación Metálica;1750;248;2,25;43
5be50040-83ed;Tratado de las Almas de Plomo;Aurelius Vance;Historia de la Piedra;1976;533;4,05;14
de6c9537-a869;Tratado de el Sol Negro;Morgana Grimoire;Alquimia Teórica;1494;769;3,34;0
8e1e825d-78c8;Espejos de el Mercurio Rojo;Elara Grimoire;Botánica Arcana;1155;642;4,45;48
643c1559-6d9e;La Esencia de la Transmutación Infinitas;Seraphine Blackwood;Botánica Arcana;1905;1134;1,23;48
00e1f8ae-025c;Tratado de las Almas de Plomo;Balthazar Grimoire;Filosofía Prohibida;1789;119;4,95;19
2a915753-62c3;La Esencia de el Azufre Sagrado;Isolde Sterling;Botánica Arcana;1503;477;4,95;26
afa9c667-6c23;El Aliento de el Azufre Sagrado;Balthazar Crowley;Filosofía Prohibida;1116;1241;1,14;0
7f8e4b4b-7706;Sombras sobre las Almas de Plomo;Caspian Grimoire;Filosofía Prohibida;1160;272;2,22;47
1fb32b90-81f8;La Esencia de el Sol Negro;Isolde Flamel;Alquimia Teórica;1819;307;3,62;33
676153fc-9636;El Aliento de el Azufre Sagrado;Caspian Crowley;Transmutación Metálica;1588;1259;1,79;40
2f591f2d-5015;La Esencia de las Almas de Plomo;Caspian Crowley;Filosofía Prohibida;1165;185;2,49;35
90b7a299-7d4a;Vórtice de la Quintaesencia;Caspian Sterling;Historia de la Piedra;1279;1170;2,4;41
96bbf176-1532;Sombras sobre el Mercurio Rojo;Thalric Flamel;Historia de la Piedra;1448;750;1,43;12
b5864100-4673;Espejos de las Almas de Plomo;Thalric Grimoire;Filosofía Prohibida;1341;208;2,06;5
c26c2337-73bc;Sombras sobre la Quintaesencia;Caspian Sterling;Transmutación Metálica;1310;291;4,62;37
c199b9fa-7a0b;Códice de la Quintaesencia;Caspian Crowley;Transmutación Metálica;1404;1028;1,39;18
c8a96479-e67c;Espejos de el Sol Negro;Morgana Nightshade;Historia de la Piedra;1304;592;2,84;20
0f7c0d3f-d74a;El Aliento de la Quintaesencia;Aurelius Crowley;Botánica Arcana;1179;1347;2,37;15
0ebf32e0-0c48;La Esencia de la Transmutación Infinitas;Caspian Vance;Transmutación Metálica;1201;758;2,98;18
72b72239-35bf;Códice de la Transmutación Infinitas;Aurelius Sterling;Alquimia Teórica;1293;1157;1,19;14
c0ddf215-eddc;El Enigma de la Transmutación Infinitas;Isolde Flamel;Filosofía Prohibida;1512;1097;1,5;1
78be413f-4df5;La Esencia de la Quintaesencia;Seraphine Grimoire;Transmutación Metálica;1709;372;2,07;0
f20e0782-44be;Códice de la Quintaesencia;Caspian Vance;Transmutación Metálica;1905;494;1,75;42
0667ebae-a136;El Enigma de las Almas de Plomo;Caspian Crowley;Historia de la Piedra;1731;87;2,36;1
c59b416a-d599;Tratado de el Mercurio Rojo;Seraphine Blackwood;Transmutación Metálica;1858;742;3,69;30
3ddcc4cd-0a03;Vórtice de la Quintaesencia;Isolde Crowley;Transmutación Metálica;1441;103;4,77;7
65e387ea-5791;Espejos de el Mercurio Rojo;Isolde Grimoire;Historia de la Piedra;1774;544;2,24;45
72053717-d371;El Aliento de el Sol Negro;Balthazar Nightshade;Filosofía Prohibida;1850;515;3;23
cba86b1e-fddd;La Esencia de la Transmutación Infinitas;Elara Blackwood;Historia de la Piedra;1273;573;4,07;28
e76b8fe9-33fa;Códice de la Transmutación Infinitas;Isolde Blackwood;Filosofía Prohibida;1268;1013;2,46;42
ecd1dbfb-ec3a;La Esencia de la Quintaesencia;Balthazar Nightshade;Historia de la Piedra;1628;1039;1,54;37
2c8d6282-5102;El Aliento de la Transmutación Infinitas;Caspian Flamel;Alquimia Teórica;1724;1091;3,73;3
d9b14bc5-9cf5;Códice de la Transmutación Infinitas;Thalric Blackwood;Historia de la Piedra;1509;643;4,61;34
9fb410fb-55ec;Tratado de el Azufre Sagrado;Caspian Grimoire;Filosofía Prohibida;1194;1142;4,22;47
8400fb41-44ec;Vórtice de la Quintaesencia;Aurelius Grimoire;Filosofía Prohibida;1231;1493;4,69;4
1fc5ca05-81a1;Sombras sobre la Transmutación Infinitas;Aurelius Blackwood;Historia de la Piedra;1919;593;1,82;12
6c8763b0-570e;Espejos de las Almas de Plomo;Balthazar Sterling;Botánica Arcana;1440;1448;4,56;46
f6b38710-31b6;Códice de las Almas de Plomo;Isolde Sterling;Botánica Arcana;1322;559;3,92;49
9f25969b-1e99;Vórtice de la Quintaesencia;Thalric Blackwood;Transmutación Metálica;1927;354;2,16;44
9637b21d-e4c0;Tratado de las Almas de Plomo;Morgana Flamel;Filosofía Prohibida;1996;697;1,93;7
f4ae4d8e-7477;Sombras sobre las Almas de Plomo;Balthazar Flamel;Transmutación Metálica;1668;634;1,29;30
b2eaeb59-2f04;Espejos de el Sol Negro;Aurelius Grimoire;Filosofía Prohibida;1750;1272;3,6;29
d30412eb-4cf5;El Aliento de la Quintaesencia;Balthazar Vance;Botánica Arcana;1124;112;4,95;13
feab5f56-6fe1;El Enigma de el Mercurio Rojo;Thalric Flamel;Transmutación Metálica;1613;1304;1,67;44
d320d041-ab20;Espejos de la Quintaesencia;Thalric Flamel;Historia de la Piedra;1335;133;1,84;1
6bf45632-bdb8;La Esencia de la Quintaesencia;Balthazar Vance;Botánica Arcana;1372;1066;4,16;1
99f9df5a-a88e;El Aliento de el Mercurio Rojo;Elara Vance;Transmutación Metálica;1272;583;1,51;44
c40b6591-2760;El Aliento de el Azufre Sagrado;Aurelius Sterling;Filosofía Prohibida;1423;925;2,58;34
3899e2de-a41f;El Enigma de el Azufre Sagrado;Morgana Sterling;Botánica Arcana;1555;1496;1,87;0
d98c730d-0901;Sombras sobre la Transmutación Infinitas;Morgana Sterling;Filosofía Prohibida;1380;879;2,81;34
ec42a815-4a3e;Vórtice de las Almas de Plomo;Isolde Sterling;Historia de la Piedra;1373;594;4,32;34
928c56c7-49ce;Vórtice de las Almas de Plomo;Morgana Grimoire;Botánica Arcana;1881;699;4,4;25
b3ca454f-b106;Vórtice de el Azufre Sagrado;Aurelius Blackwood;Alquimia Teórica;1697;1495;3,67;5
963b7a56-526e;Espejos de las Almas de Plomo;Isolde Grimoire;Botánica Arcana;1487;1291;4,57;12
432179a3-739d;Vórtice de el Azufre Sagrado;Morgana Nightshade;Filosofía Prohibida;1931;145;1,2;7
54dbe723-217b;Espejos de la Quintaesencia;Morgana Nightshade;Transmutación Metálica;1269;847;2,39;45
cc270990-201c;Vórtice de el Sol Negro;Seraphine Nightshade;Filosofía Prohibida;1810;823;2,67;48
15660631-add0;El Enigma de la Transmutación Infinitas;Seraphine Grimoire;Historia de la Piedra;1829;796;3,25;4
a17c8793-774c;El Enigma de la Transmutación Infinitas;Aurelius Crowley;Transmutación Metálica;1923;1072;3,23;38
f529bcd8-87e1;Tratado de el Sol Negro;Balthazar Vance;Transmutación Metálica;1528;464;1,68;19
42311995-50d8;El Aliento de el Mercurio Rojo;Aurelius Vance;Botánica Arcana;1269;975;3,79;34
d34697ea-9648;El Enigma de la Transmutación Infinitas;Elara Nightshade;Alquimia Teórica;1761;1400;2,4;32
b817bc9a-7459;El Aliento de la Quintaesencia;Aurelius Crowley;Historia de la Piedra;1920;409;2,55;45
8900d632-6939;El Aliento de las Almas de Plomo;Seraphine Grimoire;Filosofía Prohibida;1185;1309;3,48;15
c620884b-7cc3;Vórtice de las Almas de Plomo;Isolde Blackwood;Filosofía Prohibida;1289;176;1,94;10
f6bff51b-7d4f;El Aliento de el Azufre Sagrado;Seraphine Sterling;Historia de la Piedra;1352;380;1,51;26
ee219698-9bc1;La Esencia de la Transmutación Infinitas;Caspian Nightshade;Filosofía Prohibida;1653;711;3,29;41
a94d5941-d0d8;Sombras sobre las Almas de Plomo;Balthazar Sterling;Transmutación Metálica;1813;157;2,79;15
c6edf17f-9763;Códice de las Almas de Plomo;Thalric Blackwood;Alquimia Teórica;1795;994;1,67;19
989c8aed-664f;La Esencia de el Azufre Sagrado;Seraphine Vance;Filosofía Prohibida;1946;782;2,54;41
082c84f5-4d05;Códice de la Transmutación Infinitas;Morgana Blackwood;Filosofía Prohibida;1266;1416;1,26;24
d7c99561-127e;La Esencia de las Almas de Plomo;Morgana Blackwood;Historia de la Piedra;1288;801;2,64;32
d41f6ac7-bd9f;La Esencia de las Almas de Plomo;Elara Nightshade;Filosofía Prohibida;1140;1481;2,5;45
ee713d95-227b;Códice de el Sol Negro;Elara Sterling;Filosofía Prohibida;1396;244;2,35;4
ccb3d2b2-be08;El Enigma de el Azufre Sagrado;Seraphine Blackwood;Alquimia Teórica;1191;1058;1,19;25
7bb55955-b99b;Tratado de el Sol Negro;Seraphine Blackwood;Botánica Arcana;1505;697;4,75;8
7f4fb235-ae9f;El Enigma de la Quintaesencia;Morgana Flamel;Filosofía Prohibida;1454;320;1,94;25
a23ed257-106a;Códice de las Almas de Plomo;Balthazar Nightshade;Transmutación Metálica;1142;300;1,83;26
b017945c-d941;Tratado de el Azufre Sagrado;Elara Sterling;Filosofía Prohibida;1323;935;2,05;3
3b467050-812d;Vórtice de el Azufre Sagrado;Caspian Crowley;Transmutación Metálica;1795;505;3,36;31
17fcef53-0499;Sombras sobre la Quintaesencia;Morgana Nightshade;Botánica Arcana;1735;496;4,91;44
f4031260-6eb4;Códice de el Mercurio Rojo;Seraphine Sterling;Botánica Arcana;1513;1488;1,68;0
a3631842-38fc;La Esencia de el Mercurio Rojo;Morgana Flamel;Botánica Arcana;1587;1283;3,76;35
f67e5504-530d;Sombras sobre las Almas de Plomo;Seraphine Blackwood;Filosofía Prohibida;1900;124;2,4;11
b7799f57-0116;El Aliento de las Almas de Plomo;Seraphine Blackwood;Botánica Arcana;1897;1211;3,09;34
489ffd49-7974;Vórtice de la Transmutación Infinitas;Isolde Vance;Transmutación Metálica;1668;232;1,32;12
930af7e6-fc92;El Aliento de el Azufre Sagrado;Balthazar Grimoire;Historia de la Piedra;1855;178;4,49;40
494f8e4b-c827;La Esencia de el Azufre Sagrado;Morgana Sterling;Filosofía Prohibida;1634;286;3,54;5
9ade4344-1421;El Enigma de la Transmutación Infinitas;Morgana Nightshade;Historia de la Piedra;1435;392;1,66;41
0230486a-9643;El Enigma de el Sol Negro;Elara Grimoire;Transmutación Metálica;1302;1220;3,42;1
d37d0184-89b8;Espejos de la Quintaesencia;Morgana Nightshade;Transmutación Metálica;1422;1106;1,22;16
690a0e51-bfff;El Enigma de el Azufre Sagrado;Morgana Grimoire;Transmutación Metálica;1866;1072;1,66;8
b5f9b688-a405;Espejos de el Sol Negro;Seraphine Nightshade;Historia de la Piedra;1694;455;4,67;8
264c4aaf-6552;Espejos de la Quintaesencia;Aurelius Flamel;Historia de la Piedra;1857;1235;2,75;32
2ded34ac-9293;Vórtice de el Azufre Sagrado;Isolde Blackwood;Filosofía Prohibida;1955;1310;3;12
efe28f2a-f7e1;El Aliento de el Azufre Sagrado;Seraphine Blackwood;Alquimia Teórica;1809;828;3,7;13
25d2815c-ad64;Códice de la Quintaesencia;Seraphine Flamel;Alquimia Teórica;1627;551;1,29;7
c9cd3dae-16d1;Tratado de el Sol Negro;Balthazar Grimoire;Transmutación Metálica;1659;1016;4,35;12
abc063ec-e0db;El Enigma de la Transmutación Infinitas;Balthazar Flamel;Alquimia Teórica;1591;1040;4,12;24
9d0d9948-7462;Espejos de la Quintaesencia;Aurelius Vance;Botánica Arcana;1960;583;1,63;45
059da76e-5637;El Aliento de la Transmutación Infinitas;Isolde Sterling;Historia de la Piedra;1411;1228;4,47;45
92e02dd6-225f;Espejos de el Azufre Sagrado;Thalric Nightshade;Transmutación Metálica;1589;310;2,2;37
25b03054-b7f4;Sombras sobre el Mercurio Rojo;Caspian Blackwood;Alquimia Teórica;1220;1067;2,44;15
2c230ab0-48bb;Tratado de el Mercurio Rojo;Aurelius Flamel;Botánica Arcana;1216;957;4,51;45
3b6524a5-431a;Códice de la Transmutación Infinitas;Balthazar Blackwood;Botánica Arcana;1995;1388;3,47;45
f4aee516-6fb0;Tratado de el Mercurio Rojo;Elara Nightshade;Botánica Arcana;1808;1402;2,23;0
53409626-1fd9;Tratado de el Azufre Sagrado;Seraphine Vance;Filosofía Prohibida;1768;87;2,73;15
b4ff950a-4d28;Sombras sobre la Quintaesencia;Morgana Crowley;Historia de la Piedra;1994;173;4,88;40
0494a3fb-b056;Códice de la Transmutación Infinitas;Isolde Vance;Filosofía Prohibida;1985;230;3,74;21
0ef6fae8-73c6;Espejos de la Transmutación Infinitas;Caspian Grimoire;Filosofía Prohibida;1178;314;2,8;46
b4478095-15ad;El Aliento de el Mercurio Rojo;Morgana Vance;Historia de la Piedra;1673;1182;1,71;36
5dc42856-2898;Códice de el Mercurio Rojo;Seraphine Vance;Alquimia Teórica;1659;237;2,56;0
3830a98b-071f;La Esencia de las Almas de Plomo;Morgana Nightshade;Filosofía Prohibida;1467;709;4,3;39
87ab7fea-1c99;Sombras sobre las Almas de Plomo;Elara Blackwood;Historia de la Piedra;1362;1291;4,17;36
c9eb2a7e-59ed;El Enigma de las Almas de Plomo;Balthazar Grimoire;Historia de la Piedra;1409;1475;2,98;3
44849065-5155;Sombras sobre las Almas de Plomo;Thalric Nightshade;Filosofía Prohibida;1355;395;4,52;27
5d83eb4f-3e76;La Esencia de la Transmutación Infinitas;Caspian Crowley;Transmutación Metálica;1404;316;1,97;34
dbc8cc80-211a;El Aliento de la Quintaesencia;Morgana Nightshade;Alquimia Teórica;1720;1408;4,32;35
617a8406-8e71;Espejos de el Sol Negro;Isolde Vance;Transmutación Metálica;1412;139;4,04;10
4e8fad55-3724;La Esencia de la Quintaesencia;Isolde Crowley;Historia de la Piedra;1805;1180;1,41;5
cccb82ab-2ea5;Tratado de el Mercurio Rojo;Isolde Grimoire;Historia de la Piedra;1912;1109;4,08;49
c3ae14e1-53bd;Vórtice de las Almas de Plomo;Caspian Sterling;Botánica Arcana;1268;639;2,3;25
52af0f7f-273b;Códice de el Mercurio Rojo;Aurelius Sterling;Historia de la Piedra;1187;886;4,45;15
87b9a532-07e7;La Esencia de el Sol Negro;Elara Blackwood;Transmutación Metálica;2014;188;3,9;35
98da154e-0523;Sombras sobre el Mercurio Rojo;Caspian Vance;Historia de la Piedra;1348;904;3,08;35
47bec720-ebdc;Espejos de las Almas de Plomo;Elara Sterling;Alquimia Teórica;1829;472;1,66;3
851ceacc-6b2d;Tratado de las Almas de Plomo;Caspian Sterling;Botánica Arcana;1743;933;3,93;39
0f69e87a-b506;Espejos de el Azufre Sagrado;Isolde Flamel;Transmutación Metálica;1491;751;1,6;40
6aee803a-755f;Vórtice de la Transmutación Infinitas;Balthazar Sterling;Transmutación Metálica;1393;1375;3,33;31
683b1145-2009;Sombras sobre el Mercurio Rojo;Aurelius Blackwood;Transmutación Metálica;1970;964;1,97;30
d394f003-3ee3;Códice de el Azufre Sagrado;Morgana Crowley;Botánica Arcana;1984;1404;2,68;15
eeaf900a-5faf;La Esencia de el Sol Negro;Seraphine Vance;Alquimia Teórica;1670;202;4,73;5
930a2261-55fd;Códice de el Azufre Sagrado;Aurelius Flamel;Historia de la Piedra;1171;825;4,72;25
2bdaa78e-5188;Sombras sobre el Mercurio Rojo;Aurelius Flamel;Transmutación Metálica;1653;553;3,39;48
2c06b0cc-6e0f;El Aliento de la Quintaesencia;Balthazar Vance;Historia de la Piedra;1291;834;2,07;32
661f8f86-8100;El Aliento de el Azufre Sagrado;Seraphine Grimoire;Filosofía Prohibida;1710;589;3,73;19
d314b43c-1a81;Espejos de las Almas de Plomo;Caspian Grimoire;Filosofía Prohibida;1395;1259;3;37
5f5d50de-a64c;Vórtice de el Azufre Sagrado;Elara Nightshade;Historia de la Piedra;1682;1015;4,14;47
4b948655-db34;Tratado de la Transmutación Infinitas;Balthazar Nightshade;Historia de la Piedra;1172;598;3,8;46
64635a44-059d;La Esencia de el Azufre Sagrado;Elara Sterling;Historia de la Piedra;1438;1371;4,57;11
804d59a6-3c87;Tratado de la Transmutación Infinitas;Balthazar Sterling;Botánica Arcana;1827;1258;3,34;4
eba6fe47-5f66;Espejos de las Almas de Plomo;Morgana Nightshade;Historia de la Piedra;1109;481;2,6;24
0da13106-0c61;El Enigma de el Mercurio Rojo;Elara Vance;Alquimia Teórica;1508;1243;4,86;10
5cb5dd7c-4d01;El Enigma de la Transmutación Infinitas;Balthazar Flamel;Transmutación Metálica;1133;547;2,51;40
da9d9ef6-35fc;Códice de la Transmutación Infinitas;Seraphine Crowley;Alquimia Teórica;1478;800;1,37;11
c8669be3-d1c0;El Aliento de el Azufre Sagrado;Thalric Crowley;Alquimia Teórica;1719;1205;1,46;34
08cab0b2-99ea;Vórtice de la Transmutación Infinitas;Isolde Grimoire;Botánica Arcana;1675;388;4,12;18
12736223-7660;El Enigma de la Quintaesencia;Seraphine Blackwood;Transmutación Metálica;1255;171;1,98;31
bf9faa86-38e5;Espejos de el Mercurio Rojo;Aurelius Flamel;Botánica Arcana;1273;298;1,7;15
ad287105-2531;El Enigma de la Quintaesencia;Balthazar Flamel;Botánica Arcana;1250;325;2,07;7
fd729a3e-e288;Códice de la Quintaesencia;Balthazar Flamel;Botánica Arcana;1479;1038;1,21;27
5df7f023-b794;Espejos de la Quintaesencia;Isolde Flamel;Transmutación Metálica;1122;346;2,65;11
ff4f7dc4-7521;La Esencia de la Quintaesencia;Aurelius Sterling;Alquimia Teórica;1367;848;3,17;17
2a5c886c-81f3;La Esencia de la Quintaesencia;Elara Crowley;Botánica Arcana;1687;1409;1,32;49
6b7228d8-e8d1;Tratado de las Almas de Plomo;Aurelius Sterling;Alquimia Teórica;1619;310;1,95;31
addfaa3d-1e71;Espejos de las Almas de Plomo;Thalric Nightshade;Historia de la Piedra;1938;314;4,48;23
c8e49a57-af09;Sombras sobre las Almas de Plomo;Elara Flamel;Transmutación Metálica;1689;1051;3,94;43
b5bbf9e7-aced;Códice de el Mercurio Rojo;Thalric Crowley;Alquimia Teórica;1100;1135;1,46;29
c62e2185-5763;El Enigma de la Quintaesencia;Morgana Grimoire;Botánica Arcana;1479;450;4,23;16
aaac311f-2d3e;Códice de el Mercurio Rojo;Elara Flamel;Filosofía Prohibida;1418;1334;4,38;5
e3c113f7-3f5e;La Esencia de la Transmutación Infinitas;Thalric Crowley;Transmutación Metálica;1546;919;4,68;13
7f6e19c1-d731;Espejos de el Mercurio Rojo;Seraphine Flamel;Transmutación Metálica;1818;771;3,96;24
6591d213-6c71;Tratado de la Transmutación Infinitas;Aurelius Crowley;Transmutación Metálica;1696;1458;1,49;25
91dcceb6-d240;La Esencia de la Transmutación Infinitas;Thalric Vance;Transmutación Metálica;1729;904;4,72;10
26c26a67-f0a6;El Enigma de el Sol Negro;Elara Flamel;Botánica Arcana;1799;494;3,6;43
775e98fb-dd99;Códice de el Mercurio Rojo;Balthazar Crowley;Botánica Arcana;1369;660;4,02;41
b945373b-2523;El Enigma de la Transmutación Infinitas;Thalric Crowley;Historia de la Piedra;1766;1500;3,55;45
4e773557-d9cd;Espejos de el Azufre Sagrado;Caspian Nightshade;Botánica Arcana;1326;283;1,08;32
cca54cdd-c38c;Códice de la Quintaesencia;Thalric Flamel;Filosofía Prohibida;1683;827;2,39;25
a9be5ebf-4aef;Vórtice de el Sol Negro;Elara Flamel;Transmutación Metálica;2011;1303;3,24;31
b7968fd8-863e;Espejos de la Quintaesencia;Morgana Sterling;Historia de la Piedra;1408;625;1,28;21
46108e6a-8641;Espejos de las Almas de Plomo;Thalric Crowley;Alquimia Teórica;1951;376;2,11;2
65365b4e-5db7;Códice de la Transmutación Infinitas;Balthazar Blackwood;Filosofía Prohibida;1681;560;2,49;46
d990ee80-a542;Tratado de el Sol Negro;Elara Flamel;Alquimia Teórica;1233;762;4,17;43
1a3cbd27-f081;Códice de el Mercurio Rojo;Isolde Flamel;Alquimia Teórica;1445;714;4,27;34
d3c9a168-d701;La Esencia de las Almas de Plomo;Thalric Vance;Botánica Arcana;1965;973;4,21;42
1e626c3a-1f65;El Aliento de el Mercurio Rojo;Seraphine Crowley;Alquimia Teórica;1812;1183;3,26;31
7d994cf8-7b2b;El Aliento de la Transmutación Infinitas;Thalric Crowley;Historia de la Piedra;1990;1260;3,66;27
08b2cddb-53b5;Sombras sobre las Almas de Plomo;Isolde Crowley;Filosofía Prohibida;1968;1365;1,03;4
9e3a0dd2-ac2c;Sombras sobre el Azufre Sagrado;Aurelius Crowley;Alquimia Teórica;1592;1310;3,05;5
2de3351f-0849;Vórtice de la Quintaesencia;Isolde Sterling;Transmutación Metálica;1386;909;1,23;43
bddcfb69-36ba;Tratado de el Azufre Sagrado;Aurelius Flamel;Historia de la Piedra;1582;754;2,01;14
93c26f3b-f286;Espejos de la Quintaesencia;Aurelius Sterling;Historia de la Piedra;1665;1326;4,7;19
801708e1-3e35;Códice de la Quintaesencia;Thalric Flamel;Botánica Arcana;1529;895;3,36;43
be1bcedc-1fb7;El Enigma de el Sol Negro;Isolde Grimoire;Historia de la Piedra;1946;1132;4,27;18
b80d0231-478c;La Esencia de la Quintaesencia;Elara Nightshade;Botánica Arcana;1441;1094;1,87;31
420d0a08-45b6;Espejos de el Azufre Sagrado;Thalric Grimoire;Botánica Arcana;1643;291;3,16;26
f941dc59-07bb;La Esencia de el Mercurio Rojo;Isolde Blackwood;Transmutación Metálica;1763;877;2,96;4
0c6cd5f3-5b0f;Códice de las Almas de Plomo;Thalric Crowley;Botánica Arcana;1116;1327;1,67;29
cd4ff72c-980e;Vórtice de la Quintaesencia;Aurelius Crowley;Alquimia Teórica;1131;554;3,69;7
47528375-bd65;Tratado de la Transmutación Infinitas;Balthazar Crowley;Filosofía Prohibida;1990;176;3,04;49
ad470f0a-50fd;Sombras sobre las Almas de Plomo;Aurelius Blackwood;Historia de la Piedra;1526;1288;1,59;43
67002cfb-60be;Códice de el Mercurio Rojo;Balthazar Sterling;Alquimia Teórica;1659;1240;2,01;6
58792bff-281d;Códice de la Quintaesencia;Balthazar Blackwood;Transmutación Metálica;1359;483;2,34;37
bc04e9a5-fba9;Vórtice de la Transmutación Infinitas;Caspian Crowley;Historia de la Piedra;1677;1381;3,71;39
41df2ada-ff65;Espejos de el Azufre Sagrado;Elara Vance;Alquimia Teórica;1556;1103;1,95;15
e828935e-369b;Tratado de las Almas de Plomo;Caspian Crowley;Historia de la Piedra;1899;733;2,31;32
8bd0d4ef-2046;El Enigma de el Azufre Sagrado;Isolde Flamel;Filosofía Prohibida;1905;1349;4,76;8
0d5ebe8e-8a51;La Esencia de la Quintaesencia;Thalric Flamel;Historia de la Piedra;1704;1445;1,61;26
982eaef6-cbc9;Espejos de el Azufre Sagrado;Isolde Flamel;Filosofía Prohibida;1703;910;3,52;2
2e6b921c-9e23;Tratado de la Quintaesencia;Aurelius Blackwood;Historia de la Piedra;1301;1211;4,61;38
633815ca-ea3d;La Esencia de la Quintaesencia;Morgana Blackwood;Filosofía Prohibida;1522;376;4,03;24
b14a2fd0-4a25;Códice de las Almas de Plomo;Seraphine Vance;Botánica Arcana;1177;1207;1,87;30
14f20a63-e4f1;El Aliento de el Sol Negro;Morgana Crowley;Botánica Arcana;1953;656;1,12;41
0f722472-3f27;La Esencia de la Transmutación Infinitas;Thalric Crowley;Filosofía Prohibida;1373;1305;2,74;22
97c4dab3-8d38;Códice de el Mercurio Rojo;Seraphine Sterling;Historia de la Piedra;1370;213;1,98;19
204d1cef-3258;Códice de la Quintaesencia;Seraphine Sterling;Alquimia Teórica;1686;448;2,88;8
ceb7df10-8194;Códice de el Mercurio Rojo;Balthazar Sterling;Historia de la Piedra;1548;246;3,62;42
76b674c5-d923;Espejos de la Transmutación Infinitas;Balthazar Blackwood;Botánica Arcana;1176;678;2,98;46
aaad22b6-3577;Códice de la Quintaesencia;Aurelius Crowley;Historia de la Piedra;1935;263;2,23;41
072413ad-843e;Sombras sobre el Mercurio Rojo;Thalric Vance;Botánica Arcana;1642;892;1,55;38
fe495442-b156;Espejos de la Transmutación Infinitas;Isolde Blackwood;Alquimia Teórica;1400;187;4,78;4
db68e530-2f77;La Esencia de las Almas de Plomo;Balthazar Sterling;Botánica Arcana;1642;931;4,87;1
66548661-8a63;Tratado de el Azufre Sagrado;Isolde Grimoire;Filosofía Prohibida;1921;884;4,67;16
1b64dbd0-5eb9;Sombras sobre las Almas de Plomo;Caspian Vance;Transmutación Metálica;1643;380;3,63;39
16253030-6922;Vórtice de el Sol Negro;Balthazar Vance;Alquimia Teórica;1854;458;1,51;19
cd599fad-694f;El Aliento de la Transmutación Infinitas;Thalric Crowley;Botánica Arcana;1865;341;3,85;40
6d210baf-e204;Sombras sobre el Azufre Sagrado;Morgana Nightshade;Botánica Arcana;1561;1375;1,85;31
32d6c11e-a526;Vórtice de las Almas de Plomo;Caspian Sterling;Filosofía Prohibida;1534;1249;2,08;33
4233e976-5710;El Aliento de el Mercurio Rojo;Caspian Grimoire;Filosofía Prohibida;1701;457;2,06;39
d9bb5f2f-41c9;Sombras sobre la Quintaesencia;Thalric Crowley;Filosofía Prohibida;1431;1088;1,76;34
0fbc5804-f285;Vórtice de la Quintaesencia;Caspian Sterling;Filosofía Prohibida;1813;550;1,04;7
2c0b4cc7-d82d;Tratado de el Sol Negro;Thalric Blackwood;Historia de la Piedra;1118;758;3,58;4
43f2d1ca-a48f;Vórtice de el Azufre Sagrado;Balthazar Vance;Alquimia Teórica;1907;147;4,22;29
0adb7663-e1f0;Tratado de el Mercurio Rojo;Balthazar Nightshade;Historia de la Piedra;1323;1372;4,62;33
e8ebf24f-acd1;Vórtice de la Quintaesencia;Isolde Nightshade;Transmutación Metálica;1980;1350;3,73;28
a28b769c-4975;El Enigma de el Sol Negro;Thalric Flamel;Historia de la Piedra;1393;297;2,72;6
76e7a6f0-4c08;Tratado de el Mercurio Rojo;Seraphine Vance;Historia de la Piedra;1651;722;4,06;45
696f57a5-315f;Vórtice de el Sol Negro;Aurelius Grimoire;Botánica Arcana;1200;615;4,89;6
ba4d7012-2874;Tratado de la Quintaesencia;Elara Sterling;Alquimia Teórica;1289;191;4,11;28
c69085c6-3ee7;El Aliento de las Almas de Plomo;Caspian Blackwood;Historia de la Piedra;1191;391;2,92;18
94eeca88-1687;La Esencia de la Quintaesencia;Seraphine Flamel;Transmutación Metálica;1335;756;3,07;10
b4c77ff6-157a;Vórtice de el Sol Negro;Isolde Nightshade;Alquimia Teórica;1226;1176;1,88;21
6f29fcad-306b;Vórtice de el Sol Negro;Caspian Nightshade;Historia de la Piedra;1632;1002;3,68;35
87bf5c63-6f03;Sombras sobre el Azufre Sagrado;Elara Vance;Filosofía Prohibida;1432;604;3,98;26
9b03e124-cfc5;Vórtice de las Almas de Plomo;Seraphine Blackwood;Filosofía Prohibida;1680;428;4,61;11
0e54c64f-aad6;Tratado de el Sol Negro;Elara Sterling;Alquimia Teórica;1122;1014;2,19;21
3b8b5bd2-e9fe;Códice de el Azufre Sagrado;Thalric Blackwood;Alquimia Teórica;1741;343;4,97;33
b73794f8-d466;Vórtice de las Almas de Plomo;Aurelius Sterling;Transmutación Metálica;1957;1101;3,91;14
24586c29-ff86;El Enigma de el Mercurio Rojo;Balthazar Blackwood;Alquimia Teórica;1840;286;2,7;10
58fae0ad-8c88;Códice de el Azufre Sagrado;Morgana Sterling;Botánica Arcana;1668;276;1,07;19
b7adee5b-3292;El Aliento de las Almas de Plomo;Aurelius Vance;Botánica Arcana;1895;170;3,13;36
98f6db0e-cda8;Códice de la Quintaesencia;Thalric Grimoire;Historia de la Piedra;1101;765;2,43;12
ae5c491a-626b;El Enigma de la Transmutación Infinitas;Elara Flamel;Alquimia Teórica;1999;1133;2,39;47
20993434-0eaa;Tratado de el Mercurio Rojo;Elara Vance;Transmutación Metálica;1157;693;1,82;42
38ba2849-2af0;Sombras sobre el Mercurio Rojo;Aurelius Flamel;Historia de la Piedra;1415;779;3,85;34
38378a5e-87d5;El Enigma de el Azufre Sagrado;Thalric Blackwood;Transmutación Metálica;1341;830;3,34;43
63446222-8823;La Esencia de las Almas de Plomo;Morgana Blackwood;Historia de la Piedra;1662;1246;4,74;21
f8b6b4d1-f277;Sombras sobre el Mercurio Rojo;Elara Vance;Botánica Arcana;1233;519;4,83;9
d967c91f-2abe;Vórtice de el Sol Negro;Aurelius Grimoire;Filosofía Prohibida;1453;905;4,5;23
55bab092-9e0c;Sombras sobre la Quintaesencia;Caspian Blackwood;Filosofía Prohibida;1412;1092;1,33;31
bcafecb1-e5c8;El Enigma de las Almas de Plomo;Thalric Nightshade;Historia de la Piedra;1915;457;4,34;28
926276d4-4110;Vórtice de la Quintaesencia;Seraphine Vance;Filosofía Prohibida;1362;243;1,68;27
78872811-3964;Espejos de las Almas de Plomo;Seraphine Vance;Botánica Arcana;1452;1236;4,8;19
2fbe6731-c57b;La Esencia de las Almas de Plomo;Aurelius Crowley;Transmutación Metálica;1448;577;4,46;40
aa11c4d3-677d;El Aliento de la Transmutación Infinitas;Isolde Sterling;Alquimia Teórica;1993;653;4,49;30
20e4091d-19b9;Códice de el Azufre Sagrado;Elara Crowley;Alquimia Teórica;1449;867;3,91;9
820fcc12-744d;Espejos de la Transmutación Infinitas;Seraphine Flamel;Filosofía Prohibida;1292;1203;2,21;7
d7181f5c-d1ca;El Enigma de el Azufre Sagrado;Elara Nightshade;Filosofía Prohibida;1603;894;1,11;8
472af829-e2e5;Códice de el Sol Negro;Caspian Flamel;Filosofía Prohibida;1915;674;1,74;25
1b65a267-ad72;El Enigma de el Azufre Sagrado;Thalric Crowley;Historia de la Piedra;1768;747;3,96;1
7cde2864-33aa;Vórtice de el Mercurio Rojo;Thalric Sterling;Filosofía Prohibida;1118;1489;4,17;49
9035ac7e-9327;El Aliento de la Quintaesencia;Balthazar Vance;Historia de la Piedra;1770;763;4,54;44
29116a40-e760;La Esencia de la Quintaesencia;Caspian Vance;Botánica Arcana;1136;1165;1,9;44
dfbfbddc-8d8d;La Esencia de el Sol Negro;Caspian Crowley;Alquimia Teórica;1348;471;4,73;16
5a11f4ba-b778;Sombras sobre las Almas de Plomo;Balthazar Flamel;Alquimia Teórica;1670;1097;3,11;50
8f4ea8b3-ac9a;Sombras sobre el Mercurio Rojo;Thalric Nightshade;Historia de la Piedra;1913;804;3,26;37
751f4376-aa22;Vórtice de el Sol Negro;Isolde Nightshade;Transmutación Metálica;1797;363;2,52;19
94794519-accc;El Enigma de el Sol Negro;Morgana Grimoire;Botánica Arcana;1184;701;3,16;44
938829d2-f6ad;Tratado de las Almas de Plomo;Seraphine Blackwood;Botánica Arcana;1299;858;4;28
0988906a-c67e;Espejos de la Quintaesencia;Caspian Sterling;Filosofía Prohibida;1805;504;4,92;29
3d0f4181-58b9;La Esencia de el Sol Negro;Seraphine Crowley;Transmutación Metálica;1514;608;4,92;4
80ea5a36-b394;Espejos de la Transmutación Infinitas;Isolde Nightshade;Alquimia Teórica;1393;448;1,23;9
0032fc7e-f6a1;El Enigma de el Azufre Sagrado;Thalric Sterling;Transmutación Metálica;1703;853;4,48;0
d8e21b9f-6af9;Códice de el Mercurio Rojo;Caspian Nightshade;Historia de la Piedra;1946;729;1,18;25
61ff8acb-d83f;La Esencia de la Transmutación Infinitas;Aurelius Flamel;Filosofía Prohibida;1247;1380;2,47;27
032c1e13-c814;La Esencia de el Sol Negro;Thalric Vance;Alquimia Teórica;1586;817;1,75;7
1fc71c61-f5b3;Espejos de el Azufre Sagrado;Thalric Nightshade;Botánica Arcana;1427;1015;2,42;25
fe071930-9f0d;Vórtice de las Almas de Plomo;Elara Grimoire;Filosofía Prohibida;1553;568;1,88;33
fc9ac78e-805f;Vórtice de la Transmutación Infinitas;Elara Flamel;Historia de la Piedra;1650;497;2,22;10
2b1167b1-6d29;El Enigma de la Transmutación Infinitas;Seraphine Crowley;Botánica Arcana;1157;806;2,63;1
b9179582-be05;Vórtice de el Azufre Sagrado;Elara Crowley;Botánica Arcana;1613;427;4,77;39
1f978626-831a;Sombras sobre el Mercurio Rojo;Thalric Nightshade;Alquimia Teórica;1808;981;2,04;4
88e6caea-a4d4;Códice de la Quintaesencia;Thalric Grimoire;Filosofía Prohibida;1936;325;3,67;11
aea9bef1-106e;Vórtice de el Mercurio Rojo;Aurelius Vance;Alquimia Teórica;1929;725;3,8;37
6e9d9756-e98f;El Aliento de el Sol Negro;Balthazar Crowley;Filosofía Prohibida;1418;1056;1,45;50
29932b07-07ef;El Enigma de el Mercurio Rojo;Caspian Grimoire;Filosofía Prohibida;1834;535;3,05;4
31a209e3-c6c0;Vórtice de el Azufre Sagrado;Thalric Flamel;Alquimia Teórica;1643;1496;3,25;6
1187a660-017a;Sombras sobre el Azufre Sagrado;Caspian Flamel;Alquimia Teórica;1860;634;2,24;18
e422b03f-f26d;El Enigma de las Almas de Plomo;Seraphine Grimoire;Botánica Arcana;1612;798;4,62;19
61d24972-db40;La Esencia de el Sol Negro;Morgana Nightshade;Transmutación Metálica;1356;888;1,52;42
86774813-a240;Códice de la Quintaesencia;Thalric Vance;Filosofía Prohibida;1370;651;1,43;48
44abe9f2-6ccf;Sombras sobre el Mercurio Rojo;Aurelius Nightshade;Alquimia Teórica;1573;170;4,12;37
a71c8fd8-b38c;El Aliento de las Almas de Plomo;Balthazar Grimoire;Transmutación Metálica;1824;747;4,77;2
527ef896-fb59;El Enigma de la Transmutación Infinitas;Isolde Crowley;Transmutación Metálica;1784;621;3,65;18
4f532921-6617;Códice de el Mercurio Rojo;Balthazar Vance;Historia de la Piedra;1186;612;2,08;32
99b69ff7-0dfe;Códice de el Sol Negro;Isolde Blackwood;Alquimia Teórica;1190;1193;2,11;37
5018d1f4-066a;Sombras sobre el Mercurio Rojo;Seraphine Grimoire;Filosofía Prohibida;1732;815;1,27;11
575b4829-2aa4;El Enigma de las Almas de Plomo;Caspian Flamel;Alquimia Teórica;1772;1230;3,75;35
97c0e6b9-9138;La Esencia de la Transmutación Infinitas;Isolde Crowley;Alquimia Teórica;1104;549;3,57;8
d7166005-dd72;El Aliento de la Transmutación Infinitas;Isolde Vance;Botánica Arcana;1875;1303;1,36;4
0f1e1e3b-3fc4;Tratado de la Quintaesencia;Thalric Nightshade;Filosofía Prohibida;1291;352;2,87;6
45f71d88-135a;El Aliento de las Almas de Plomo;Elara Sterling;Filosofía Prohibida;1744;727;3,67;30
b78b50e6-5f91;Tratado de las Almas de Plomo;Isolde Flamel;Transmutación Metálica;1113;1277;2,31;16
5ce46112-5cfa;Códice de la Quintaesencia;Seraphine Vance;Transmutación Metálica;1979;1096;2,05;9
a1766b85-f480;Sombras sobre la Transmutación Infinitas;Caspian Vance;Transmutación Metálica;1581;974;4,36;18
a1f84119-1bf4;El Enigma de el Azufre Sagrado;Caspian Flamel;Historia de la Piedra;1969;287;1,86;35
c4dfc4bc-e8be;La Esencia de las Almas de Plomo;Isolde Blackwood;Historia de la Piedra;1525;1368;2,55;6
2cee23f3-0210;Sombras sobre el Sol Negro;Morgana Grimoire;Alquimia Teórica;1938;1281;3,62;6
bf5525c8-ca36;Vórtice de el Azufre Sagrado;Balthazar Crowley;Alquimia Teórica;1233;1498;2,18;10
cbd72c33-5738;Códice de la Quintaesencia;Isolde Flamel;Historia de la Piedra;1594;747;1,09;24
afee6e88-c442;Tratado de el Sol Negro;Morgana Nightshade;Filosofía Prohibida;1574;809;3,99;23
8a58097e-2286;Sombras sobre la Transmutación Infinitas;Thalric Nightshade;Botánica Arcana;1672;775;4,33;47
8f5c99ae-9c64;Códice de el Azufre Sagrado;Thalric Sterling;Botánica Arcana;1403;539;3,66;41
1f9d44e0-6398;La Esencia de la Transmutación Infinitas;Aurelius Nightshade;Alquimia Teórica;1765;1448;3,77;15
143f59cf-cb98;Vórtice de el Azufre Sagrado;Caspian Nightshade;Filosofía Prohibida;1853;646;2,95;39
85db8540-247a;Tratado de el Mercurio Rojo;Aurelius Nightshade;Alquimia Teórica;1346;949;1,64;6
8c9b9b0a-f3e3;La Esencia de la Transmutación Infinitas;Morgana Crowley;Botánica Arcana;1622;1248;2,06;49
81b4e478-b857;Espejos de las Almas de Plomo;Balthazar Blackwood;Filosofía Prohibida;1246;792;1,36;33
879d63c3-b2d3;El Aliento de el Azufre Sagrado;Morgana Sterling;Transmutación Metálica;1424;856;4,21;5
9c6a4cfc-ca74;El Enigma de el Sol Negro;Caspian Flamel;Transmutación Metálica;1273;1142;1,21;16
0ec76e94-30eb;Sombras sobre las Almas de Plomo;Thalric Grimoire;Alquimia Teórica;1204;330;2,57;16
459b5035-0630;La Esencia de la Quintaesencia;Morgana Flamel;Transmutación Metálica;1942;1317;3,22;4
1204b47c-3128;El Enigma de la Quintaesencia;Thalric Crowley;Alquimia Teórica;1201;1351;1,67;21
2d37b03c-6e4b;El Enigma de la Quintaesencia;Seraphine Nightshade;Transmutación Metálica;1520;1263;4,91;50
8a5fa6b8-13fa;La Esencia de la Transmutación Infinitas;Aurelius Sterling;Transmutación Metálica;1282;322;4,13;26
936cf466-c5f4;Vórtice de el Sol Negro;Thalric Flamel;Botánica Arcana;1975;948;1,26;23
393272da-3b71;Espejos de las Almas de Plomo;Morgana Vance;Historia de la Piedra;1797;1098;3,33;34
39319d00-6879;Vórtice de el Sol Negro;Balthazar Flamel;Alquimia Teórica;1830;909;1,16;14
89cf6d27-ae16;Sombras sobre la Transmutación Infinitas;Thalric Blackwood;Historia de la Piedra;1536;1004;4,2;45
a06513b6-1524;Vórtice de las Almas de Plomo;Isolde Sterling;Transmutación Metálica;1788;741;2,03;47
a2dbbfae-2782;La Esencia de las Almas de Plomo;Caspian Crowley;Alquimia Teórica;1207;356;2,75;39
ab4712e9-ea8f;Códice de el Azufre Sagrado;Thalric Crowley;Historia de la Piedra;1675;1180;2,18;38
56ed2341-efc2;El Enigma de el Sol Negro;Caspian Blackwood;Alquimia Teórica;1625;904;2,59;2
63f6c1af-f9e5;Vórtice de las Almas de Plomo;Aurelius Grimoire;Botánica Arcana;1649;1122;2,58;41
891d9103-bb1b;El Enigma de las Almas de Plomo;Thalric Vance;Transmutación Metálica;1888;644;1,67;21
de607139-2a8c;El Aliento de la Transmutación Infinitas;Elara Grimoire;Botánica Arcana;1390;721;1,09;2
21020780-d284;La Esencia de el Sol Negro;Isolde Grimoire;Filosofía Prohibida;1173;976;4,09;10
800916d9-b85b;El Enigma de las Almas de Plomo;Caspian Flamel;Filosofía Prohibida;2004;86;2,98;7
5d8ab535-debf;Espejos de el Mercurio Rojo;Isolde Vance;Filosofía Prohibida;2011;1367;3,59;35
c694980f-1fdd;Vórtice de el Sol Negro;Elara Vance;Historia de la Piedra;1720;1234;4,7;39
60d148ba-f186;Espejos de el Sol Negro;Isolde Grimoire;Botánica Arcana;1684;186;4,59;0
65baba61-f9fd;La Esencia de la Transmutación Infinitas;Thalric Sterling;Transmutación Metálica;1981;472;4,16;22
25d09832-9b00;Tratado de la Transmutación Infinitas;Aurelius Sterling;Transmutación Metálica;1841;958;1,76;4
2592c868-d802;El Enigma de las Almas de Plomo;Elara Vance;Transmutación Metálica;1857;686;3,95;26
ddee9b68-946b;Espejos de el Azufre Sagrado;Aurelius Nightshade;Historia de la Piedra;1420;99;4,88;8
db3149cc-a29c;Sombras sobre la Quintaesencia;Seraphine Blackwood;Historia de la Piedra;1282;1315;4,31;33
8ff50448-f847;Espejos de el Sol Negro;Seraphine Sterling;Transmutación Metálica;1838;1079;2,7;15
d330aefb-ce6d;Sombras sobre las Almas de Plomo;Elara Flamel;Alquimia Teórica;1390;561;2,14;25
2619b3f5-d906;Tratado de la Transmutación Infinitas;Caspian Vance;Botánica Arcana;1472;1247;4,25;2
059fc121-cc54;El Aliento de la Transmutación Infinitas;Thalric Vance;Historia de la Piedra;1555;246;3,73;21
d8923761-a7e9;Tratado de el Mercurio Rojo;Seraphine Flamel;Historia de la Piedra;1438;536;3,39;28
412058b1-dfd5;Tratado de el Mercurio Rojo;Seraphine Crowley;Historia de la Piedra;1853;659;3,56;26
789c762d-eb33;Sombras sobre la Quintaesencia;Elara Blackwood;Alquimia Teórica;1926;1448;3,62;16
ccca4484-7963;Vórtice de la Transmutación Infinitas;Aurelius Nightshade;Historia de la Piedra;1250;1261;1,78;9
f8b2b8ac-f0b6;El Aliento de el Azufre Sagrado;Thalric Nightshade;Alquimia Teórica;1640;1133;1,04;28
d14d9559-d12f;Sombras sobre la Quintaesencia;Caspian Nightshade;Historia de la Piedra;1396;565;3,48;26
1f63e9bf-9ed3;El Aliento de el Mercurio Rojo;Elara Grimoire;Transmutación Metálica;1121;923;3,97;29
7d797b59-1802;Sombras sobre el Mercurio Rojo;Balthazar Nightshade;Historia de la Piedra;1774;1075;1,64;8
c57a9342-0857;Tratado de la Quintaesencia;Aurelius Blackwood;Historia de la Piedra;1348;1463;4,07;22
825101c5-c011;Tratado de el Sol Negro;Caspian Flamel;Filosofía Prohibida;1614;1461;1,64;0
3ad819ff-e0ad;Sombras sobre el Azufre Sagrado;Aurelius Blackwood;Alquimia Teórica;1641;920;4,61;17
3f12fb2f-c005;El Enigma de el Sol Negro;Caspian Sterling;Transmutación Metálica;1462;907;2,64;27
3cb6c339-ca9a;El Aliento de las Almas de Plomo;Thalric Sterling;Filosofía Prohibida;1340;1055;3,56;23
cbb293ea-b9ae;Códice de la Quintaesencia;Isolde Grimoire;Filosofía Prohibida;1762;1248;4,27;3
16f4a464-dcd5;Tratado de el Azufre Sagrado;Isolde Sterling;Transmutación Metálica;1236;1372;4,46;45
88f52524-b912;Sombras sobre la Transmutación Infinitas;Balthazar Vance;Botánica Arcana;1391;259;2,26;6
410039ed-3f41;El Enigma de el Mercurio Rojo;Caspian Crowley;Botánica Arcana;1533;961;2,86;30
4eeea14e-5825;Vórtice de el Sol Negro;Isolde Nightshade;Filosofía Prohibida;1597;694;2,56;47
40c06ba9-e88d;Espejos de las Almas de Plomo;Caspian Grimoire;Botánica Arcana;2016;848;1,45;22
5c6c1866-739f;Espejos de el Mercurio Rojo;Elara Grimoire;Historia de la Piedra;1418;579;4,56;18
c7f34eeb-9487;La Esencia de las Almas de Plomo;Isolde Crowley;Transmutación Metálica;1595;580;1,12;1
93eb5fe8-ff21;Códice de el Sol Negro;Morgana Sterling;Historia de la Piedra;1243;1269;3,69;30
21d10e7f-6fad;Vórtice de el Azufre Sagrado;Seraphine Nightshade;Transmutación Metálica;1820;1470;4,79;1
d14239c5-a506;El Aliento de la Transmutación Infinitas;Aurelius Sterling;Historia de la Piedra;1839;97;4,75;43
44599226-8ca9;Tratado de el Mercurio Rojo;Seraphine Blackwood;Transmutación Metálica;1922;855;4,25;28
69ad3bd7-c401;Vórtice de las Almas de Plomo;Caspian Crowley;Filosofía Prohibida;1646;1177;3,54;28
8d6bb040-d895;El Enigma de el Mercurio Rojo;Elara Grimoire;Historia de la Piedra;2004;1449;3,78;3
6f80e2b8-11b5;El Aliento de la Quintaesencia;Balthazar Vance;Transmutación Metálica;1341;1035;1,34;19
46a158f2-0afc;El Enigma de el Azufre Sagrado;Isolde Blackwood;Filosofía Prohibida;1609;439;2,72;9
ff33c63e-b3b3;El Aliento de el Sol Negro;Aurelius Blackwood;Alquimia Teórica;1202;530;2,28;7
36c363b7-1564;Códice de el Mercurio Rojo;Thalric Flamel;Botánica Arcana;1151;612;1,36;16
ed3b8ce2-953a;Tratado de la Transmutación Infinitas;Aurelius Flamel;Alquimia Teórica;1192;192;2,84;31
fd695020-a3a2;El Enigma de el Sol Negro;Isolde Vance;Botánica Arcana;1543;328;2,74;16
104f7a4a-23ca;Espejos de las Almas de Plomo;Caspian Nightshade;Alquimia Teórica;1569;1338;4,68;49
0f539154-e1d8;Espejos de la Transmutación Infinitas;Morgana Grimoire;Historia de la Piedra;1457;821;3,45;30
a6ecde22-fbdf;El Enigma de la Quintaesencia;Caspian Grimoire;Filosofía Prohibida;1520;1107;2,43;32
a03002dd-c585;Espejos de la Quintaesencia;Seraphine Grimoire;Transmutación Metálica;1464;849;2,77;29
7dffb3cd-e057;Espejos de la Transmutación Infinitas;Aurelius Vance;Transmutación Metálica;2002;1068;1,56;18
487063f7-5a57;Códice de el Azufre Sagrado;Balthazar Sterling;Transmutación Metálica;1807;1146;4,96;29
c77d8b77-2a4d;Espejos de la Quintaesencia;Caspian Grimoire;Historia de la Piedra;1566;1035;3,58;24
30196c9c-36ec;Sombras sobre el Azufre Sagrado;Elara Grimoire;Transmutación Metálica;1900;220;1,96;50
fbb92aae-c3b7;Vórtice de el Sol Negro;Morgana Grimoire;Alquimia Teórica;1493;927;1,81;27
09853608-e815;Espejos de el Sol Negro;Thalric Grimoire;Historia de la Piedra;2011;498;3,75;39
ab24ef90-96ec;El Enigma de la Quintaesencia;Balthazar Flamel;Alquimia Teórica;1472;1092;1,36;48
73d10203-3a89;La Esencia de la Transmutación Infinitas;Caspian Grimoire;Transmutación Metálica;1257;930;3,86;36
4977046f-051f;La Esencia de la Quintaesencia;Balthazar Sterling;Botánica Arcana;1899;809;2,83;37
57bf5d04-622c;Vórtice de las Almas de Plomo;Caspian Grimoire;Filosofía Prohibida;1254;932;4,06;41
7e4f19a3-8aae;Sombras sobre la Transmutación Infinitas;Thalric Grimoire;Historia de la Piedra;1517;781;1,12;35
59384dc7-d5d6;Vórtice de el Sol Negro;Seraphine Flamel;Botánica Arcana;1535;1398;4,92;46
d4d3059e-a72f;Espejos de la Quintaesencia;Thalric Crowley;Filosofía Prohibida;1402;504;3,59;3
00280847-dbba;El Enigma de la Quintaesencia;Caspian Sterling;Filosofía Prohibida;1332;709;1,29;8
240ab5c3-59cf;Espejos de el Mercurio Rojo;Aurelius Crowley;Historia de la Piedra;1410;1150;4,86;45
0f26b6a4-8084;Espejos de la Quintaesencia;Thalric Grimoire;Filosofía Prohibida;1613;1098;1,73;1
a0351f76-db19;La Esencia de la Quintaesencia;Elara Flamel;Transmutación Metálica;1284;770;4,74;23
7133e53e-2f7e;Tratado de el Azufre Sagrado;Elara Vance;Alquimia Teórica;1869;1385;4,7;26
786a41fe-36d7;La Esencia de el Mercurio Rojo;Caspian Blackwood;Historia de la Piedra;1882;372;2,5;28
7846b5b1-87f7;Vórtice de el Azufre Sagrado;Morgana Blackwood;Filosofía Prohibida;1671;358;2,14;1
2dc8f437-bdb6;La Esencia de el Sol Negro;Aurelius Vance;Historia de la Piedra;1383;970;3;47
224f5945-6307;La Esencia de las Almas de Plomo;Aurelius Flamel;Alquimia Teórica;1114;591;4,91;8
7a0fbb67-22fc;El Enigma de el Mercurio Rojo;Seraphine Flamel;Historia de la Piedra;1648;106;3,2;47
f562b2f1-3458;Códice de el Mercurio Rojo;Elara Flamel;Filosofía Prohibida;1984;663;3,13;11
f6b1fc2c-7f7d;Códice de el Sol Negro;Thalric Grimoire;Historia de la Piedra;1552;401;1,4;14
ce70a546-cd39;Tratado de el Sol Negro;Isolde Blackwood;Filosofía Prohibida;1778;1478;2,98;38
7a3985ec-25aa;Vórtice de las Almas de Plomo;Aurelius Vance;Transmutación Metálica;1899;498;2,63;0
ecadd237-e455;La Esencia de el Azufre Sagrado;Elara Vance;Alquimia Teórica;1986;798;3,97;20
67cf9839-d6dc;Códice de el Mercurio Rojo;Balthazar Grimoire;Botánica Arcana;1915;945;3,51;48
3f388aaa-e549;Vórtice de el Sol Negro;Isolde Sterling;Filosofía Prohibida;1674;438;3,01;35
4b6df455-312f;Vórtice de la Transmutación Infinitas;Thalric Blackwood;Historia de la Piedra;1502;1300;4,51;36
d0ef96a4-beb9;Tratado de las Almas de Plomo;Morgana Nightshade;Filosofía Prohibida;1514;893;4,51;30
17ad1b35-8ded;El Enigma de las Almas de Plomo;Balthazar Sterling;Transmutación Metálica;1682;1281;1,69;48
553eff46-5137;Sombras sobre el Mercurio Rojo;Seraphine Nightshade;Historia de la Piedra;1475;245;4,52;23
a8a48082-5016;Tratado de la Transmutación Infinitas;Caspian Crowley;Alquimia Teórica;1295;1018;4,97;33
67c051c1-2948;Sombras sobre la Transmutación Infinitas;Elara Vance;Transmutación Metálica;1402;300;2,38;46
3916b6f2-c043;Sombras sobre la Transmutación Infinitas;Aurelius Crowley;Transmutación Metálica;1926;973;2,64;25
0b0576cd-aad8;El Aliento de el Azufre Sagrado;Seraphine Grimoire;Alquimia Teórica;1195;853;2,23;47
79512dbb-4da9;Tratado de las Almas de Plomo;Caspian Nightshade;Alquimia Teórica;1162;387;3,33;19
a6011122-214d;La Esencia de el Mercurio Rojo;Caspian Blackwood;Historia de la Piedra;1398;1091;2,8;16
0ee55cc9-f654;Espejos de el Sol Negro;Morgana Sterling;Transmutación Metálica;1491;96;4,93;8
2d000e52-b775;Sombras sobre la Quintaesencia;Morgana Sterling;Alquimia Teórica;1963;354;2,08;2
465102e3-1e45;Tratado de la Quintaesencia;Balthazar Blackwood;Transmutación Metálica;1878;1350;3,54;34
0de91594-e00e;Sombras sobre el Sol Negro;Thalric Flamel;Historia de la Piedra;1183;433;1,44;49
43f6e48d-f886;Códice de las Almas de Plomo;Aurelius Nightshade;Transmutación Metálica;1610;367;4,97;8
00816bb1-a428;El Enigma de la Transmutación Infinitas;Elara Vance;Historia de la Piedra;1978;267;4,48;5
0a760dd7-40fc;La Esencia de el Azufre Sagrado;Caspian Blackwood;Botánica Arcana;1484;1420;4,47;20
83a3edbb-6904;Vórtice de la Quintaesencia;Isolde Sterling;Transmutación Metálica;1697;723;4,54;35
9331c850-f39d;Códice de el Sol Negro;Thalric Flamel;Transmutación Metálica;1412;154;1,12;45
3defdcae-3e0d;Sombras sobre el Mercurio Rojo;Balthazar Sterling;Transmutación Metálica;1253;1053;3,19;25
c4e3cc34-e0c9;Sombras sobre las Almas de Plomo;Balthazar Grimoire;Botánica Arcana;1400;643;4,83;9
7f2a2628-480c;Sombras sobre las Almas de Plomo;Morgana Grimoire;Filosofía Prohibida;1648;263;4,54;9
330bd4de-e2f8;Tratado de la Quintaesencia;Aurelius Flamel;Historia de la Piedra;2009;1078;4,46;25
1476fa09-fd95;Espejos de las Almas de Plomo;Caspian Grimoire;Botánica Arcana;1393;1257;2,78;39
f80d21d0-1fc0;Códice de el Sol Negro;Caspian Flamel;Alquimia Teórica;1578;524;1,23;21
40ca0bdd-1ae9;Sombras sobre el Mercurio Rojo;Isolde Crowley;Alquimia Teórica;1788;332;4,72;2
cef98868-f17b;El Enigma de la Transmutación Infinitas;Balthazar Grimoire;Historia de la Piedra;1540;1326;3,22;1
16889d0f-fea1;Sombras sobre la Transmutación Infinitas;Aurelius Flamel;Botánica Arcana;1138;1196;4,4;11
3c8a2417-d701;Espejos de el Mercurio Rojo;Elara Sterling;Alquimia Teórica;1125;1114;1,18;42
d791732e-617f;El Aliento de la Transmutación Infinitas;Aurelius Crowley;Alquimia Teórica;1742;1240;4,51;23
a396800e-cd3a;Vórtice de la Transmutación Infinitas;Thalric Blackwood;Botánica Arcana;1115;448;4,09;23
79197d6e-d4d6;Tratado de el Sol Negro;Morgana Vance;Alquimia Teórica;1771;818;3,27;0
f23f06cf-b09b;La Esencia de el Sol Negro;Balthazar Grimoire;Alquimia Teórica;1783;596;2,16;37
5d2fc074-43c6;Sombras sobre el Mercurio Rojo;Morgana Vance;Botánica Arcana;1795;1043;1,04;36
5e23e059-f30e;Vórtice de el Azufre Sagrado;Seraphine Crowley;Botánica Arcana;1982;85;2,41;21
71a80383-3ea1;El Aliento de la Quintaesencia;Elara Flamel;Historia de la Piedra;1627;876;3,02;19
9655e839-591a;Tratado de el Azufre Sagrado;Isolde Flamel;Botánica Arcana;1477;1034;3,78;44
1de8f841-70fd;Tratado de el Sol Negro;Balthazar Grimoire;Transmutación Metálica;1612;183;3,32;41
210afc3b-f0bf;Sombras sobre la Transmutación Infinitas;Thalric Blackwood;Transmutación Metálica;1516;134;4,9;47
7ced92f9-6268;El Enigma de el Mercurio Rojo;Morgana Nightshade;Filosofía Prohibida;1484;1180;1,31;43
c3235218-df82;Sombras sobre la Transmutación Infinitas;Seraphine Flamel;Filosofía Prohibida;1976;714;2,83;9
00d4b56c-09d6;El Enigma de el Sol Negro;Balthazar Flamel;Alquimia Teórica;1499;1495;5;33
915ac502-ed24;Vórtice de las Almas de Plomo;Morgana Flamel;Historia de la Piedra;1106;1036;1,63;24
9b82f36b-3a9a;Tratado de el Azufre Sagrado;Balthazar Crowley;Historia de la Piedra;1229;983;2,49;44
c36456ba-be48;Tratado de el Mercurio Rojo;Thalric Flamel;Alquimia Teórica;2007;543;1,72;7
c290d374-a080;Vórtice de las Almas de Plomo;Elara Nightshade;Historia de la Piedra;1882;1213;4,06;20
85e3b760-96a9;Códice de el Sol Negro;Seraphine Nightshade;Botánica Arcana;1788;848;3,63;42
0ff1e903-f3db;Tratado de las Almas de Plomo;Caspian Sterling;Filosofía Prohibida;1576;424;1,36;5
875a9ab1-6520;El Enigma de la Quintaesencia;Balthazar Grimoire;Alquimia Teórica;1635;1365;4,92;48
44ca6070-d014;Sombras sobre el Sol Negro;Balthazar Sterling;Filosofía Prohibida;1184;284;3,69;41
f30d78c7-0baa;Espejos de las Almas de Plomo;Isolde Vance;Botánica Arcana;1605;729;4,77;0
4a00f457-ac46;El Aliento de la Quintaesencia;Aurelius Nightshade;Transmutación Metálica;1207;173;4,51;21
4f743505-6787;Vórtice de las Almas de Plomo;Balthazar Vance;Alquimia Teórica;1205;512;3,92;41
4a5c5305-2434;Tratado de las Almas de Plomo;Elara Blackwood;Botánica Arcana;1762;216;2,52;7
e080c1ac-b243;Espejos de la Quintaesencia;Seraphine Flamel;Historia de la Piedra;1785;580;3,14;36
36f20b1f-5004;El Enigma de el Sol Negro;Balthazar Blackwood;Botánica Arcana;1586;364;4,75;36
4d5c781e-ff6e;El Aliento de el Sol Negro;Morgana Sterling;Alquimia Teórica;1114;1036;1,25;32
a5bfb29d-4069;El Enigma de la Quintaesencia;Caspian Flamel;Alquimia Teórica;1980;335;2,7;50
f01fb7f5-09e5;El Aliento de el Azufre Sagrado;Morgana Flamel;Historia de la Piedra;1457;1053;1,53;3
369dac7d-a2ad;Tratado de el Mercurio Rojo;Caspian Flamel;Filosofía Prohibida;1411;396;2,97;38
aec45d0b-2bc6;Códice de el Azufre Sagrado;Isolde Vance;Historia de la Piedra;1517;309;4,73;3
85427ea3-62ec;Vórtice de el Azufre Sagrado;Morgana Sterling;Botánica Arcana;1396;694;4,6;49
14886377-d59d;El Enigma de la Quintaesencia;Thalric Grimoire;Filosofía Prohibida;1839;426;3,32;39
eee1f2b9-c80c;Vórtice de el Azufre Sagrado;Aurelius Crowley;Alquimia Teórica;1932;910;2,15;38
ca97b5e1-9da3;Vórtice de la Transmutación Infinitas;Seraphine Crowley;Botánica Arcana;1756;1461;4,55;39
352d73ab-4a0c;Vórtice de la Quintaesencia;Isolde Vance;Botánica Arcana;1484;166;1,36;50
d6d180d9-ffca;Sombras sobre la Transmutación Infinitas;Caspian Nightshade;Alquimia Teórica;1318;1333;3,68;33
c57c15d7-403b;El Aliento de el Azufre Sagrado;Thalric Vance;Historia de la Piedra;1524;139;4,35;17
fa1c2bd2-23f2;Vórtice de la Quintaesencia;Seraphine Crowley;Botánica Arcana;1510;522;3,44;7
91f3156b-164f;Sombras sobre la Transmutación Infinitas;Aurelius Blackwood;Transmutación Metálica;1172;1289;2,35;20
722a7ba9-265a;El Aliento de las Almas de Plomo;Isolde Vance;Transmutación Metálica;1487;1140;3,22;38
e581e87a-5338;El Aliento de el Mercurio Rojo;Aurelius Blackwood;Botánica Arcana;1835;783;1,12;17
2001713f-b896;Sombras sobre las Almas de Plomo;Elara Blackwood;Alquimia Teórica;1309;864;4,19;8
cc9035e8-c35b;Tratado de el Sol Negro;Morgana Vance;Transmutación Metálica;2016;1312;2,26;7
7604d7c4-5086;Espejos de las Almas de Plomo;Elara Sterling;Transmutación Metálica;1546;651;4,91;16
7f493bb5-a016;El Aliento de las Almas de Plomo;Thalric Grimoire;Botánica Arcana;1978;1200;1,06;14
a07383b4-46be;Vórtice de la Transmutación Infinitas;Seraphine Crowley;Botánica Arcana;1635;777;4,76;23
45f8e56d-ea66;Vórtice de el Mercurio Rojo;Caspian Flamel;Transmutación Metálica;1985;1201;2,29;10
3d938a1c-f812;Sombras sobre el Sol Negro;Balthazar Blackwood;Botánica Arcana;1111;137;3,93;37
9a87a0ca-96d0;Espejos de la Transmutación Infinitas;Aurelius Flamel;Transmutación Metálica;1885;1083;3,67;22
ffe77af9-9cc3;Códice de el Azufre Sagrado;Balthazar Sterling;Alquimia Teórica;1997;964;4,07;42
29b760ed-4658;Sombras sobre el Azufre Sagrado;Caspian Nightshade;Historia de la Piedra;1932;1275;2,14;18
6dad3b85-313e;Códice de la Quintaesencia;Isolde Flamel;Botánica Arcana;1531;1470;4,13;33
61ff78ab-3c4d;El Aliento de el Sol Negro;Caspian Blackwood;Alquimia Teórica;1309;182;1,44;38
e7a15ca3-3cad;Códice de el Sol Negro;Morgana Flamel;Alquimia Teórica;2000;219;2;4
c5481f93-2975;Vórtice de la Transmutación Infinitas;Isolde Blackwood;Botánica Arcana;1832;1460;3,72;5
f31b89bd-21d8;Tratado de el Azufre Sagrado;Caspian Sterling;Transmutación Metálica;1989;528;3,46;4
4ebbf7f2-a386;Tratado de el Azufre Sagrado;Caspian Grimoire;Filosofía Prohibida;1351;110;1,6;33
853acf1d-e3c3;El Aliento de la Transmutación Infinitas;Isolde Grimoire;Transmutación Metálica;1541;1058;1,7;33
28223333-1d67;Vórtice de las Almas de Plomo;Seraphine Grimoire;Transmutación Metálica;1341;320;2,55;30
d0918631-fe68;El Aliento de la Transmutación Infinitas;Aurelius Grimoire;Transmutación Metálica;1366;456;2,49;44
b6956585-76f8;La Esencia de el Sol Negro;Aurelius Grimoire;Botánica Arcana;1452;1241;1,46;3
4ddca31a-7e9c;Códice de la Quintaesencia;Thalric Grimoire;Botánica Arcana;1359;1334;1,68;34
15e975b3-7487;Espejos de la Quintaesencia;Elara Nightshade;Historia de la Piedra;1895;815;4,96;19
44c30dd8-5c8a;La Esencia de el Sol Negro;Balthazar Grimoire;Filosofía Prohibida;1358;1341;3,75;43
6f2c798a-7837;El Enigma de el Azufre Sagrado;Morgana Vance;Filosofía Prohibida;1431;305;4,37;14
be378003-7f6b;El Enigma de las Almas de Plomo;Aurelius Sterling;Filosofía Prohibida;1386;752;1,15;33
d71e6555-f75a;La Esencia de las Almas de Plomo;Thalric Nightshade;Filosofía Prohibida;1282;462;3,04;32
81ca691a-2aa3;Tratado de la Transmutación Infinitas;Thalric Flamel;Transmutación Metálica;1145;848;1,55;24
da5b1190-b8aa;La Esencia de el Azufre Sagrado;Aurelius Vance;Botánica Arcana;2009;414;4,39;48
6480c409-1eb7;Espejos de el Mercurio Rojo;Elara Nightshade;Transmutación Metálica;1265;979;4,64;35
c2c4f17a-e4d3;Códice de el Sol Negro;Thalric Grimoire;Alquimia Teórica;1836;1392;3,31;19
5e96055b-a8fd;Códice de el Azufre Sagrado;Aurelius Blackwood;Historia de la Piedra;1157;635;1,12;24
0cb89278-f893;La Esencia de la Transmutación Infinitas;Elara Sterling;Historia de la Piedra;1576;1394;1,16;20
9e80c13d-75d9;El Aliento de el Sol Negro;Aurelius Flamel;Transmutación Metálica;1437;108;1,1;6
881b7fec-7b68;El Enigma de la Transmutación Infinitas;Aurelius Flamel;Transmutación Metálica;1470;943;3,38;39
68842418-a673;La Esencia de la Quintaesencia;Isolde Flamel;Botánica Arcana;1491;767;3,54;19
9e9e2b91-53bd;La Esencia de la Transmutación Infinitas;Aurelius Grimoire;Historia de la Piedra;1108;1174;1,21;1
8303d286-b11b;El Aliento de el Mercurio Rojo;Aurelius Vance;Alquimia Teórica;1269;97;2,88;1
dbd7651c-f43d;Vórtice de el Azufre Sagrado;Isolde Nightshade;Transmutación Metálica;1547;631;3,6;35
5c749f00-0ed0;El Enigma de el Mercurio Rojo;Elara Nightshade;Historia de la Piedra;1551;1091;1,48;35
920cadeb-3a98;El Enigma de las Almas de Plomo;Aurelius Grimoire;Botánica Arcana;1620;1172;2,79;37
b3f7224c-148b;El Aliento de el Sol Negro;Caspian Vance;Historia de la Piedra;1633;259;2,99;2
5d6c6ea9-7b21;El Enigma de las Almas de Plomo;Aurelius Crowley;Alquimia Teórica;1790;1091;1,44;43
7bab478f-cb49;Códice de el Mercurio Rojo;Elara Flamel;Alquimia Teórica;1332;948;2,48;44
7fc22d5f-9355;Sombras sobre el Sol Negro;Seraphine Crowley;Botánica Arcana;1876;1455;2,91;30
8f4663fa-c0ff;El Aliento de el Mercurio Rojo;Morgana Crowley;Transmutación Metálica;1351;1334;2,53;40
859b8d59-47dc;Tratado de el Azufre Sagrado;Caspian Flamel;Historia de la Piedra;1521;251;2,23;4
6115e2c6-0567;El Enigma de la Quintaesencia;Aurelius Flamel;Historia de la Piedra;1319;787;4,49;24
c9b85def-3241;Sombras sobre el Sol Negro;Thalric Grimoire;Historia de la Piedra;1398;1050;4,92;39
89310581-d370;La Esencia de la Transmutación Infinitas;Morgana Crowley;Transmutación Metálica;1891;298;1,49;36
7ef1e459-9994;El Aliento de el Azufre Sagrado;Thalric Grimoire;Historia de la Piedra;1777;470;2,08;29
4c526557-ca78;Sombras sobre el Mercurio Rojo;Aurelius Flamel;Transmutación Metálica;1490;978;3,27;27
b8bf6212-4793;El Aliento de la Quintaesencia;Caspian Vance;Filosofía Prohibida;1990;1356;4,36;10
c2f2e6e4-e4cc;Códice de las Almas de Plomo;Aurelius Grimoire;Transmutación Metálica;1888;1187;4,54;18
70ca54c4-f46d;Sombras sobre las Almas de Plomo;Balthazar Grimoire;Alquimia Teórica;1529;85;1,94;11
e71ef629-2457;La Esencia de la Transmutación Infinitas;Elara Blackwood;Filosofía Prohibida;1583;789;5;26
73624964-b892;La Esencia de el Mercurio Rojo;Morgana Vance;Transmutación Metálica;1649;185;4,54;18
82f32e64-882c;Tratado de la Transmutación Infinitas;Elara Crowley;Transmutación Metálica;1391;1405;2,74;26
c1cc9482-2fab;El Aliento de el Azufre Sagrado;Seraphine Vance;Filosofía Prohibida;1527;1025;4,79;0
aec77fff-320d;Tratado de el Mercurio Rojo;Caspian Vance;Transmutación Metálica;1607;1226;2,89;38
d0f1f60d-e072;Espejos de el Mercurio Rojo;Elara Vance;Botánica Arcana;1751;565;3,27;37
af2384c8-ec11;Vórtice de las Almas de Plomo;Isolde Sterling;Historia de la Piedra;1921;156;2,24;30
28cf1790-38a6;Vórtice de el Mercurio Rojo;Morgana Grimoire;Transmutación Metálica;1276;1273;2,74;38
516add4e-a98f;Códice de la Quintaesencia;Isolde Vance;Botánica Arcana;1671;1151;3,14;39
7179d060-7da9;El Enigma de el Sol Negro;Aurelius Grimoire;Botánica Arcana;1820;673;3,25;41
f837dfff-4966;La Esencia de el Mercurio Rojo;Elara Flamel;Transmutación Metálica;1166;111;4,17;28
5389c937-4c1b;La Esencia de el Mercurio Rojo;Morgana Blackwood;Transmutación Metálica;1363;216;1,55;47
6700d567-f00e;Códice de el Azufre Sagrado;Aurelius Crowley;Botánica Arcana;1514;1005;4,57;14
433020d1-d701;Códice de la Quintaesencia;Aurelius Sterling;Historia de la Piedra;1777;1094;4,22;5
846ca1e3-3d89;Espejos de el Azufre Sagrado;Morgana Grimoire;Filosofía Prohibida;2025;306;1,28;29
a200e2c3-8b14;Tratado de el Sol Negro;Isolde Sterling;Filosofía Prohibida;1480;1299;3,6;45
6094acb7-fffd;El Enigma de el Sol Negro;Morgana Blackwood;Transmutación Metálica;1962;950;4,89;48
a0670c49-7572;Espejos de la Transmutación Infinitas;Seraphine Crowley;Filosofía Prohibida;1967;172;3,87;44
d5d8e7e6-8022;Espejos de el Azufre Sagrado;Aurelius Flamel;Filosofía Prohibida;1262;1390;2,66;25
14692173-35f2;El Aliento de la Quintaesencia;Elara Grimoire;Historia de la Piedra;1111;1028;1,61;21
0e9a4aad-ee89;Sombras sobre la Quintaesencia;Elara Nightshade;Transmutación Metálica;1717;491;1,94;36
9caeaf11-4ff1;Tratado de el Sol Negro;Caspian Grimoire;Alquimia Teórica;1190;774;4,48;26
98ebb553-0ec4;Tratado de la Quintaesencia;Caspian Flamel;Historia de la Piedra;1539;674;3,16;29
ad6bd53e-8d37;Tratado de el Sol Negro;Isolde Crowley;Alquimia Teórica;1762;368;3,43;4
bc9ff056-c8ac;Vórtice de el Sol Negro;Thalric Flamel;Alquimia Teórica;1840;1256;4,18;33
1354f683-0d27;Sombras sobre la Transmutación Infinitas;Isolde Nightshade;Historia de la Piedra;1313;587;2,74;5
76662eda-a397;La Esencia de el Sol Negro;Elara Crowley;Historia de la Piedra;1368;129;2,09;14
ca988d26-1ef5;Vórtice de la Transmutación Infinitas;Morgana Grimoire;Historia de la Piedra;1913;638;1,13;23
c13f0259-5baf;El Aliento de las Almas de Plomo;Seraphine Sterling;Historia de la Piedra;1567;357;1,96;47
2d5d717b-7a95;Sombras sobre el Mercurio Rojo;Aurelius Grimoire;Filosofía Prohibida;1614;252;2,9;40
5c90970e-fe4b;El Aliento de la Transmutación Infinitas;Aurelius Sterling;Transmutación Metálica;1272;1379;4,97;25
62ad64fb-4ae6;Vórtice de la Quintaesencia;Balthazar Blackwood;Botánica Arcana;1260;167;1,5;46
d7336e23-2f4d;El Aliento de la Transmutación Infinitas;Thalric Sterling;Transmutación Metálica;1427;1285;1,37;50
edf94451-f65c;La Esencia de la Quintaesencia;Seraphine Vance;Botánica Arcana;1448;184;2,32;24
8fac7a21-e217;La Esencia de las Almas de Plomo;Aurelius Vance;Filosofía Prohibida;1742;925;3,77;19
ba216763-21d4;Tratado de la Transmutación Infinitas;Seraphine Crowley;Transmutación Metálica;1879;173;3,3;33
078dbb7e-3492;Tratado de la Transmutación Infinitas;Morgana Grimoire;Alquimia Teórica;1142;1292;2,73;41
617d4508-be8e;Tratado de el Mercurio Rojo;Balthazar Vance;Historia de la Piedra;1533;509;4,32;10
f4556dbb-fa9b;El Enigma de la Quintaesencia;Aurelius Nightshade;Historia de la Piedra;1947;276;4,72;15
d0b95a38-eeb6;Sombras sobre la Transmutación Infinitas;Aurelius Vance;Transmutación Metálica;1531;403;1,94;47
b7185434-7164;El Aliento de la Quintaesencia;Isolde Crowley;Transmutación Metálica;1978;628;1,34;44
f102a8a0-ea47;Sombras sobre la Transmutación Infinitas;Thalric Grimoire;Historia de la Piedra;1877;784;2,05;18
8d29e782-79f3;Sombras sobre la Quintaesencia;Aurelius Blackwood;Historia de la Piedra;1308;865;4,69;28
152b154d-8038;Tratado de el Sol Negro;Thalric Crowley;Botánica Arcana;1147;404;2,36;48
abe29467-394c;Vórtice de la Quintaesencia;Aurelius Flamel;Historia de la Piedra;1162;748;1,42;47
5658451d-37d8;El Enigma de el Azufre Sagrado;Caspian Crowley;Transmutación Metálica;1836;1220;1,09;0
7412db49-8058;Sombras sobre el Azufre Sagrado;Isolde Crowley;Botánica Arcana;2018;656;1,13;22
641d40e3-7e86;Códice de la Quintaesencia;Caspian Blackwood;Botánica Arcana;1859;597;2,87;20
160ddcfb-cbad;Sombras sobre la Transmutación Infinitas;Isolde Grimoire;Alquimia Teórica;1893;688;3,25;31
935bc62a-73f0;El Enigma de el Azufre Sagrado;Isolde Blackwood;Filosofía Prohibida;1354;381;3,44;46
fca42fd6-b783;Códice de el Mercurio Rojo;Morgana Crowley;Alquimia Teórica;1801;433;2,42;36
ab76c16b-50a2;El Enigma de el Azufre Sagrado;Seraphine Sterling;Filosofía Prohibida;1102;385;1,82;14
36fcb2c0-462d;Espejos de el Sol Negro;Morgana Crowley;Alquimia Teórica;1272;456;3,74;18
eb46cdab-4564;Vórtice de el Azufre Sagrado;Morgana Vance;Transmutación Metálica;1121;688;1,94;47
ba2ad18e-26a5;Vórtice de las Almas de Plomo;Aurelius Flamel;Alquimia Teórica;1925;316;1,13;18
4dcc54f5-9d8f;Tratado de el Mercurio Rojo;Elara Flamel;Historia de la Piedra;1494;1000;3,67;9
e2d47c84-a4be;Espejos de la Transmutación Infinitas;Isolde Flamel;Botánica Arcana;1189;1142;3,57;48
48550014-38c8;El Enigma de el Sol Negro;Caspian Sterling;Historia de la Piedra;1467;863;4,98;5
edb0078e-53a2;El Enigma de la Transmutación Infinitas;Thalric Crowley;Historia de la Piedra;1863;264;1,87;43
c8e5960e-b49b;Espejos de el Sol Negro;Seraphine Vance;Filosofía Prohibida;1520;1131;2,92;40
b13922f4-84ab;Espejos de la Quintaesencia;Aurelius Crowley;Transmutación Metálica;1369;1078;3,25;35
034cf261-3a9c;El Aliento de la Transmutación Infinitas;Elara Sterling;Filosofía Prohibida;1150;1438;2,55;25
0b2c1253-f434;Códice de el Sol Negro;Isolde Blackwood;Historia de la Piedra;1878;1225;1,29;37
1ab2de49-643c;Tratado de el Mercurio Rojo;Seraphine Sterling;Alquimia Teórica;1953;1440;2,98;27
c3bf5623-9c0f;El Aliento de el Sol Negro;Seraphine Flamel;Transmutación Metálica;1212;242;4,04;27
3deb1806-e5f9;Sombras sobre la Quintaesencia;Elara Flamel;Alquimia Teórica;1248;979;4,22;1
e84c6c2f-eac5;Códice de las Almas de Plomo;Balthazar Blackwood;Botánica Arcana;1516;830;1,09;31
6bd0a5ae-b2f6;La Esencia de el Azufre Sagrado;Aurelius Crowley;Transmutación Metálica;1965;799;1,16;50
771897ac-008e;Vórtice de la Quintaesencia;Isolde Blackwood;Filosofía Prohibida;1448;596;3,63;42
25f116db-cea3;Espejos de la Transmutación Infinitas;Caspian Flamel;Alquimia Teórica;1532;90;2,04;24
8f8b8bab-86aa;Códice de la Transmutación Infinitas;Aurelius Grimoire;Alquimia Teórica;1594;1491;2,75;38
358bdcc6-8e6a;Vórtice de el Azufre Sagrado;Caspian Grimoire;Alquimia Teórica;1783;1125;1,61;30
71364a9c-220a;Espejos de el Azufre Sagrado;Morgana Nightshade;Filosofía Prohibida;1680;761;1,85;30
2e6457a4-fbf5;Códice de el Sol Negro;Aurelius Nightshade;Botánica Arcana;1625;839;1,27;14
8ac77158-01e9;El Enigma de las Almas de Plomo;Caspian Vance;Transmutación Metálica;2020;435;2,27;3
fa30060e-1397;Códice de el Sol Negro;Isolde Nightshade;Historia de la Piedra;1628;1320;1,5;20
85e40f95-cd92;Vórtice de el Sol Negro;Thalric Grimoire;Transmutación Metálica;2015;215;3,31;26
922b394c-4e4a;Sombras sobre la Transmutación Infinitas;Elara Grimoire;Filosofía Prohibida;1905;103;3,28;49
f60929d6-55ae;La Esencia de la Quintaesencia;Caspian Flamel;Botánica Arcana;1925;1458;3,48;30
b045b8ec-930b;Sombras sobre el Sol Negro;Isolde Sterling;Botánica Arcana;1476;371;2,35;50
8af1cc40-fc49;La Esencia de el Mercurio Rojo;Caspian Nightshade;Transmutación Metálica;1650;375;2,23;5
f1105691-c324;Espejos de las Almas de Plomo;Caspian Nightshade;Filosofía Prohibida;1775;362;4,14;31
39d2de01-16ee;El Enigma de la Quintaesencia;Aurelius Vance;Transmutación Metálica;2001;1306;2,72;16
feea042a-7c87;El Aliento de el Sol Negro;Morgana Flamel;Botánica Arcana;1235;1101;2,56;2
a79465bf-32e9;Espejos de el Azufre Sagrado;Morgana Crowley;Alquimia Teórica;1855;1132;3,55;10
14c62ac9-9427;Vórtice de el Sol Negro;Aurelius Nightshade;Alquimia Teórica;1323;663;2,25;45
1ae32cfb-2e6e;Vórtice de el Sol Negro;Thalric Crowley;Transmutación Metálica;1454;1153;3,81;27
deb329c2-3897;Códice de la Transmutación Infinitas;Seraphine Crowley;Historia de la Piedra;1539;464;3,12;15
dacebf48-d3b2;La Esencia de el Mercurio Rojo;Aurelius Grimoire;Filosofía Prohibida;1957;796;2,28;34
32e7b4a7-8187;Vórtice de el Azufre Sagrado;Aurelius Nightshade;Filosofía Prohibida;1958;1113;3,77;12
146ea740-6088;El Enigma de el Azufre Sagrado;Caspian Nightshade;Historia de la Piedra;1283;1368;3,31;0
a72bad9b-c019;Espejos de la Transmutación Infinitas;Thalric Blackwood;Filosofía Prohibida;1274;92;4,21;0
7d345fa5-fad7;Sombras sobre el Sol Negro;Thalric Crowley;Botánica Arcana;1599;313;3,51;20
e6ee22a2-5ec3;Sombras sobre la Transmutación Infinitas;Thalric Blackwood;Alquimia Teórica;1463;1050;2,35;36
6d96ef22-23c0;La Esencia de el Azufre Sagrado;Morgana Vance;Botánica Arcana;1212;1061;2,77;17
5a3f1e56-4848;Códice de el Azufre Sagrado;Elara Vance;Filosofía Prohibida;2022;881;2,96;31
aaf1f055-c4e7;Tratado de la Quintaesencia;Aurelius Blackwood;Botánica Arcana;1392;481;3,7;50
44fe26ba-69c7;Espejos de la Quintaesencia;Caspian Grimoire;Alquimia Teórica;1553;561;1,38;1
923eee76-4204;La Esencia de las Almas de Plomo;Morgana Blackwood;Transmutación Metálica;1989;1208;2,22;36
f8f6f7b9-f0f2;La Esencia de el Sol Negro;Thalric Grimoire;Filosofía Prohibida;1919;1005;3,3;9
218f1449-0d50;Espejos de la Quintaesencia;Elara Blackwood;Transmutación Metálica;1806;115;3,94;25
a492da68-08c3;Tratado de la Transmutación Infinitas;Aurelius Grimoire;Transmutación Metálica;1366;499;4,54;27
b2cf2a87-db1d;Sombras sobre la Quintaesencia;Elara Vance;Alquimia Teórica;1505;1417;4,61;46
c926dcf1-f020;El Enigma de el Azufre Sagrado;Seraphine Vance;Transmutación Metálica;1467;397;1,47;46
325904bb-cf7e;Sombras sobre la Quintaesencia;Thalric Grimoire;Filosofía Prohibida;1462;1220;3,37;0
bf9254ca-c82a;Tratado de el Azufre Sagrado;Thalric Nightshade;Filosofía Prohibida;1437;264;3,5;31
9e19e385-0b48;El Enigma de el Mercurio Rojo;Seraphine Vance;Historia de la Piedra;1918;451;4,96;35
15263d19-1a7c;El Enigma de el Mercurio Rojo;Isolde Nightshade;Alquimia Teórica;1421;1069;1,49;12
8a0ce9db-8eb7;Códice de las Almas de Plomo;Seraphine Blackwood;Botánica Arcana;1150;1228;4,51;37
73215cd2-a149;Sombras sobre las Almas de Plomo;Caspian Vance;Filosofía Prohibida;1422;521;3,01;17
b8de7d7f-e280;Sombras sobre el Mercurio Rojo;Isolde Vance;Botánica Arcana;1440;761;2,1;7
3c675981-89d1;Códice de las Almas de Plomo;Aurelius Sterling;Botánica Arcana;1661;336;3,34;0
abcba9cd-7f6d;Espejos de el Sol Negro;Balthazar Vance;Alquimia Teórica;1765;1097;4,88;19
a904d83a-0ce2;Espejos de la Quintaesencia;Aurelius Flamel;Transmutación Metálica;1640;1351;2,23;48
add4a2b1-c490;El Enigma de el Azufre Sagrado;Elara Sterling;Botánica Arcana;1549;290;2,32;48
8211057e-cf5d;Códice de el Mercurio Rojo;Seraphine Crowley;Historia de la Piedra;1225;1053;3,73;25
fed5ba9e-d078;El Aliento de las Almas de Plomo;Caspian Grimoire;Historia de la Piedra;1882;165;4,55;43
77c29e50-b8e6;La Esencia de las Almas de Plomo;Isolde Blackwood;Transmutación Metálica;1371;798;4,07;46
cb1585b4-6710;Sombras sobre la Quintaesencia;Balthazar Crowley;Historia de la Piedra;1696;129;2,93;28
5d5f7466-2d59;Tratado de el Sol Negro;Balthazar Blackwood;Transmutación Metálica;1936;1355;2,18;3
88b12e2a-040f;El Aliento de las Almas de Plomo;Elara Crowley;Filosofía Prohibida;1848;748;2,91;28
02ee4c69-2367;Códice de el Sol Negro;Seraphine Grimoire;Transmutación Metálica;1681;1498;1,27;46
40c6c81e-694a;Vórtice de las Almas de Plomo;Seraphine Sterling;Transmutación Metálica;1351;585;4,84;26
2513840c-34e5;La Esencia de el Azufre Sagrado;Isolde Flamel;Botánica Arcana;1281;1212;1,03;33
0cdfd733-7582;Sombras sobre el Azufre Sagrado;Isolde Crowley;Transmutación Metálica;1899;525;1,3;8
b40f0ad9-d0ed;Espejos de la Quintaesencia;Elara Blackwood;Historia de la Piedra;1663;1198;2,72;8
1bc9bfec-8ef7;Espejos de el Sol Negro;Elara Flamel;Filosofía Prohibida;1949;1477;3,05;19
2f2b3a60-ffd3;Sombras sobre el Azufre Sagrado;Thalric Nightshade;Botánica Arcana;1700;1490;2,22;20
c8fecbc8-7849;Vórtice de la Transmutación Infinitas;Thalric Nightshade;Botánica Arcana;1823;1243;2,45;35
b982991a-98bd;Códice de el Sol Negro;Morgana Crowley;Transmutación Metálica;1678;1007;3,27;41
bba44a03-f46b;Sombras sobre la Quintaesencia;Morgana Nightshade;Botánica Arcana;1628;689;2,12;20
2fa8d91c-177d;Espejos de las Almas de Plomo;Isolde Nightshade;Transmutación Metálica;1552;1032;4,17;39
10f7e36f-e491;El Aliento de el Sol Negro;Caspian Sterling;Botánica Arcana;1149;323;4,22;12
b2acf777-7186;Vórtice de la Transmutación Infinitas;Seraphine Grimoire;Filosofía Prohibida;1706;245;2,21;14
09945e4a-100d;Códice de el Azufre Sagrado;Balthazar Crowley;Botánica Arcana;1569;1474;4,94;8
577483fe-a185;La Esencia de el Sol Negro;Isolde Grimoire;Botánica Arcana;1897;1349;3,19;24
31a3d0ab-37e4;Espejos de las Almas de Plomo;Aurelius Nightshade;Historia de la Piedra;1201;230;2,83;17
3adf7423-14e3;Sombras sobre la Quintaesencia;Morgana Sterling;Historia de la Piedra;2006;1080;1,08;11
97f12ac7-2873;El Aliento de la Quintaesencia;Seraphine Crowley;Botánica Arcana;1438;102;4,34;3
1243e7f2-5186;El Aliento de el Sol Negro;Thalric Blackwood;Botánica Arcana;1426;1000;3,14;31
290492e9-0376;El Enigma de el Azufre Sagrado;Thalric Crowley;Botánica Arcana;1140;1109;4,21;50
b50ee0f1-f323;El Enigma de el Azufre Sagrado;Elara Sterling;Transmutación Metálica;1495;843;2,21;23
29832bc1-4a53;Sombras sobre la Quintaesencia;Elara Sterling;Alquimia Teórica;1982;292;1,55;32
3c40f67a-eee1;El Aliento de la Quintaesencia;Elara Nightshade;Botánica Arcana;1643;1199;4,35;25
e9c8b101-31d4;Espejos de el Sol Negro;Seraphine Crowley;Transmutación Metálica;1347;164;2,86;19
0163a1d0-3913;Espejos de las Almas de Plomo;Balthazar Flamel;Botánica Arcana;1670;325;2,55;13
1d54e8cd-ba79;Espejos de la Quintaesencia;Isolde Crowley;Filosofía Prohibida;1128;1287;2,22;17
e725e97f-f35d;El Enigma de las Almas de Plomo;Aurelius Flamel;Historia de la Piedra;1730;1447;4,51;19
33f5ae43-fb3d;Tratado de el Azufre Sagrado;Caspian Blackwood;Filosofía Prohibida;1847;699;4,25;40
3e2d0bb3-db57;Códice de el Mercurio Rojo;Caspian Flamel;Botánica Arcana;1500;1175;4,33;29
d5c33e3d-ff83;Códice de el Azufre Sagrado;Morgana Flamel;Filosofía Prohibida;1548;1458;2,24;7
38b8df5f-6d5c;La Esencia de el Mercurio Rojo;Balthazar Nightshade;Historia de la Piedra;1474;360;3,47;4
75a72648-d41d;Espejos de el Sol Negro;Balthazar Blackwood;Historia de la Piedra;1211;545;4,57;19
a9916ac8-7c71;El Aliento de la Transmutación Infinitas;Seraphine Flamel;Transmutación Metálica;1569;938;2,78;27
936efcf5-6940;Sombras sobre la Quintaesencia;Isolde Vance;Botánica Arcana;1274;1483;4,9;11
886dc880-739c;El Enigma de el Mercurio Rojo;Aurelius Nightshade;Botánica Arcana;1810;642;2,82;17
b0870c6c-ffe0;Espejos de el Sol Negro;Balthazar Flamel;Historia de la Piedra;1387;707;3,51;12
1848ccdf-2f6a;Tratado de el Azufre Sagrado;Seraphine Flamel;Historia de la Piedra;1135;818;1,37;12
1dcd6401-7461;Códice de el Azufre Sagrado;Thalric Sterling;Transmutación Metálica;1589;722;2,79;20
e02b312e-8b07;La Esencia de el Sol Negro;Balthazar Nightshade;Filosofía Prohibida;1698;199;1,4;11
d4492332-8996;Espejos de el Azufre Sagrado;Elara Grimoire;Transmutación Metálica;1546;255;1,13;37
4597ede2-9cb2;Tratado de el Azufre Sagrado;Caspian Flamel;Alquimia Teórica;1168;1037;1,66;0
57ba0fd9-692b;El Enigma de el Mercurio Rojo;Caspian Vance;Transmutación Metálica;1984;1143;4,15;10
e8d64570-d45c;El Aliento de la Transmutación Infinitas;Thalric Nightshade;Historia de la Piedra;1805;302;2,92;30
3513cfc7-1020;Vórtice de el Sol Negro;Thalric Nightshade;Historia de la Piedra;1528;840;1,19;20
54e065bd-787c;Códice de el Sol Negro;Morgana Nightshade;Historia de la Piedra;1673;1435;3,09;13
8753b505-f217;Sombras sobre el Sol Negro;Aurelius Flamel;Botánica Arcana;1950;1163;3,45;35
0bcf7abc-6ace;Códice de las Almas de Plomo;Thalric Flamel;Historia de la Piedra;1382;1040;3,2;32
9aaa471d-a819;La Esencia de la Quintaesencia;Isolde Flamel;Historia de la Piedra;1819;927;1,16;36
c3e108ac-e99b;El Enigma de el Azufre Sagrado;Balthazar Blackwood;Historia de la Piedra;1702;493;1,44;31
5dc958d3-81fc;Códice de las Almas de Plomo;Isolde Crowley;Filosofía Prohibida;1604;464;1,68;15
75428e67-e8f2;Espejos de el Mercurio Rojo;Thalric Crowley;Historia de la Piedra;1494;1117;2,19;14
fe6db993-fc42;La Esencia de el Azufre Sagrado;Aurelius Flamel;Transmutación Metálica;1808;1248;2,42;43
21bfecbf-d55f;Sombras sobre el Mercurio Rojo;Isolde Nightshade;Historia de la Piedra;1445;264;3,62;44
c6f444b6-7e2c;Vórtice de el Sol Negro;Seraphine Nightshade;Alquimia Teórica;1417;1045;4,28;34
e14e95f1-3fc6;Tratado de la Transmutación Infinitas;Morgana Flamel;Alquimia Teórica;1737;1215;4,48;15
a944590b-6fe5;Códice de el Mercurio Rojo;Seraphine Crowley;Historia de la Piedra;1698;538;2,37;0
bac2b874-7bc7;Tratado de el Sol Negro;Isolde Flamel;Historia de la Piedra;1516;827;1,25;7
9e26e3bf-2063;El Enigma de el Sol Negro;Thalric Blackwood;Transmutación Metálica;1334;679;3,65;21
b96bf83f-c712;Espejos de la Transmutación Infinitas;Caspian Nightshade;Historia de la Piedra;1243;1393;1,26;3
e451d0ea-35e2;La Esencia de las Almas de Plomo;Caspian Nightshade;Botánica Arcana;1587;1239;1,68;44
2ccf1118-69e0;El Enigma de la Transmutación Infinitas;Aurelius Blackwood;Botánica Arcana;1854;154;4,71;19
3677e860-544c;El Enigma de el Sol Negro;Caspian Grimoire;Filosofía Prohibida;1399;626;3,84;31
e455be93-431d;El Aliento de la Quintaesencia;Elara Sterling;Filosofía Prohibida;1965;925;2,36;10
ff41c777-ca9d;Vórtice de el Azufre Sagrado;Aurelius Sterling;Filosofía Prohibida;1412;98;4,79;50
14265e28-f3b8;Sombras sobre el Mercurio Rojo;Elara Flamel;Transmutación Metálica;1896;712;4,89;34
af3b8cd2-b493;Vórtice de el Sol Negro;Isolde Flamel;Alquimia Teórica;1535;679;4,6;26
341abd90-dfdd;El Aliento de las Almas de Plomo;Caspian Nightshade;Filosofía Prohibida;1850;1234;1,09;45
e8db89ca-1b4a;El Aliento de la Quintaesencia;Caspian Grimoire;Transmutación Metálica;1145;1196;4,45;21
6d92e133-2596;Tratado de la Transmutación Infinitas;Aurelius Nightshade;Historia de la Piedra;1687;751;1,55;50
1b8316ee-abf3;Vórtice de la Quintaesencia;Caspian Vance;Transmutación Metálica;1372;563;3,4;5
5b3806cf-6e67;El Aliento de el Sol Negro;Thalric Vance;Filosofía Prohibida;1579;643;2,98;47
dbb6acfd-0831;El Enigma de la Transmutación Infinitas;Isolde Vance;Filosofía Prohibida;1299;805;2,12;22
7530f252-23c4;Espejos de la Transmutación Infinitas;Seraphine Sterling;Transmutación Metálica;1400;1460;3,2;30
aeba2b67-57af;El Enigma de las Almas de Plomo;Balthazar Vance;Alquimia Teórica;1424;426;2,7;0
0ce2ceae-1e25;Tratado de la Transmutación Infinitas;Seraphine Flamel;Transmutación Metálica;1385;914;2,29;13
53e4d872-f1ce;Espejos de el Mercurio Rojo;Thalric Flamel;Botánica Arcana;1517;165;4,5;33
2448edd3-0d5b;Espejos de las Almas de Plomo;Aurelius Blackwood;Alquimia Teórica;1633;456;4,23;0
72d29ab4-1ee8;Tratado de la Quintaesencia;Seraphine Nightshade;Filosofía Prohibida;1540;242;2,55;16
dae1c1f4-bc12;La Esencia de la Transmutación Infinitas;Balthazar Nightshade;Alquimia Teórica;1267;1063;2,18;33
b3419e5f-2603;Vórtice de la Transmutación Infinitas;Isolde Sterling;Alquimia Teórica;1257;1153;3,67;6
f357b377-a7cf;Códice de el Sol Negro;Thalric Flamel;Botánica Arcana;1471;490;4,17;35
09143b08-c923;El Aliento de las Almas de Plomo;Aurelius Grimoire;Transmutación Metálica;1894;1366;3,53;22
f81595f3-0eac;El Enigma de la Quintaesencia;Balthazar Grimoire;Alquimia Teórica;1572;1354;4,6;36
602ee4ad-a70f;El Aliento de la Quintaesencia;Caspian Grimoire;Historia de la Piedra;1724;764;3,17;14
41880b37-d372;Tratado de el Sol Negro;Caspian Blackwood;Historia de la Piedra;1197;1176;4;2
5a7f2fa6-1610;Espejos de las Almas de Plomo;Morgana Sterling;Filosofía Prohibida;1112;1273;3,44;48
889d5e42-510d;El Enigma de el Azufre Sagrado;Aurelius Sterling;Historia de la Piedra;1242;944;4,28;4
2fadd718-e3ba;Tratado de la Quintaesencia;Caspian Grimoire;Alquimia Teórica;1809;258;2,02;39
c58e5a49-70a6;El Enigma de el Mercurio Rojo;Caspian Nightshade;Alquimia Teórica;1487;124;3,45;13
d8a92799-3299;Espejos de la Quintaesencia;Balthazar Sterling;Alquimia Teórica;1201;1192;4,06;5
5eb0493f-0041;El Enigma de la Transmutación Infinitas;Aurelius Crowley;Filosofía Prohibida;1693;708;2,35;17
8f777187-43c9;Códice de el Azufre Sagrado;Aurelius Flamel;Botánica Arcana;1475;883;2,03;5
9e209e07-e5bc;Tratado de la Quintaesencia;Balthazar Flamel;Transmutación Metálica;1454;780;4,3;48
89c4a198-250d;El Enigma de el Sol Negro;Elara Nightshade;Alquimia Teórica;1749;960;1,82;19
862fd5cc-9b09;La Esencia de la Transmutación Infinitas;Elara Crowley;Filosofía Prohibida;2016;1425;1,26;12
5709aae2-4104;El Aliento de el Sol Negro;Caspian Crowley;Botánica Arcana;1965;893;3,78;3
ce63a5f1-1bf5;La Esencia de la Quintaesencia;Elara Nightshade;Botánica Arcana;1184;1415;2,5;39
d6b5ed72-fb53;Sombras sobre la Quintaesencia;Thalric Flamel;Transmutación Metálica;1593;407;3,77;28
de0ef138-132a;Vórtice de las Almas de Plomo;Seraphine Sterling;Historia de la Piedra;1718;175;1,6;28
8d169a66-6449;Tratado de el Sol Negro;Elara Flamel;Botánica Arcana;1235;955;2,62;13
5361e5a6-30c2;Códice de el Azufre Sagrado;Seraphine Sterling;Transmutación Metálica;1274;351;1,86;33
b47fa92f-e2b3;El Enigma de la Transmutación Infinitas;Thalric Vance;Filosofía Prohibida;1991;1481;4,86;10
d57f80e9-5501;Sombras sobre el Azufre Sagrado;Balthazar Blackwood;Historia de la Piedra;1620;170;1;32
411a4cee-06e7;Sombras sobre el Sol Negro;Caspian Sterling;Botánica Arcana;1532;1140;2,24;9
756cedfb-b00e;La Esencia de el Azufre Sagrado;Morgana Blackwood;Alquimia Teórica;1809;1371;3,25;3
65836e47-ce1b;La Esencia de la Quintaesencia;Morgana Grimoire;Botánica Arcana;1405;367;3,13;46
1d2841f7-c071;Tratado de la Transmutación Infinitas;Thalric Sterling;Historia de la Piedra;1846;1445;4,82;32
bd2cd08b-318d;La Esencia de la Quintaesencia;Balthazar Sterling;Botánica Arcana;1540;849;1,76;50
c01312ed-7c5b;Códice de la Transmutación Infinitas;Caspian Nightshade;Filosofía Prohibida;1758;453;4,26;0
92db95d0-50e9;La Esencia de la Quintaesencia;Balthazar Grimoire;Filosofía Prohibida;1475;967;3,28;5
ed9a4af5-8517;La Esencia de el Mercurio Rojo;Elara Blackwood;Alquimia Teórica;1185;784;2,32;14
6d847518-44fa;Sombras sobre el Sol Negro;Thalric Sterling;Alquimia Teórica;1848;491;1,7;19
fa209b65-d617;El Aliento de el Sol Negro;Balthazar Nightshade;Alquimia Teórica;1985;180;1,05;44
5674dd8c-629b;Códice de la Quintaesencia;Thalric Sterling;Transmutación Metálica;1751;84;1,23;39
cda5b957-4225;Tratado de las Almas de Plomo;Balthazar Crowley;Filosofía Prohibida;1510;824;4,46;44
43a78c55-f33c;La Esencia de el Sol Negro;Seraphine Nightshade;Alquimia Teórica;1339;477;3,43;17
06bb10dc-42eb;El Aliento de las Almas de Plomo;Aurelius Nightshade;Botánica Arcana;1708;492;3,1;35
0ce31d45-c88a;El Enigma de la Transmutación Infinitas;Seraphine Sterling;Alquimia Teórica;1487;693;2,54;18
182dd8e3-017f;Vórtice de la Transmutación Infinitas;Seraphine Flamel;Alquimia Teórica;1498;1264;3,42;18
1c06ccbd-ec4a;El Aliento de la Transmutación Infinitas;Isolde Sterling;Historia de la Piedra;1289;111;1,19;42
572dd381-d034;Tratado de las Almas de Plomo;Elara Sterling;Filosofía Prohibida;1855;1419;2,88;6
33391209-7ce4;La Esencia de el Sol Negro;Isolde Nightshade;Botánica Arcana;1866;1083;2,14;6
781d8307-ce5f;Sombras sobre las Almas de Plomo;Aurelius Blackwood;Transmutación Metálica;1289;1414;4,42;7
6a42f1c3-b67a;El Aliento de el Mercurio Rojo;Elara Blackwood;Botánica Arcana;1306;462;1,02;27
615b51ca-e7d2;Códice de el Azufre Sagrado;Elara Crowley;Alquimia Teórica;1890;977;2,93;36
166fdf5f-b48e;El Enigma de la Transmutación Infinitas;Thalric Grimoire;Transmutación Metálica;1441;1468;2,76;3
d3e5234b-f561;Espejos de la Quintaesencia;Balthazar Vance;Filosofía Prohibida;1170;818;4,09;39
caecfa90-a66a;Sombras sobre el Sol Negro;Seraphine Blackwood;Botánica Arcana;1974;1157;2,14;24
a14ceea5-77af;Espejos de el Mercurio Rojo;Elara Crowley;Botánica Arcana;1118;1160;1,67;37
a53dae8b-0e4c;Sombras sobre el Azufre Sagrado;Isolde Nightshade;Historia de la Piedra;1812;844;4,85;28
4efa8c75-14c0;Tratado de el Azufre Sagrado;Morgana Crowley;Botánica Arcana;1581;928;2,77;10
219e0d72-92df;Sombras sobre las Almas de Plomo;Isolde Flamel;Alquimia Teórica;1867;355;2,45;25
af7ce0f5-1d91;Códice de el Mercurio Rojo;Caspian Grimoire;Botánica Arcana;1351;1213;4,54;30
b16ce135-ed95;La Esencia de las Almas de Plomo;Morgana Nightshade;Historia de la Piedra;1832;995;2,17;3
14602632-aa81;Espejos de el Azufre Sagrado;Isolde Blackwood;Filosofía Prohibida;1113;378;3,19;0
6f8af3b5-a514;Sombras sobre las Almas de Plomo;Aurelius Sterling;Filosofía Prohibida;1978;239;3,23;18
02957530-2755;La Esencia de la Transmutación Infinitas;Balthazar Vance;Alquimia Teórica;1545;866;4,27;50
6e685025-2bbb;El Aliento de el Mercurio Rojo;Aurelius Sterling;Botánica Arcana;1451;1315;1,82;50
1378558c-3326;Sombras sobre el Mercurio Rojo;Isolde Nightshade;Transmutación Metálica;1677;1186;4,74;15
efaa72bf-4bfa;Espejos de el Azufre Sagrado;Morgana Sterling;Filosofía Prohibida;1961;1091;4,97;2
b92d9ec6-a565;El Aliento de la Quintaesencia;Aurelius Blackwood;Transmutación Metálica;1860;562;3,94;23
3daac084-e13e;El Enigma de el Sol Negro;Aurelius Crowley;Transmutación Metálica;1220;1374;2,5;30
62040697-6cf8;Tratado de el Azufre Sagrado;Thalric Sterling;Alquimia Teórica;1857;512;3,58;17
c8be3e51-964c;Sombras sobre la Transmutación Infinitas;Seraphine Nightshade;Alquimia Teórica;1594;1354;3,71;28
873d56f6-f02f;Espejos de las Almas de Plomo;Thalric Nightshade;Filosofía Prohibida;1700;1187;1,34;45
2434d528-889f;Códice de la Quintaesencia;Isolde Grimoire;Historia de la Piedra;1105;310;3,2;41
9148637d-75e9;Sombras sobre el Azufre Sagrado;Seraphine Blackwood;Transmutación Metálica;1307;885;1,25;9
0033a883-7468;Vórtice de el Mercurio Rojo;Caspian Sterling;Alquimia Teórica;1536;579;1,04;39
54e5bdaf-e5a0;El Aliento de el Mercurio Rojo;Thalric Vance;Transmutación Metálica;2024;461;2,29;8
12f200e7-aa78;El Enigma de la Quintaesencia;Isolde Blackwood;Botánica Arcana;1720;253;4,18;15
ddcd97af-370c;Códice de las Almas de Plomo;Elara Blackwood;Filosofía Prohibida;1914;1087;2,43;34
05bc56d8-fd1f;El Enigma de el Azufre Sagrado;Isolde Vance;Transmutación Metálica;1165;1463;4,93;22
bfcaaeab-5ef4;La Esencia de el Sol Negro;Elara Grimoire;Botánica Arcana;1322;1275;1,55;27
7aa3e8ed-c56f;La Esencia de las Almas de Plomo;Morgana Grimoire;Historia de la Piedra;1272;1410;2,32;43
2e010051-dfd9;La Esencia de el Azufre Sagrado;Seraphine Flamel;Transmutación Metálica;1798;813;4,99;30
3b198845-86c0;La Esencia de el Azufre Sagrado;Seraphine Crowley;Filosofía Prohibida;1470;700;4,38;20
cd75324e-c3e6;Vórtice de el Mercurio Rojo;Seraphine Vance;Historia de la Piedra;1185;1341;2,52;18
7e0bc0b6-c0a5;La Esencia de la Transmutación Infinitas;Thalric Grimoire;Alquimia Teórica;1619;878;4,08;11
1cf7e1d4-4bd7;Tratado de la Quintaesencia;Caspian Grimoire;Filosofía Prohibida;1284;228;3,73;41
574652d0-ea3b;Sombras sobre el Azufre Sagrado;Aurelius Flamel;Historia de la Piedra;1270;1189;3,4;41
07f4d948-e866;El Enigma de el Azufre Sagrado;Balthazar Sterling;Transmutación Metálica;2013;1197;4,22;37
4dd08622-c406;Tratado de el Azufre Sagrado;Seraphine Crowley;Alquimia Teórica;1243;1175;3,27;30
ab2da990-1e4b;El Aliento de las Almas de Plomo;Thalric Nightshade;Transmutación Metálica;1989;534;3,03;4
4cfead0d-cdcc;El Aliento de el Azufre Sagrado;Isolde Flamel;Transmutación Metálica;1331;381;3,36;44
89db3202-6434;Tratado de el Mercurio Rojo;Thalric Vance;Historia de la Piedra;1147;487;1,17;20
fcf97e70-129a;El Aliento de el Sol Negro;Elara Grimoire;Transmutación Metálica;1795;559;3,72;10
1c378caf-fe98;El Enigma de las Almas de Plomo;Thalric Crowley;Historia de la Piedra;1868;673;2,45;33
29a08da2-4616;Códice de las Almas de Plomo;Elara Vance;Historia de la Piedra;1293;731;2,18;16
94cdbccb-3c6f;La Esencia de el Azufre Sagrado;Aurelius Grimoire;Botánica Arcana;1481;255;1,14;10
22bb6205-2f07;Sombras sobre el Sol Negro;Caspian Blackwood;Transmutación Metálica;1633;1041;4,71;8
ff8a41b3-0582;El Aliento de el Azufre Sagrado;Isolde Flamel;Transmutación Metálica;1299;596;4,79;29
7fe240db-48bb;Vórtice de la Transmutación Infinitas;Balthazar Blackwood;Botánica Arcana;1526;528;3,37;7
964558a3-95c0;El Aliento de el Mercurio Rojo;Caspian Flamel;Historia de la Piedra;1756;1103;4,82;31
92cc27e1-9577;Vórtice de el Sol Negro;Elara Vance;Filosofía Prohibida;1580;588;3,97;34
3a156aa0-9cf7;La Esencia de el Azufre Sagrado;Isolde Crowley;Transmutación Metálica;1910;1284;3,15;23
978635ef-3441;El Enigma de el Mercurio Rojo;Elara Vance;Filosofía Prohibida;1995;1240;3,93;5
1ff49817-1172;Códice de la Transmutación Infinitas;Seraphine Sterling;Transmutación Metálica;1740;402;2,28;28
ab2a857b-67f3;El Enigma de la Transmutación Infinitas;Morgana Crowley;Alquimia Teórica;1937;947;2,74;17
97c9e139-aa3f;El Aliento de el Azufre Sagrado;Aurelius Sterling;Historia de la Piedra;1559;737;3,53;41
59a44f39-5928;Tratado de la Transmutación Infinitas;Morgana Crowley;Filosofía Prohibida;1346;771;3,54;16
565f26b5-f707;Sombras sobre las Almas de Plomo;Elara Crowley;Filosofía Prohibida;1281;109;3,96;18
f6784ffe-40c8;Espejos de la Quintaesencia;Balthazar Nightshade;Botánica Arcana;1211;1373;2,7;50
dca4215d-3c1c;Espejos de el Sol Negro;Elara Nightshade;Alquimia Teórica;1358;132;4,95;50
6cfad381-6660;Tratado de la Quintaesencia;Morgana Vance;Botánica Arcana;2025;1027;1,76;38
0bbfe111-b9db;El Enigma de el Sol Negro;Isolde Grimoire;Botánica Arcana;1191;627;3,79;39
ade93c61-701d;Espejos de la Transmutación Infinitas;Caspian Crowley;Transmutación Metálica;1568;373;2,51;8
45bc13d2-e134;El Enigma de la Quintaesencia;Seraphine Sterling;Transmutación Metálica;1265;776;2,82;2
e9ef58ca-07d8;Sombras sobre la Quintaesencia;Aurelius Grimoire;Historia de la Piedra;1555;118;4,2;22
9e3119eb-16b8;Códice de el Sol Negro;Elara Grimoire;Botánica Arcana;1590;1354;2,55;30
d0088d59-8bb6;Tratado de el Mercurio Rojo;Balthazar Sterling;Transmutación Metálica;1539;795;3,73;29
4ce8b494-924d;Sombras sobre el Sol Negro;Elara Sterling;Botánica Arcana;1607;705;2,06;44
59dc4ca2-7caf;Sombras sobre la Transmutación Infinitas;Elara Crowley;Transmutación Metálica;1116;610;1,98;43
ae0de150-e0ef;Vórtice de el Azufre Sagrado;Morgana Vance;Filosofía Prohibida;1458;821;2,82;34
b224608c-17b4;Espejos de la Quintaesencia;Aurelius Blackwood;Transmutación Metálica;1460;1134;3,93;1
57e3688a-5e48;El Aliento de el Mercurio Rojo;Morgana Vance;Transmutación Metálica;1319;847;4,63;47
0cbcf51f-f19a;Espejos de las Almas de Plomo;Isolde Vance;Transmutación Metálica;1216;1496;1,42;9
a809749e-9c73;Sombras sobre las Almas de Plomo;Morgana Blackwood;Filosofía Prohibida;1932;1394;4,69;45
a423ee72-e112;El Enigma de la Transmutación Infinitas;Caspian Nightshade;Alquimia Teórica;1813;1279;4,69;6
df9d0a5c-37af;Tratado de la Quintaesencia;Aurelius Nightshade;Alquimia Teórica;1505;761;4,71;0
2a8c136c-0535;El Enigma de el Azufre Sagrado;Morgana Grimoire;Transmutación Metálica;1587;1062;1,51;42
3ca70522-0e45;Espejos de el Sol Negro;Isolde Crowley;Alquimia Teórica;1153;785;2,72;37
be0e54c3-b73e;Espejos de la Quintaesencia;Morgana Sterling;Historia de la Piedra;1605;391;4,02;18
0cc36282-1cc2;El Aliento de las Almas de Plomo;Isolde Flamel;Historia de la Piedra;1939;1290;2,37;27
925d0d94-3a5b;Tratado de el Sol Negro;Elara Blackwood;Alquimia Teórica;1657;589;4,99;20
c0fd2735-b78d;Códice de el Azufre Sagrado;Caspian Flamel;Alquimia Teórica;1876;881;4,68;16
9522e8d5-22ad;Vórtice de el Azufre Sagrado;Caspian Blackwood;Botánica Arcana;1579;1374;4,45;4
1cfff183-e894;Tratado de el Sol Negro;Balthazar Blackwood;Historia de la Piedra;1586;661;2,14;26
cdb7cb83-feec;Sombras sobre el Mercurio Rojo;Balthazar Blackwood;Historia de la Piedra;1374;1282;3,43;43
7464a70d-5d2a;Espejos de el Azufre Sagrado;Isolde Blackwood;Alquimia Teórica;1791;147;2,59;40
f6985739-0bf2;Códice de el Mercurio Rojo;Seraphine Blackwood;Filosofía Prohibida;1274;1278;2,1;30
153a2135-f1d0;Espejos de el Azufre Sagrado;Isolde Crowley;Filosofía Prohibida;1764;1297;3,9;48
e929d652-516c;Tratado de el Sol Negro;Seraphine Nightshade;Botánica Arcana;1723;202;3,73;29
5fbe510b-9c67;El Enigma de el Azufre Sagrado;Caspian Sterling;Alquimia Teórica;1791;583;1,29;40
759779ea-9743;La Esencia de las Almas de Plomo;Caspian Grimoire;Botánica Arcana;1545;95;2,85;31
feea9e1f-a028;El Aliento de el Sol Negro;Caspian Vance;Transmutación Metálica;1163;770;2,07;27
50b5437c-a7da;Tratado de la Transmutación Infinitas;Morgana Sterling;Botánica Arcana;1735;1201;4,79;19
38621a5d-4547;El Enigma de el Sol Negro;Isolde Crowley;Alquimia Teórica;1659;844;2,2;29
0da9f7f2-74a5;El Aliento de el Sol Negro;Isolde Sterling;Alquimia Teórica;1885;875;4,27;37
eef7840e-0c50;Códice de la Transmutación Infinitas;Caspian Flamel;Filosofía Prohibida;1963;496;2,05;25
142dd6bc-3286;Vórtice de las Almas de Plomo;Elara Vance;Botánica Arcana;1149;440;1,91;27
58b0e2a3-d528;Vórtice de la Quintaesencia;Isolde Sterling;Botánica Arcana;1970;1283;3,98;24
061d57eb-e472;Espejos de las Almas de Plomo;Balthazar Sterling;Transmutación Metálica;1481;1172;2,87;47
cee039c7-a8f9;Códice de la Transmutación Infinitas;Aurelius Flamel;Filosofía Prohibida;1647;640;1,47;32
714482f8-3152;Sombras sobre el Mercurio Rojo;Elara Nightshade;Historia de la Piedra;1193;1262;3,2;28
379df3d6-04da;El Aliento de la Transmutación Infinitas;Balthazar Crowley;Filosofía Prohibida;1112;672;3,3;1
ad99102b-ca19;El Enigma de el Azufre Sagrado;Aurelius Nightshade;Transmutación Metálica;1269;368;2,61;11
2c2cb73c-edc9;Sombras sobre el Azufre Sagrado;Thalric Vance;Botánica Arcana;1194;119;3,74;40
31ccf22a-06bb;Vórtice de la Quintaesencia;Caspian Grimoire;Botánica Arcana;1875;747;2,26;40
c019b659-c3df;Tratado de la Quintaesencia;Elara Crowley;Transmutación Metálica;1578;356;4,98;5
a9c93894-9da0;Tratado de la Transmutación Infinitas;Caspian Flamel;Botánica Arcana;1609;682;1,43;12
0721c584-174e;Sombras sobre la Transmutación Infinitas;Balthazar Sterling;Botánica Arcana;1197;1427;4,32;7
4efcb79f-615f;Espejos de la Transmutación Infinitas;Morgana Crowley;Botánica Arcana;1944;1064;3,31;42
e6ae0a96-7982;El Enigma de el Sol Negro;Isolde Flamel;Botánica Arcana;2026;1289;3,78;29
a82b1512-886b;Vórtice de la Quintaesencia;Seraphine Flamel;Botánica Arcana;1636;646;4,43;7
2de27c03-cc46;Tratado de las Almas de Plomo;Seraphine Sterling;Botánica Arcana;1438;1112;1,32;30
261f4237-820d;El Aliento de el Mercurio Rojo;Isolde Flamel;Filosofía Prohibida;1906;1042;2,31;35
e9b46030-c59e;El Aliento de el Mercurio Rojo;Elara Sterling;Historia de la Piedra;1113;776;3,74;7
75cbfb86-d109;Sombras sobre el Sol Negro;Caspian Vance;Historia de la Piedra;1777;827;1,62;41
77fa18b4-58a1;Códice de las Almas de Plomo;Isolde Vance;Alquimia Teórica;1699;439;3,14;7
ed2d7786-85e0;Vórtice de la Quintaesencia;Morgana Nightshade;Historia de la Piedra;1833;234;4,34;19
b8d1d7ce-1067;Códice de la Quintaesencia;Balthazar Blackwood;Historia de la Piedra;1155;963;2,78;28
7e82f97f-962b;Códice de las Almas de Plomo;Seraphine Sterling;Transmutación Metálica;1837;201;2,71;34
959ba97f-857a;Códice de el Azufre Sagrado;Morgana Crowley;Botánica Arcana;1959;1126;1,92;44
3ea1f416-7eb4;Sombras sobre el Azufre Sagrado;Thalric Sterling;Alquimia Teórica;1291;1101;4,91;23
ff353ab6-d666;Tratado de la Quintaesencia;Balthazar Flamel;Historia de la Piedra;1484;853;4;16
3dcba3f1-c1cc;El Enigma de la Transmutación Infinitas;Caspian Blackwood;Botánica Arcana;1276;182;2,51;13
f8c4ba40-5181;El Aliento de la Quintaesencia;Morgana Vance;Botánica Arcana;1126;1081;1,31;45
37149da4-c745;Tratado de el Mercurio Rojo;Aurelius Crowley;Transmutación Metálica;1262;871;3,1;17
0033e5eb-b9ef;Vórtice de las Almas de Plomo;Seraphine Blackwood;Alquimia Teórica;1587;1192;1,25;48
2598a3df-45f7;Tratado de las Almas de Plomo;Isolde Crowley;Historia de la Piedra;1644;229;2;16
5254033a-7682;Espejos de la Quintaesencia;Elara Blackwood;Alquimia Teórica;1107;917;3,53;36
e765d02d-47d8;Sombras sobre el Azufre Sagrado;Aurelius Vance;Historia de la Piedra;1788;541;4;29
a51f93c9-bb62;Tratado de la Transmutación Infinitas;Seraphine Crowley;Botánica Arcana;1835;305;3,61;18
c33d343d-82c8;Tratado de el Azufre Sagrado;Thalric Grimoire;Botánica Arcana;1407;923;2,57;16
b9f3dfd8-c4bf;El Enigma de la Quintaesencia;Thalric Blackwood;Alquimia Teórica;1384;120;1,21;36
07efff54-b627;El Enigma de el Sol Negro;Morgana Sterling;Botánica Arcana;1669;477;2,91;7
7b1596d6-2740;Vórtice de la Transmutación Infinitas;Elara Blackwood;Filosofía Prohibida;1515;1059;4,55;39
be661d43-04a8;Códice de el Mercurio Rojo;Aurelius Crowley;Transmutación Metálica;1418;506;1,59;48
79246c36-6590;Tratado de la Quintaesencia;Caspian Vance;Transmutación Metálica;1849;1490;3,01;15
70b2b457-cf7f;El Aliento de el Azufre Sagrado;Caspian Vance;Botánica Arcana;1684;1428;1,96;8
54b0312f-3a31;Vórtice de la Transmutación Infinitas;Thalric Nightshade;Historia de la Piedra;1330;694;4,97;20
7365238c-48f2;Códice de el Sol Negro;Elara Flamel;Filosofía Prohibida;1496;1382;4,31;18
f76d981d-b8cd;Espejos de el Mercurio Rojo;Elara Crowley;Historia de la Piedra;2006;1249;4,88;27
55261d88-81fa;Códice de las Almas de Plomo;Elara Flamel;Transmutación Metálica;1388;956;1,8;23
5cce798f-97b2;La Esencia de el Azufre Sagrado;Seraphine Grimoire;Filosofía Prohibida;1541;621;3,93;40
3db94281-0a6f;La Esencia de el Sol Negro;Isolde Blackwood;Botánica Arcana;1231;1443;4,36;14
33c8b752-dffd;Tratado de las Almas de Plomo;Morgana Grimoire;Filosofía Prohibida;1167;200;4,97;36
755d74b1-1bcc;Espejos de las Almas de Plomo;Caspian Nightshade;Alquimia Teórica;1277;294;3,65;46
38de1e98-e590;Sombras sobre el Mercurio Rojo;Morgana Vance;Filosofía Prohibida;1465;226;1,69;16
d4934c7a-6634;Códice de la Transmutación Infinitas;Balthazar Flamel;Botánica Arcana;1760;368;3,9;43
c5a62d36-8e48;Sombras sobre la Transmutación Infinitas;Elara Vance;Transmutación Metálica;1366;624;3,56;13
75215064-49c1;Tratado de el Azufre Sagrado;Isolde Blackwood;Filosofía Prohibida;1579;664;2,52;42
96d46cab-1885;Códice de la Quintaesencia;Thalric Vance;Historia de la Piedra;1586;728;4,92;16
a39873fc-e2e8;Tratado de la Quintaesencia;Thalric Flamel;Transmutación Metálica;1281;563;1,96;38
ed4f4206-1e50;Sombras sobre el Sol Negro;Balthazar Sterling;Transmutación Metálica;1443;931;1,5;4
e72ff598-34e6;Vórtice de las Almas de Plomo;Balthazar Nightshade;Historia de la Piedra;1912;288;2,63;46
ee89934c-8c8b;Tratado de las Almas de Plomo;Seraphine Crowley;Alquimia Teórica;1106;1242;2,37;1
719f28fa-007a;El Aliento de la Quintaesencia;Thalric Blackwood;Filosofía Prohibida;1111;217;1,48;13
d60d0767-18ac;La Esencia de las Almas de Plomo;Isolde Flamel;Transmutación Metálica;1271;252;4,43;44
6ce52a93-008e;El Enigma de la Transmutación Infinitas;Morgana Sterling;Transmutación Metálica;1159;168;1,88;20
9f0f7372-d6a9;Tratado de el Sol Negro;Caspian Nightshade;Botánica Arcana;1304;1236;1,45;26
0f2ef82b-280f;Tratado de la Transmutación Infinitas;Balthazar Vance;Transmutación Metálica;1678;1109;2,1;48
bbdd632e-8998;Tratado de la Quintaesencia;Morgana Nightshade;Botánica Arcana;1969;710;2,09;46
320d1d04-be17;El Enigma de las Almas de Plomo;Thalric Grimoire;Historia de la Piedra;1553;749;2,53;48
3f46e4e5-239b;Códice de el Sol Negro;Seraphine Blackwood;Historia de la Piedra;1605;1269;3,66;22
f1bcdfdc-a4e2;El Enigma de el Mercurio Rojo;Thalric Blackwood;Filosofía Prohibida;1504;834;4,6;2
2e33d6e8-5096;La Esencia de la Transmutación Infinitas;Balthazar Sterling;Filosofía Prohibida;1885;273;2,73;25
aa5773ea-93dc;Espejos de la Transmutación Infinitas;Caspian Grimoire;Botánica Arcana;1597;130;2,44;2
79aeee60-7a00;El Aliento de las Almas de Plomo;Aurelius Grimoire;Botánica Arcana;1286;290;2,92;17
f298cc86-fc64;Tratado de la Quintaesencia;Aurelius Nightshade;Botánica Arcana;1152;990;2,27;9
c904c96c-14de;Sombras sobre el Mercurio Rojo;Elara Sterling;Botánica Arcana;1539;1137;4,88;6
8fd15453-51a0;Códice de el Mercurio Rojo;Elara Vance;Transmutación Metálica;1335;269;4,84;50
143a7142-5a40;Vórtice de el Sol Negro;Isolde Flamel;Transmutación Metálica;1426;637;2,41;25
ea687ee9-cbe4;Tratado de la Quintaesencia;Morgana Grimoire;Alquimia Teórica;1906;775;2,62;24
e2703b05-6389;Espejos de el Sol Negro;Isolde Nightshade;Filosofía Prohibida;1188;566;3,02;7
4cc27b66-2ab8;La Esencia de el Azufre Sagrado;Seraphine Flamel;Filosofía Prohibida;1981;901;3,73;36
2646f03e-fcda;Vórtice de el Sol Negro;Aurelius Grimoire;Historia de la Piedra;1431;1316;3,28;43
41e9f538-1a4b;El Enigma de el Azufre Sagrado;Elara Flamel;Historia de la Piedra;1245;1491;4,68;49
08414215-d121;Espejos de el Mercurio Rojo;Elara Vance;Historia de la Piedra;1940;112;3,81;15
e059e332-558c;Espejos de la Transmutación Infinitas;Morgana Sterling;Transmutación Metálica;1924;1011;2,72;44
759bcd5b-76a9;Sombras sobre la Quintaesencia;Morgana Crowley;Filosofía Prohibida;1819;112;1,78;49
a24a644d-8a36;Vórtice de la Transmutación Infinitas;Isolde Blackwood;Historia de la Piedra;1628;114;1,42;21
72b5ba7c-4c55;Códice de las Almas de Plomo;Elara Crowley;Transmutación Metálica;1608;750;4,33;30
f545df97-afb9;Códice de el Sol Negro;Caspian Vance;Filosofía Prohibida;1706;1231;2,36;11
81501359-1beb;Sombras sobre la Quintaesencia;Thalric Blackwood;Filosofía Prohibida;1281;1298;2,29;38
c508692f-4367;Espejos de el Azufre Sagrado;Balthazar Nightshade;Filosofía Prohibida;1996;240;1,66;39
b76d37f3-c1e7;El Aliento de las Almas de Plomo;Seraphine Grimoire;Botánica Arcana;1480;1312;4,67;34
3585d35b-8d5f;El Aliento de el Azufre Sagrado;Caspian Nightshade;Historia de la Piedra;1614;736;3,53;20
7ccc84d8-7f9b;Espejos de la Transmutación Infinitas;Thalric Crowley;Filosofía Prohibida;1282;1112;3,96;33
cdcb7d2d-9422;Códice de la Quintaesencia;Seraphine Grimoire;Filosofía Prohibida;2019;874;3,73;2
b10e3245-3c1a;El Aliento de la Transmutación Infinitas;Seraphine Nightshade;Botánica Arcana;1882;475;2,22;2
7b523164-d721;Sombras sobre el Mercurio Rojo;Thalric Sterling;Alquimia Teórica;1158;1417;2,28;27
e72b68d1-04ed;La Esencia de la Transmutación Infinitas;Thalric Nightshade;Botánica Arcana;1503;1072;4,8;15
86742e2a-4a87;Vórtice de la Quintaesencia;Balthazar Crowley;Historia de la Piedra;1480;692;3,47;11
47751de4-399c;Vórtice de el Mercurio Rojo;Balthazar Nightshade;Filosofía Prohibida;1432;1363;4,35;28
c87fee50-2a5c;El Enigma de la Quintaesencia;Aurelius Sterling;Botánica Arcana;2002;1063;3,61;36
93fd449c-a210;Sombras sobre la Quintaesencia;Isolde Grimoire;Historia de la Piedra;1352;249;2,03;23
c2670c66-a605;Vórtice de el Azufre Sagrado;Elara Blackwood;Filosofía Prohibida;1127;589;2,13;2
1d022fdd-4ef1;Códice de la Transmutación Infinitas;Isolde Crowley;Historia de la Piedra;1507;1053;4,97;19
2af8dde8-59f0;Vórtice de el Sol Negro;Caspian Crowley;Alquimia Teórica;1391;914;4,94;12
10bf9e9d-ee2c;Tratado de la Transmutación Infinitas;Elara Blackwood;Botánica Arcana;1441;1465;4,81;23
e32f2996-5281;Tratado de el Azufre Sagrado;Thalric Vance;Alquimia Teórica;1530;460;4,96;49
9e34ab54-2e9a;Sombras sobre el Azufre Sagrado;Thalric Grimoire;Historia de la Piedra;1642;1033;4,39;46
f0172e45-7bee;El Aliento de el Sol Negro;Isolde Crowley;Alquimia Teórica;1169;1261;4,58;15
5935eedc-51f5;El Enigma de la Quintaesencia;Caspian Blackwood;Historia de la Piedra;1652;1493;2,33;34
d157cf29-6de7;Vórtice de las Almas de Plomo;Isolde Vance;Botánica Arcana;1466;264;2,69;35
bd0011f8-2601;Sombras sobre el Mercurio Rojo;Balthazar Vance;Filosofía Prohibida;1308;1113;1,07;17
adeebcb1-07a5;Vórtice de la Quintaesencia;Isolde Sterling;Historia de la Piedra;1866;1367;3,61;16
0e1f8f6d-b107;Espejos de el Mercurio Rojo;Thalric Grimoire;Historia de la Piedra;1618;880;2,94;32
bfa37c6b-43c5;La Esencia de el Mercurio Rojo;Morgana Nightshade;Alquimia Teórica;1752;1203;1,71;3
7453806c-9670;Vórtice de las Almas de Plomo;Aurelius Flamel;Filosofía Prohibida;1609;1413;4,31;49
bf45bf81-385a;Tratado de el Azufre Sagrado;Seraphine Crowley;Historia de la Piedra;1870;1129;2,49;13
90b69107-6ac5;Tratado de el Mercurio Rojo;Isolde Nightshade;Alquimia Teórica;1621;1024;2,39;14
fdd2d0fd-839a;Sombras sobre las Almas de Plomo;Morgana Grimoire;Filosofía Prohibida;1429;463;1,67;20
12dd1ac2-798b;Tratado de el Mercurio Rojo;Seraphine Vance;Historia de la Piedra;1131;1000;3,3;23
35b5e4a8-88c0;Códice de las Almas de Plomo;Balthazar Vance;Historia de la Piedra;1640;338;4,94;46
f4157956-3379;El Aliento de el Mercurio Rojo;Balthazar Crowley;Botánica Arcana;1275;1478;3,42;22
6a488ab3-4769;Vórtice de el Mercurio Rojo;Seraphine Vance;Transmutación Metálica;1684;82;3,52;36
b3d8da13-ecbd;Tratado de el Azufre Sagrado;Seraphine Blackwood;Historia de la Piedra;1836;512;2,74;0
b8cb9c13-e8fa;La Esencia de el Mercurio Rojo;Seraphine Vance;Transmutación Metálica;1202;853;3,07;17
95dd2119-d521;La Esencia de la Quintaesencia;Seraphine Crowley;Transmutación Metálica;1633;1473;2,7;23
67f1e5d9-f248;El Aliento de la Transmutación Infinitas;Aurelius Flamel;Alquimia Teórica;1941;651;2,59;25
ae7fe47c-9a17;La Esencia de las Almas de Plomo;Seraphine Flamel;Botánica Arcana;1587;83;2,47;21
e6426b28-24a2;Vórtice de el Sol Negro;Caspian Blackwood;Alquimia Teórica;1492;508;2,63;18
05a0d66b-631b;La Esencia de el Azufre Sagrado;Seraphine Grimoire;Filosofía Prohibida;1208;421;2,42;33
d5af2fe6-4e41;Sombras sobre la Transmutación Infinitas;Balthazar Blackwood;Botánica Arcana;1576;204;3,81;41
84e216c1-84fc;El Aliento de la Transmutación Infinitas;Thalric Vance;Botánica Arcana;1796;837;2,08;41
40b38463-5317;Tratado de las Almas de Plomo;Aurelius Vance;Botánica Arcana;1312;1030;2,12;37
107c7afc-cbeb;Códice de la Transmutación Infinitas;Elara Nightshade;Filosofía Prohibida;1769;631;3,21;20
ce7ff744-16d9;Tratado de el Sol Negro;Caspian Grimoire;Historia de la Piedra;1919;424;4,53;38
94fcf364-7c45;Códice de la Transmutación Infinitas;Thalric Flamel;Botánica Arcana;1388;328;3,8;44
71aaa22e-975c;Espejos de el Azufre Sagrado;Caspian Grimoire;Botánica Arcana;1656;847;1,21;24
73bb89fe-fffa;Espejos de la Quintaesencia;Elara Crowley;Alquimia Teórica;1139;336;3,12;10
3615eae1-f250;Tratado de la Quintaesencia;Morgana Crowley;Transmutación Metálica;1147;1180;4,92;24
af615262-234b;El Enigma de las Almas de Plomo;Morgana Sterling;Alquimia Teórica;1452;1357;2,89;46
ebfa0553-2972;La Esencia de el Azufre Sagrado;Caspian Vance;Historia de la Piedra;1224;1459;1,73;6
9fd6300d-38da;La Esencia de la Quintaesencia;Elara Nightshade;Transmutación Metálica;1902;173;1,85;2
7cf05fe8-847a;El Enigma de la Quintaesencia;Isolde Grimoire;Transmutación Metálica;1297;1179;1,16;6
6e26aecb-243f;Vórtice de el Sol Negro;Aurelius Blackwood;Filosofía Prohibida;1831;1388;4,18;18
1cd38436-67db;Espejos de las Almas de Plomo;Aurelius Grimoire;Historia de la Piedra;1454;1486;4,61;37
aa7193d6-8f87;Tratado de la Transmutación Infinitas;Isolde Nightshade;Botánica Arcana;1202;1083;4,28;27
677226ec-1236;El Aliento de la Transmutación Infinitas;Balthazar Grimoire;Botánica Arcana;1713;856;1,4;45
072030bf-c27f;Espejos de el Mercurio Rojo;Isolde Sterling;Historia de la Piedra;1319;1050;2,24;21
b3c3dfe2-5f9a;Espejos de el Mercurio Rojo;Morgana Sterling;Alquimia Teórica;1662;707;3,99;15
7f74990a-68bd;Tratado de las Almas de Plomo;Balthazar Crowley;Filosofía Prohibida;1515;440;1,65;4
10ea6135-d906;El Aliento de la Quintaesencia;Aurelius Flamel;Filosofía Prohibida;1351;189;1,84;8
e6a37b0e-a1c3;La Esencia de la Quintaesencia;Aurelius Grimoire;Alquimia Teórica;1545;287;4,71;47
577cad64-9110;El Aliento de la Quintaesencia;Isolde Blackwood;Transmutación Metálica;1298;699;4,36;34
9f7b0a5b-da8b;Espejos de el Azufre Sagrado;Morgana Grimoire;Botánica Arcana;1387;156;1,91;32
ec378bac-6fa8;Códice de la Transmutación Infinitas;Balthazar Grimoire;Botánica Arcana;1414;1153;3,74;0
5646fa2e-3f61;Códice de la Transmutación Infinitas;Balthazar Nightshade;Transmutación Metálica;1184;1450;1,15;32
e29c4a42-5808;La Esencia de el Azufre Sagrado;Caspian Blackwood;Alquimia Teórica;1257;1248;1,94;27
926120fb-2dc4;Tratado de las Almas de Plomo;Seraphine Sterling;Transmutación Metálica;1213;936;4,21;38
1c6426c1-a711;Códice de el Mercurio Rojo;Aurelius Vance;Botánica Arcana;1774;1103;2,73;40
896a3f08-c8ff;La Esencia de el Azufre Sagrado;Caspian Nightshade;Transmutación Metálica;1284;656;4,5;32
b58bcc87-d591;Tratado de las Almas de Plomo;Balthazar Grimoire;Alquimia Teórica;1299;260;4,3;42
08e58692-d193;El Enigma de el Sol Negro;Thalric Sterling;Filosofía Prohibida;1321;321;3,47;43
d6b2bd6e-2ba6;La Esencia de las Almas de Plomo;Aurelius Nightshade;Historia de la Piedra;1971;927;1,62;39
0ab33a85-36b3;El Enigma de la Quintaesencia;Aurelius Blackwood;Transmutación Metálica;1397;285;2,49;12
77cd8e2d-ace4;Códice de la Transmutación Infinitas;Caspian Vance;Botánica Arcana;1766;1053;2,96;48
a99f58fd-7a33;Vórtice de la Transmutación Infinitas;Thalric Blackwood;Historia de la Piedra;1758;1318;2,74;6
ac7c4378-8d86;Tratado de la Transmutación Infinitas;Balthazar Sterling;Transmutación Metálica;1530;358;3,2;32
d2142d61-da8a;La Esencia de la Quintaesencia;Seraphine Sterling;Transmutación Metálica;1938;364;4,24;32
302de264-bda9;Espejos de el Azufre Sagrado;Thalric Vance;Historia de la Piedra;1200;1498;1,91;19
a5c35060-6eb6;Códice de las Almas de Plomo;Elara Flamel;Botánica Arcana;1835;1388;4,9;4
825bd490-d621;El Enigma de el Sol Negro;Elara Crowley;Transmutación Metálica;2000;638;3,04;42
1797294b-fd94;Espejos de la Transmutación Infinitas;Seraphine Sterling;Botánica Arcana;1182;1177;1,57;19
1ad61f87-bc35;Tratado de las Almas de Plomo;Morgana Vance;Alquimia Teórica;1681;1490;4,55;17
fa5ab930-04f2;La Esencia de la Quintaesencia;Thalric Nightshade;Filosofía Prohibida;1244;1052;4,64;37
4875690f-c2c6;La Esencia de el Sol Negro;Balthazar Nightshade;Alquimia Teórica;1505;1239;4,44;46
6e692bf7-e1a9;Códice de la Transmutación Infinitas;Aurelius Vance;Botánica Arcana;1177;385;2,28;33
d4c5dcf0-156a;Tratado de el Azufre Sagrado;Thalric Nightshade;Historia de la Piedra;1206;197;4,32;9
3b71d608-f4ab;Vórtice de el Mercurio Rojo;Thalric Flamel;Botánica Arcana;1374;1402;1,52;0
6d5033cd-7eac;El Enigma de el Azufre Sagrado;Elara Blackwood;Filosofía Prohibida;1754;1296;4,08;43
b0adf879-c884;El Aliento de el Azufre Sagrado;Seraphine Sterling;Filosofía Prohibida;1678;333;1,3;48
0eb3f351-f36d;Espejos de la Quintaesencia;Caspian Nightshade;Botánica Arcana;1719;1431;3,42;15
6e86007b-68db;El Aliento de la Transmutación Infinitas;Aurelius Grimoire;Filosofía Prohibida;1497;395;1,87;5
6877dce7-e3a0;El Aliento de el Mercurio Rojo;Aurelius Grimoire;Alquimia Teórica;1282;1271;3,13;19
b00f961c-a442;Espejos de el Sol Negro;Balthazar Blackwood;Alquimia Teórica;1276;496;4,62;33
f5446278-7e0a;Códice de el Azufre Sagrado;Thalric Grimoire;Transmutación Metálica;1872;239;1,66;31
c608c0f7-b7c6;Sombras sobre la Transmutación Infinitas;Seraphine Sterling;Botánica Arcana;1516;973;2,61;50
ba235bb4-87a3;El Enigma de las Almas de Plomo;Morgana Flamel;Historia de la Piedra;1704;1464;3,54;45
d4da9297-3759;Sombras sobre la Transmutación Infinitas;Morgana Vance;Alquimia Teórica;1423;486;4,06;50
51736342-10a2;Sombras sobre el Mercurio Rojo;Elara Sterling;Transmutación Metálica;1700;910;2,85;9
d1134daf-2bdc;Espejos de las Almas de Plomo;Seraphine Blackwood;Botánica Arcana;1107;187;4,73;16
60eeb686-4040;Códice de el Mercurio Rojo;Elara Nightshade;Historia de la Piedra;1439;296;4,44;5
1472544f-1152;Tratado de el Sol Negro;Morgana Nightshade;Transmutación Metálica;1167;905;2,16;40
4ef1a39a-4e9d;El Enigma de la Transmutación Infinitas;Morgana Sterling;Alquimia Teórica;1718;507;4,6;14
7d34ae5c-046b;Espejos de la Quintaesencia;Thalric Grimoire;Alquimia Teórica;1147;101;1,67;11
7069e81e-9401;La Esencia de la Quintaesencia;Caspian Grimoire;Historia de la Piedra;1777;1182;1,55;22
1172b0ba-9d14;Tratado de la Transmutación Infinitas;Isolde Flamel;Historia de la Piedra;1106;1357;4,52;47
5bbb2980-5ea8;Sombras sobre el Azufre Sagrado;Balthazar Crowley;Transmutación Metálica;1587;275;4,02;10
5d3b03fd-4028;Vórtice de el Sol Negro;Isolde Sterling;Alquimia Teórica;1380;1419;3,87;35
06eba8e1-6895;Sombras sobre el Sol Negro;Thalric Sterling;Filosofía Prohibida;1846;759;4,04;49
68bc53a0-bc10;Espejos de el Sol Negro;Thalric Nightshade;Historia de la Piedra;1647;1119;2,2;25
be79a79f-6969;Tratado de la Transmutación Infinitas;Caspian Blackwood;Historia de la Piedra;1581;814;2,74;50
f62a1b87-36d7;El Enigma de la Transmutación Infinitas;Balthazar Crowley;Alquimia Teórica;1242;877;4,35;39
5df23fe2-f145;La Esencia de el Sol Negro;Morgana Nightshade;Botánica Arcana;1345;1041;2,35;42
b1356169-f39f;Vórtice de las Almas de Plomo;Elara Flamel;Transmutación Metálica;1950;1003;3,81;10
32d25e9a-774f;Códice de las Almas de Plomo;Caspian Blackwood;Alquimia Teórica;1393;1063;2,54;8
803081ae-6239;El Enigma de el Mercurio Rojo;Morgana Grimoire;Alquimia Teórica;1863;1242;2,49;23
2c8edeab-602b;Espejos de las Almas de Plomo;Balthazar Sterling;Historia de la Piedra;1325;835;4,65;22
a96a3869-4c15;Códice de la Quintaesencia;Balthazar Sterling;Filosofía Prohibida;1983;1404;3,71;3
08b4f6d7-39b2;La Esencia de el Sol Negro;Elara Nightshade;Botánica Arcana;1159;625;2,4;34
f293093b-6aa5;La Esencia de el Sol Negro;Elara Vance;Alquimia Teórica;1897;515;4,95;20
40b22ee3-0b53;Códice de la Transmutación Infinitas;Aurelius Blackwood;Transmutación Metálica;1616;344;1,51;31
3f8b5ac9-becd;El Enigma de el Sol Negro;Aurelius Nightshade;Historia de la Piedra;1971;664;2,27;9
23293c15-d037;Vórtice de la Quintaesencia;Elara Flamel;Botánica Arcana;2002;1348;2,53;34
6b76ef23-6c7b;Sombras sobre el Mercurio Rojo;Aurelius Crowley;Alquimia Teórica;1486;89;4,94;14
fe7e6f64-16df;El Enigma de el Sol Negro;Balthazar Flamel;Botánica Arcana;1430;1329;2,48;33
d1f4a8fd-1544;Códice de el Azufre Sagrado;Seraphine Blackwood;Transmutación Metálica;1462;1071;4,62;19
e9ce082d-b595;Tratado de la Quintaesencia;Isolde Crowley;Transmutación Metálica;1836;1474;1,43;42
cee61185-383b;El Aliento de las Almas de Plomo;Morgana Flamel;Alquimia Teórica;1488;1391;4,36;48
5f7538aa-1115;El Aliento de el Mercurio Rojo;Balthazar Crowley;Historia de la Piedra;1622;133;4,82;18
6ae6a9a4-def2;Códice de el Azufre Sagrado;Balthazar Grimoire;Filosofía Prohibida;1328;764;4,02;14
9c1f0081-473b;Códice de las Almas de Plomo;Isolde Flamel;Filosofía Prohibida;1248;1401;1,31;37
c0532aed-7099;El Enigma de el Mercurio Rojo;Thalric Sterling;Historia de la Piedra;1782;1351;4,45;27
1cec57b3-5b4e;Tratado de el Sol Negro;Caspian Vance;Alquimia Teórica;1215;1052;4,69;13
1adb8479-dd8e;Espejos de las Almas de Plomo;Balthazar Vance;Filosofía Prohibida;1876;1032;2,03;46
8240aea8-7bbd;Espejos de el Sol Negro;Caspian Vance;Filosofía Prohibida;1523;225;4,6;5
7f773f78-c68c;El Enigma de el Mercurio Rojo;Elara Vance;Historia de la Piedra;2012;656;2,75;42
425803e0-af30;Códice de la Transmutación Infinitas;Isolde Nightshade;Botánica Arcana;1384;1039;1,24;6
9b3808eb-ac98;Tratado de las Almas de Plomo;Elara Blackwood;Transmutación Metálica;1213;660;2,3;4
67bcc3aa-5813;El Enigma de el Azufre Sagrado;Balthazar Sterling;Transmutación Metálica;1649;626;1,46;50
dedc4467-0487;El Enigma de las Almas de Plomo;Elara Grimoire;Filosofía Prohibida;1357;217;2,51;21
c6a973c6-a4a5;Tratado de las Almas de Plomo;Thalric Crowley;Alquimia Teórica;1405;1364;2,28;32
d08072df-847c;El Enigma de el Mercurio Rojo;Thalric Crowley;Transmutación Metálica;1355;1127;1,51;22
ba4de0dd-555f;Tratado de el Mercurio Rojo;Caspian Flamel;Botánica Arcana;1912;1113;3,46;36
686baf55-e0eb;La Esencia de el Azufre Sagrado;Morgana Grimoire;Transmutación Metálica;1218;432;3,62;15
8f909fb6-d880;Vórtice de las Almas de Plomo;Morgana Blackwood;Botánica Arcana;1495;1024;2,14;22
2dc80edd-d7ff;La Esencia de el Azufre Sagrado;Aurelius Grimoire;Botánica Arcana;1456;348;2,86;2
ba9c5f87-1918;Códice de la Quintaesencia;Aurelius Flamel;Historia de la Piedra;1366;787;1,39;32
fb483624-44e7;Sombras sobre la Quintaesencia;Seraphine Sterling;Historia de la Piedra;1555;1257;2,01;14
c874302a-3677;El Enigma de las Almas de Plomo;Elara Grimoire;Alquimia Teórica;1266;1430;3,74;41
f190e435-8e5f;Espejos de el Mercurio Rojo;Isolde Sterling;Alquimia Teórica;1101;621;3,37;11
dbe6c662-15d8;El Enigma de la Transmutación Infinitas;Thalric Flamel;Alquimia Teórica;1836;706;4,86;24
8652b196-dce5;Sombras sobre el Sol Negro;Morgana Blackwood;Alquimia Teórica;1788;425;3,5;17
6387e39f-43bf;El Aliento de el Azufre Sagrado;Balthazar Vance;Transmutación Metálica;1762;331;2,52;32
d81f21e2-4d43;Códice de el Mercurio Rojo;Balthazar Grimoire;Historia de la Piedra;1763;1360;4,33;1
7cf75fcf-be3b;El Aliento de la Transmutación Infinitas;Elara Crowley;Filosofía Prohibida;1246;742;1,99;46
b6e27401-c20e;Vórtice de el Mercurio Rojo;Thalric Sterling;Botánica Arcana;1762;1127;1,06;2
482c9f24-0cd7;Sombras sobre el Mercurio Rojo;Elara Blackwood;Alquimia Teórica;1226;88;1,83;13
aae7cdb6-9650;Sombras sobre las Almas de Plomo;Isolde Grimoire;Historia de la Piedra;1252;523;4,57;22
90da19ee-b654;El Aliento de la Transmutación Infinitas;Aurelius Flamel;Transmutación Metálica;1801;683;3,66;41
d33b386a-596a;Sombras sobre el Azufre Sagrado;Balthazar Crowley;Transmutación Metálica;1953;1491;2,93;21
697434b5-eae3;El Enigma de la Transmutación Infinitas;Thalric Crowley;Transmutación Metálica;1979;1170;3,4;41
53e87cc2-45a0;La Esencia de la Transmutación Infinitas;Isolde Vance;Botánica Arcana;1377;1160;2,9;41
0e6c9e0b-97e1;Códice de las Almas de Plomo;Isolde Flamel;Alquimia Teórica;1704;443;1,76;9
bfcd9b9b-b8bc;Tratado de la Quintaesencia;Morgana Nightshade;Historia de la Piedra;1663;854;4,59;40
903e67f9-77f2;El Aliento de la Transmutación Infinitas;Caspian Nightshade;Transmutación Metálica;1985;1351;1,02;28
1620165d-b63a;La Esencia de la Transmutación Infinitas;Morgana Blackwood;Filosofía Prohibida;1300;269;2,08;6
59959aad-d1aa;El Enigma de el Mercurio Rojo;Morgana Flamel;Alquimia Teórica;1426;635;4,22;49
831b999f-cbf5;La Esencia de las Almas de Plomo;Morgana Vance;Transmutación Metálica;1803;532;4,35;30
2f996858-ec94;El Enigma de la Transmutación Infinitas;Thalric Grimoire;Filosofía Prohibida;1772;974;3,25;39
9c1295b0-f2b6;Códice de la Quintaesencia;Aurelius Flamel;Historia de la Piedra;1488;459;1,53;12
6fb9bfb5-1764;Sombras sobre la Quintaesencia;Thalric Vance;Alquimia Teórica;1542;860;4,52;8
7edd26fe-7823;El Enigma de la Transmutación Infinitas;Seraphine Vance;Historia de la Piedra;1906;1366;1,43;37
7497b3e1-ac96;El Enigma de el Azufre Sagrado;Balthazar Nightshade;Botánica Arcana;1187;705;2,38;1
f604e582-9119;El Aliento de las Almas de Plomo;Seraphine Crowley;Transmutación Metálica;1398;1009;3,08;45
144c2bd4-61ba;La Esencia de el Mercurio Rojo;Thalric Flamel;Transmutación Metálica;1682;852;1,97;46
f1145f93-188a;Vórtice de el Sol Negro;Morgana Flamel;Transmutación Metálica;1183;940;4,64;18
b0c3bc92-2568;El Enigma de las Almas de Plomo;Seraphine Nightshade;Transmutación Metálica;1832;1027;4,39;4
b9a9fc34-5b60;Vórtice de el Sol Negro;Elara Nightshade;Historia de la Piedra;1192;566;1,86;43
97631ed1-9142;El Aliento de el Sol Negro;Isolde Nightshade;Alquimia Teórica;1292;290;4,04;15
99d71b23-b1e0;Espejos de las Almas de Plomo;Aurelius Crowley;Filosofía Prohibida;1970;1130;1,79;48
0fb70970-47e2;Espejos de las Almas de Plomo;Seraphine Flamel;Historia de la Piedra;1835;908;1,2;1
a48f998f-978f;Tratado de la Quintaesencia;Aurelius Nightshade;Historia de la Piedra;1864;804;4,7;28
e3e21afc-2938;Códice de las Almas de Plomo;Caspian Crowley;Historia de la Piedra;1157;280;1,42;28
9de5a268-d4d6;Espejos de la Quintaesencia;Isolde Grimoire;Filosofía Prohibida;1548;210;2,21;29
69aef1d0-4852;Vórtice de el Sol Negro;Morgana Vance;Filosofía Prohibida;1205;234;4,68;48
ea386d22-7838;Vórtice de el Sol Negro;Elara Sterling;Historia de la Piedra;1813;1028;4,09;12
d6e8dd38-676b;El Enigma de las Almas de Plomo;Morgana Grimoire;Botánica Arcana;1382;1363;1,88;12
9be1aa0e-e078;Vórtice de el Azufre Sagrado;Isolde Grimoire;Alquimia Teórica;1515;1201;1,33;35
ef661c35-f3b7;La Esencia de la Quintaesencia;Morgana Flamel;Alquimia Teórica;1685;841;4;18
6bd96a1f-91a7;El Aliento de la Transmutación Infinitas;Seraphine Vance;Filosofía Prohibida;1185;1022;1,4;25
f7278dec-4f22;La Esencia de la Quintaesencia;Morgana Nightshade;Alquimia Teórica;1754;547;2,17;15
915126e2-ff13;Espejos de la Transmutación Infinitas;Seraphine Flamel;Filosofía Prohibida;1243;320;3,68;19
fd447bd7-96bc;Tratado de el Azufre Sagrado;Seraphine Crowley;Botánica Arcana;1488;418;1,34;27
f1116744-9985;La Esencia de la Quintaesencia;Seraphine Nightshade;Botánica Arcana;1943;757;1,67;47
6e537f0c-bed9;El Enigma de el Sol Negro;Elara Nightshade;Transmutación Metálica;2019;1341;3,41;31
6670fc72-9bfe;Tratado de el Sol Negro;Isolde Vance;Botánica Arcana;1592;660;4,87;42
df92b24f-25fc;Espejos de las Almas de Plomo;Balthazar Flamel;Alquimia Teórica;1145;467;4,08;38
43bff6ea-674f;Vórtice de las Almas de Plomo;Aurelius Grimoire;Filosofía Prohibida;1709;370;3,9;6
5a8d2960-0843;Sombras sobre la Quintaesencia;Morgana Grimoire;Historia de la Piedra;1692;1410;3,87;20
75c4ff14-de66;El Aliento de el Azufre Sagrado;Morgana Nightshade;Transmutación Metálica;1467;1393;3,66;45
d48f3a7c-6f5d;La Esencia de la Quintaesencia;Elara Flamel;Alquimia Teórica;1874;1069;1,49;34
45cbe3da-d03a;El Aliento de la Transmutación Infinitas;Morgana Flamel;Transmutación Metálica;1490;567;1,05;43
91b9e185-cbbd;Vórtice de las Almas de Plomo;Balthazar Flamel;Transmutación Metálica;1312;591;4,07;50
ce22d754-960d;Sombras sobre el Azufre Sagrado;Morgana Sterling;Filosofía Prohibida;1755;309;2,79;50
3c35bcd2-c86a;El Enigma de el Mercurio Rojo;Elara Crowley;Filosofía Prohibida;1894;452;4,31;21
5d51dffc-6e81;Espejos de la Quintaesencia;Caspian Vance;Transmutación Metálica;1304;375;2,05;4
33d75839-ae0a;Sombras sobre el Sol Negro;Seraphine Nightshade;Filosofía Prohibida;1646;1342;4,18;22
15dc8ecd-1d1d;El Aliento de el Sol Negro;Morgana Crowley;Alquimia Teórica;1525;170;3,83;1
34881557-f041;El Aliento de la Quintaesencia;Isolde Blackwood;Filosofía Prohibida;1753;108;3,2;5
52b8c158-e9e8;Espejos de las Almas de Plomo;Seraphine Flamel;Filosofía Prohibida;1770;1445;1,14;21
09c1cabd-5e29;Vórtice de el Mercurio Rojo;Seraphine Grimoire;Filosofía Prohibida;2000;1437;1,63;31
0d35ea6d-c14e;Vórtice de la Quintaesencia;Thalric Flamel;Transmutación Metálica;1361;1057;3,86;0
f4e36417-75d4;El Aliento de el Mercurio Rojo;Elara Grimoire;Transmutación Metálica;1645;464;1,01;7
c721dbef-f870;La Esencia de la Transmutación Infinitas;Thalric Nightshade;Transmutación Metálica;1496;1317;2,51;32
5f0a4d55-eb1c;El Enigma de el Mercurio Rojo;Balthazar Nightshade;Botánica Arcana;1766;1063;1,34;41
63bab49d-52f5;Vórtice de el Azufre Sagrado;Seraphine Blackwood;Botánica Arcana;1802;662;3,65;23
a1a86fc7-d263;Códice de la Transmutación Infinitas;Caspian Flamel;Filosofía Prohibida;1380;325;1,95;14
bc83daf9-efe1;Vórtice de la Quintaesencia;Balthazar Grimoire;Filosofía Prohibida;1270;408;4,32;5
267cc481-c364;Vórtice de la Quintaesencia;Elara Vance;Transmutación Metálica;1411;102;1,76;29
dbf43c3a-76f2;Vórtice de el Mercurio Rojo;Isolde Nightshade;Historia de la Piedra;1460;488;1,84;42
e39053a8-44d2;Vórtice de el Azufre Sagrado;Caspian Crowley;Botánica Arcana;1739;709;3,81;27
285fee62-57f0;Vórtice de la Transmutación Infinitas;Elara Crowley;Historia de la Piedra;1969;253;2,13;22
656ff133-af48;Códice de el Azufre Sagrado;Elara Blackwood;Transmutación Metálica;1479;1145;4,91;8
8977c259-65c2;Espejos de el Azufre Sagrado;Seraphine Flamel;Historia de la Piedra;1221;1094;5;49
1b08b0a2-d3ff;El Enigma de el Mercurio Rojo;Caspian Crowley;Transmutación Metálica;1943;1202;1,7;12
dfea7283-af7f;Vórtice de el Mercurio Rojo;Seraphine Vance;Transmutación Metálica;1156;474;1,14;41
5653a846-0fb1;El Aliento de el Sol Negro;Aurelius Sterling;Filosofía Prohibida;1982;1020;3,28;34
18f31a4e-61fd;El Aliento de el Azufre Sagrado;Thalric Vance;Transmutación Metálica;1678;1332;3,76;23
eaf91779-0a81;Códice de la Quintaesencia;Morgana Flamel;Botánica Arcana;1233;638;4,5;36
425ae0ee-44f1;Sombras sobre las Almas de Plomo;Balthazar Blackwood;Botánica Arcana;1256;1119;4,03;26
6af96152-61ce;Sombras sobre la Transmutación Infinitas;Morgana Nightshade;Alquimia Teórica;1538;568;1,26;33
2d2501da-542e;Espejos de el Azufre Sagrado;Aurelius Sterling;Alquimia Teórica;1740;587;1,15;20
464044ea-aa6b;El Enigma de la Transmutación Infinitas;Elara Vance;Alquimia Teórica;1894;760;4,78;10
1ae8fa7c-969e;Vórtice de el Sol Negro;Seraphine Flamel;Filosofía Prohibida;1824;1085;2,5;26
6885342f-cb5f;Sombras sobre las Almas de Plomo;Elara Flamel;Filosofía Prohibida;1542;1235;3,38;26
5f72ad21-2416;Espejos de las Almas de Plomo;Elara Nightshade;Botánica Arcana;1818;1026;4,42;28
c90ccb89-985f;La Esencia de el Mercurio Rojo;Caspian Crowley;Transmutación Metálica;1223;978;4,32;20
6d09f1ee-ed8a;Vórtice de la Quintaesencia;Elara Blackwood;Filosofía Prohibida;1682;1061;2,14;42
37821ab6-6537;Códice de la Quintaesencia;Balthazar Sterling;Filosofía Prohibida;1235;1364;3,28;10
88f0a325-dc33;La Esencia de la Transmutación Infinitas;Morgana Flamel;Botánica Arcana;1388;466;1,12;48
d75a135d-95b7;Sombras sobre el Azufre Sagrado;Aurelius Vance;Alquimia Teórica;1999;554;3,89;46
f6e28bc9-c27f;Sombras sobre el Mercurio Rojo;Elara Nightshade;Botánica Arcana;1441;102;2,02;28
6c1d0c07-8aa9;Sombras sobre el Mercurio Rojo;Elara Grimoire;Filosofía Prohibida;1774;1162;1,32;36
192de6c8-7577;Vórtice de la Transmutación Infinitas;Thalric Sterling;Historia de la Piedra;1990;344;1,53;24
43c0a4a7-3128;Espejos de la Transmutación Infinitas;Caspian Vance;Historia de la Piedra;1366;1006;4,76;37
f22af908-62be;La Esencia de las Almas de Plomo;Thalric Sterling;Filosofía Prohibida;1906;684;1,8;32
0715fdaa-b948;El Aliento de el Mercurio Rojo;Thalric Crowley;Alquimia Teórica;1614;389;3,35;39
e48df5a9-6b9a;Espejos de el Mercurio Rojo;Aurelius Vance;Historia de la Piedra;1595;1067;4,18;24
68f81d31-c2ed;Códice de el Mercurio Rojo;Seraphine Flamel;Alquimia Teórica;1222;487;1,99;39
6a69bd35-6c7c;El Enigma de el Mercurio Rojo;Caspian Grimoire;Transmutación Metálica;1733;374;1,27;50
41ea3957-4401;La Esencia de el Azufre Sagrado;Balthazar Sterling;Botánica Arcana;1385;1171;3,47;8
4fbdbe1d-6b08;Códice de el Sol Negro;Isolde Sterling;Filosofía Prohibida;1477;379;3,67;40
db7c56ed-c9bf;Espejos de el Sol Negro;Caspian Vance;Botánica Arcana;1942;1476;3,02;16
293cae11-1c4f;El Enigma de el Sol Negro;Isolde Crowley;Alquimia Teórica;1101;303;1,09;24
6e8cb97f-230f;La Esencia de la Quintaesencia;Balthazar Blackwood;Filosofía Prohibida;1603;1326;1,87;21
75db4eee-582b;Vórtice de la Transmutación Infinitas;Balthazar Nightshade;Filosofía Prohibida;1998;733;1,19;10
a4a8652e-821c;El Enigma de el Sol Negro;Caspian Crowley;Alquimia Teórica;1392;1060;4,05;19
6058a5cd-cf19;Tratado de el Sol Negro;Balthazar Nightshade;Transmutación Metálica;1320;1458;4,5;0
114ca841-bea5;El Aliento de la Quintaesencia;Seraphine Flamel;Botánica Arcana;1192;375;2,95;8
cfe6dbf2-7bc4;El Aliento de el Sol Negro;Caspian Blackwood;Filosofía Prohibida;1986;978;3,26;48
78f868c1-4d44;La Esencia de las Almas de Plomo;Balthazar Sterling;Alquimia Teórica;1404;1038;3,08;2
46a6832a-5f52;Sombras sobre el Sol Negro;Isolde Flamel;Alquimia Teórica;1574;962;2,62;32
11c0c752-00fd;El Aliento de la Quintaesencia;Balthazar Blackwood;Filosofía Prohibida;1590;419;4,9;4
8a381766-302c;Espejos de la Transmutación Infinitas;Elara Blackwood;Transmutación Metálica;1324;921;3,01;10
91b69c59-e6e1;Tratado de la Quintaesencia;Balthazar Flamel;Botánica Arcana;1347;1452;1,3;39
c714ec21-d776;Sombras sobre la Quintaesencia;Balthazar Vance;Transmutación Metálica;1717;851;3,91;13
9f359e7e-47ec;La Esencia de las Almas de Plomo;Caspian Crowley;Transmutación Metálica;1661;1398;1,36;13
c7e63efc-04a2;El Aliento de las Almas de Plomo;Caspian Grimoire;Botánica Arcana;1283;748;4,53;47
904b24c0-fe50;Espejos de la Quintaesencia;Seraphine Nightshade;Alquimia Teórica;1694;403;4,6;29
9b510a55-8a35;Vórtice de el Azufre Sagrado;Morgana Vance;Filosofía Prohibida;1854;1076;3,59;41
ef624040-4271;El Enigma de la Transmutación Infinitas;Isolde Vance;Historia de la Piedra;1985;901;4,96;11
7c08adc4-3e9d;El Aliento de el Sol Negro;Aurelius Crowley;Alquimia Teórica;1206;650;1,33;20
6f312233-269c;La Esencia de el Azufre Sagrado;Caspian Flamel;Historia de la Piedra;1460;353;3,63;1
0a6849e3-6d20;Códice de la Quintaesencia;Caspian Blackwood;Filosofía Prohibida;1265;583;4,54;5
6a210e2e-299e;Códice de las Almas de Plomo;Caspian Vance;Transmutación Metálica;1687;191;4,92;9
cd9d0815-6eae;Sombras sobre el Sol Negro;Morgana Grimoire;Alquimia Teórica;1615;928;1,42;8
f1aafc4c-b7fd;Tratado de la Quintaesencia;Caspian Vance;Alquimia Teórica;1311;1232;2,95;48
2ed96139-1538;El Enigma de la Quintaesencia;Balthazar Flamel;Filosofía Prohibida;1800;992;3,13;34
2a7a0578-2729;El Enigma de el Sol Negro;Seraphine Blackwood;Alquimia Teórica;1108;634;3,43;50
8c4f0758-88d0;El Aliento de el Azufre Sagrado;Morgana Blackwood;Filosofía Prohibida;1599;1248;1,48;48
f8189096-cae3;Sombras sobre el Azufre Sagrado;Aurelius Sterling;Historia de la Piedra;1216;494;3,25;4
da4a31f2-8341;Sombras sobre el Mercurio Rojo;Seraphine Vance;Filosofía Prohibida;1437;1300;1,53;44
3444f137-d117;La Esencia de la Transmutación Infinitas;Morgana Blackwood;Alquimia Teórica;1774;1401;4,75;46
25b3aeff-cba9;El Enigma de el Azufre Sagrado;Seraphine Crowley;Alquimia Teórica;1251;1345;1,28;40
d6717ae1-c7f8;Códice de la Transmutación Infinitas;Caspian Blackwood;Botánica Arcana;1579;457;3,82;22
445d8cd7-941c;Vórtice de la Quintaesencia;Aurelius Crowley;Transmutación Metálica;1884;970;2,46;20
09e540a9-b070;La Esencia de la Transmutación Infinitas;Isolde Flamel;Botánica Arcana;1771;157;1,03;36
37751bb9-f265;La Esencia de la Transmutación Infinitas;Aurelius Vance;Alquimia Teórica;1682;1070;2,29;33
5e241f3d-160d;Sombras sobre las Almas de Plomo;Thalric Flamel;Historia de la Piedra;1378;1330;4,24;19
59755f9b-37b0;La Esencia de la Quintaesencia;Thalric Flamel;Transmutación Metálica;1824;1324;1,08;45
f680d9c6-4162;Tratado de el Sol Negro;Morgana Nightshade;Historia de la Piedra;1883;1379;2,51;1
77723069-afdc;El Enigma de las Almas de Plomo;Balthazar Crowley;Transmutación Metálica;1893;146;1,71;45
868aa0e9-cbe1;Tratado de el Azufre Sagrado;Elara Crowley;Transmutación Metálica;1833;565;4,81;26
4787f4db-c274;Vórtice de la Transmutación Infinitas;Thalric Flamel;Filosofía Prohibida;1743;1174;4,39;41
04bf93af-3631;Códice de la Quintaesencia;Balthazar Flamel;Alquimia Teórica;1554;325;3,21;9
689ec35a-4202;La Esencia de la Transmutación Infinitas;Isolde Nightshade;Historia de la Piedra;1924;455;1,46;49
8223f199-1351;Vórtice de la Quintaesencia;Balthazar Grimoire;Filosofía Prohibida;1244;978;1,04;43
8ea8e695-2f50;El Enigma de el Azufre Sagrado;Aurelius Flamel;Transmutación Metálica;1162;815;3,17;40
4ed319ab-4ba6;El Aliento de el Azufre Sagrado;Isolde Vance;Filosofía Prohibida;1912;924;4,49;48
8ec549c8-fab0;La Esencia de el Azufre Sagrado;Isolde Grimoire;Botánica Arcana;1114;146;3,83;30
edc9d5e8-0b4c;Códice de el Sol Negro;Thalric Crowley;Alquimia Teórica;1809;1156;3,11;45
c79efc65-8c74;La Esencia de las Almas de Plomo;Seraphine Flamel;Botánica Arcana;1355;283;4,27;2
fb775c4e-1d4f;Tratado de la Transmutación Infinitas;Isolde Grimoire;Historia de la Piedra;1271;985;1,8;5
80969442-a378;Vórtice de el Mercurio Rojo;Caspian Flamel;Historia de la Piedra;1681;1337;2,33;45
f8c2ab37-adea;Códice de las Almas de Plomo;Caspian Sterling;Historia de la Piedra;1383;659;3,26;11
e1a53874-7451;Códice de el Azufre Sagrado;Aurelius Crowley;Transmutación Metálica;1549;468;2,81;11
7949d941-5c4c;Sombras sobre la Transmutación Infinitas;Caspian Nightshade;Transmutación Metálica;1175;1388;3,85;38
36d8c627-d986;Tratado de la Transmutación Infinitas;Aurelius Vance;Alquimia Teórica;1698;661;4,07;49
1920399c-da7e;El Enigma de la Transmutación Infinitas;Elara Vance;Botánica Arcana;1574;1114;4,17;48
d582b52e-38e4;La Esencia de el Mercurio Rojo;Caspian Vance;Alquimia Teórica;1583;1154;2,71;8
81ce8fe7-1ee5;El Aliento de el Sol Negro;Balthazar Nightshade;Botánica Arcana;1514;489;3,53;30
5f5a6351-6e7e;Códice de la Quintaesencia;Isolde Crowley;Botánica Arcana;1288;163;1,15;43
3251bd72-7a17;El Enigma de las Almas de Plomo;Seraphine Crowley;Botánica Arcana;1620;1099;4,3;34
e1b40dcc-5e1b;Vórtice de el Azufre Sagrado;Balthazar Grimoire;Filosofía Prohibida;1516;904;3,03;45
afd1216d-8d84;Tratado de el Sol Negro;Morgana Sterling;Transmutación Metálica;2012;1013;4,26;24
5fffd203-7003;Espejos de la Transmutación Infinitas;Elara Nightshade;Historia de la Piedra;1586;644;1,66;46
25b7bccd-dcec;Tratado de la Quintaesencia;Thalric Crowley;Filosofía Prohibida;1850;976;1,21;21
562c1457-8a41;Sombras sobre la Quintaesencia;Balthazar Sterling;Transmutación Metálica;1631;1307;2,51;41
5a7a0716-42ba;El Enigma de la Transmutación Infinitas;Seraphine Sterling;Historia de la Piedra;1878;269;4,72;24
1a10e6ec-b475;Espejos de el Sol Negro;Thalric Nightshade;Filosofía Prohibida;1821;965;3,38;16
d46ebfd9-61d6;El Enigma de el Mercurio Rojo;Caspian Sterling;Transmutación Metálica;1176;590;1,71;0
dfe85062-32df;Tratado de el Azufre Sagrado;Thalric Flamel;Alquimia Teórica;1204;341;4,35;14
d6d3447b-7578;La Esencia de el Azufre Sagrado;Thalric Blackwood;Alquimia Teórica;1742;718;4,3;15
6e3d2196-2200;Tratado de la Quintaesencia;Balthazar Vance;Transmutación Metálica;1675;891;3,18;25
b507c107-fe04;Vórtice de el Azufre Sagrado;Balthazar Nightshade;Botánica Arcana;1330;393;3,96;11
dd919b88-5684;Espejos de el Sol Negro;Balthazar Flamel;Filosofía Prohibida;1186;1450;4,87;0
34aa76d0-9403;Espejos de el Azufre Sagrado;Seraphine Sterling;Botánica Arcana;1361;1084;2,47;19
bcf841a8-7e2a;Vórtice de las Almas de Plomo;Elara Grimoire;Botánica Arcana;1604;1451;2,05;30
07652fcf-6fb2;El Enigma de el Mercurio Rojo;Seraphine Nightshade;Botánica Arcana;1265;423;4,73;21
bdbdcd68-ed15;Espejos de las Almas de Plomo;Seraphine Crowley;Filosofía Prohibida;1416;146;4,38;6
eadee9fa-cebc;La Esencia de la Transmutación Infinitas;Elara Blackwood;Alquimia Teórica;1108;229;2,14;42
5560ff4c-6ea3;Códice de el Azufre Sagrado;Aurelius Flamel;Alquimia Teórica;1172;1214;4,07;13
0546839c-4123;Espejos de el Mercurio Rojo;Caspian Crowley;Alquimia Teórica;2005;1336;2,21;19
9d1399f8-20fc;El Aliento de la Transmutación Infinitas;Morgana Grimoire;Filosofía Prohibida;1814;214;2,74;34
83a9c275-781c;Espejos de el Sol Negro;Caspian Nightshade;Historia de la Piedra;1922;808;4,27;16
27e21417-f764;La Esencia de la Quintaesencia;Seraphine Sterling;Alquimia Teórica;1865;1128;4,05;9
a09fb9ae-3176;La Esencia de el Sol Negro;Morgana Blackwood;Filosofía Prohibida;1422;213;2,23;1
f924cb16-0957;La Esencia de la Quintaesencia;Aurelius Grimoire;Transmutación Metálica;1888;1438;3,7;50
4c181217-f56a;Vórtice de las Almas de Plomo;Seraphine Crowley;Transmutación Metálica;1397;1356;3,04;26
c68b2122-5667;Vórtice de el Sol Negro;Seraphine Grimoire;Alquimia Teórica;1904;1292;4,61;6
00dcc371-ffb2;La Esencia de el Sol Negro;Elara Nightshade;Alquimia Teórica;1721;1355;3,68;16
1d0788f6-bc3a;Tratado de las Almas de Plomo;Thalric Vance;Filosofía Prohibida;1374;360;3,8;34
c90ad54f-c5c7;Vórtice de la Quintaesencia;Elara Grimoire;Transmutación Metálica;1118;1084;3,95;32
588d5676-5401;Sombras sobre la Quintaesencia;Elara Vance;Historia de la Piedra;1563;187;3,4;22
ffab6e14-7b6e;La Esencia de el Sol Negro;Morgana Flamel;Botánica Arcana;1647;1366;3,55;29
c7e61d87-d937;Códice de la Transmutación Infinitas;Morgana Grimoire;Botánica Arcana;2019;381;4,14;12
934f4118-0ef0;La Esencia de la Quintaesencia;Balthazar Blackwood;Filosofía Prohibida;1615;1398;4,92;16
f277701e-c513;Tratado de las Almas de Plomo;Caspian Blackwood;Historia de la Piedra;1455;892;3,34;21
e8fb059e-24e0;Códice de la Quintaesencia;Thalric Grimoire;Botánica Arcana;1625;822;4,52;18
839cbbcc-d091;El Aliento de el Mercurio Rojo;Morgana Crowley;Transmutación Metálica;1615;1038;2,33;2
1a75fa41-993b;La Esencia de la Transmutación Infinitas;Seraphine Vance;Transmutación Metálica;1244;1230;1,23;11
1b674528-64ab;Tratado de el Azufre Sagrado;Seraphine Sterling;Botánica Arcana;1989;347;2,83;5
51add291-fa34;Códice de el Sol Negro;Seraphine Blackwood;Historia de la Piedra;1151;1187;2,31;5
77729c50-df01;Vórtice de el Azufre Sagrado;Morgana Blackwood;Botánica Arcana;1377;131;4,09;1
ccc9b899-3c74;Espejos de la Quintaesencia;Caspian Sterling;Botánica Arcana;1877;1212;2,37;1
9e6b48ad-4084;La Esencia de las Almas de Plomo;Seraphine Grimoire;Botánica Arcana;1107;89;3,77;35
13540ac0-dde0;Tratado de el Sol Negro;Thalric Vance;Filosofía Prohibida;1137;843;1,4;27
90a4395f-76b5;Tratado de el Azufre Sagrado;Aurelius Flamel;Transmutación Metálica;1211;1111;4,2;3
a0601981-4fd9;Códice de el Mercurio Rojo;Seraphine Nightshade;Transmutación Metálica;1496;925;2,33;43
bf049aa3-5d80;Vórtice de las Almas de Plomo;Caspian Nightshade;Botánica Arcana;1106;1195;2,74;0
462da29b-4476;El Aliento de la Quintaesencia;Elara Blackwood;Botánica Arcana;1549;1238;4,41;19
46a95611-8cc2;El Aliento de el Sol Negro;Seraphine Sterling;Botánica Arcana;1957;605;4,94;35
30a56201-2e71;Tratado de la Transmutación Infinitas;Isolde Nightshade;Transmutación Metálica;1579;87;4,92;14
5ee5705b-5879;Espejos de la Transmutación Infinitas;Balthazar Sterling;Historia de la Piedra;1841;849;2,37;20
6371ebc2-18d4;Códice de el Mercurio Rojo;Aurelius Nightshade;Botánica Arcana;1577;1228;4,35;49
a681e63f-6b13;El Enigma de la Transmutación Infinitas;Caspian Flamel;Filosofía Prohibida;1141;1167;4,52;34
7c621ef8-3c4a;Códice de el Sol Negro;Aurelius Grimoire;Transmutación Metálica;1116;135;2,23;47
8e37cd9c-bf2f;Espejos de el Mercurio Rojo;Balthazar Blackwood;Historia de la Piedra;1210;768;3,61;33
b84e63b3-8c7a;Tratado de la Transmutación Infinitas;Seraphine Sterling;Transmutación Metálica;1513;1029;3,98;33
60fd9b61-b443;Vórtice de el Mercurio Rojo;Morgana Sterling;Alquimia Teórica;1261;1058;2,97;1
f63d8941-1fc6;Tratado de la Transmutación Infinitas;Isolde Blackwood;Transmutación Metálica;1288;999;1,6;14
4b438185-bfce;El Enigma de la Quintaesencia;Aurelius Flamel;Alquimia Teórica;1351;83;1,22;12
8d143c4e-7942;La Esencia de las Almas de Plomo;Thalric Crowley;Alquimia Teórica;1475;691;3,4;11
9b8d0a0f-5479;La Esencia de las Almas de Plomo;Isolde Flamel;Historia de la Piedra;1852;1353;4,25;46
d4f11092-1d28;Tratado de las Almas de Plomo;Isolde Blackwood;Alquimia Teórica;1572;1196;4,42;5
fb7a6eb0-cd7c;Códice de las Almas de Plomo;Elara Vance;Botánica Arcana;1919;1327;3,25;45
97b7a2e7-c490;Códice de la Transmutación Infinitas;Seraphine Vance;Historia de la Piedra;1342;1029;1,82;2
4531f543-80ba;Espejos de el Mercurio Rojo;Elara Flamel;Historia de la Piedra;1577;769;4,76;33
0cce278b-6ec4;Espejos de el Mercurio Rojo;Aurelius Vance;Filosofía Prohibida;1611;1189;3,79;11
a8d347f8-312e;La Esencia de el Mercurio Rojo;Elara Crowley;Botánica Arcana;1837;631;4,26;34
c29fb7dc-86f0;Vórtice de el Sol Negro;Seraphine Sterling;Historia de la Piedra;1913;1177;1,23;39
27d3d910-f832;Sombras sobre la Quintaesencia;Elara Vance;Alquimia Teórica;1548;470;3,26;42
c180268b-9547;El Aliento de la Transmutación Infinitas;Morgana Sterling;Historia de la Piedra;1401;721;2,24;9
d615e1fb-f244;Vórtice de las Almas de Plomo;Seraphine Grimoire;Historia de la Piedra;1567;647;4,68;27
7b5d387d-cef9;El Aliento de la Quintaesencia;Morgana Blackwood;Botánica Arcana;1900;139;2,04;42
086ce605-8f1b;Sombras sobre la Quintaesencia;Morgana Crowley;Historia de la Piedra;2007;1305;2,73;21
fe01cfcd-dc6d;La Esencia de el Sol Negro;Seraphine Flamel;Filosofía Prohibida;1820;437;2,62;45
440d36a6-ba10;Sombras sobre el Azufre Sagrado;Morgana Blackwood;Botánica Arcana;1104;1181;4,62;12
530c1a59-a706;La Esencia de el Mercurio Rojo;Morgana Flamel;Botánica Arcana;1908;1294;2,95;1
d6c7d188-c6d9;El Aliento de la Transmutación Infinitas;Balthazar Vance;Filosofía Prohibida;1303;1417;4,97;43
bf23819e-87fa;Espejos de la Transmutación Infinitas;Isolde Nightshade;Botánica Arcana;1393;972;3,34;12
768a5815-e5f6;El Aliento de el Sol Negro;Thalric Blackwood;Filosofía Prohibida;1768;1137;3,63;13
8b8a60dd-2b90;El Aliento de el Azufre Sagrado;Thalric Blackwood;Transmutación Metálica;1539;1050;2,6;32
43302a72-08a2;Espejos de el Sol Negro;Elara Crowley;Filosofía Prohibida;1940;730;1,47;15
64a4314b-6333;Tratado de el Azufre Sagrado;Balthazar Flamel;Botánica Arcana;1282;361;2,57;40
75f80196-b5b5;Espejos de el Sol Negro;Seraphine Grimoire;Historia de la Piedra;1332;699;4,06;28
d9bf63cd-5b57;Espejos de el Sol Negro;Elara Sterling;Historia de la Piedra;1351;731;2,26;31
c009caa8-e10f;Espejos de el Mercurio Rojo;Aurelius Sterling;Transmutación Metálica;1909;827;3,27;14
c67d3e1f-f77c;El Enigma de el Mercurio Rojo;Seraphine Vance;Alquimia Teórica;1973;326;3,09;40
b287359e-f51c;Tratado de la Transmutación Infinitas;Elara Flamel;Filosofía Prohibida;1651;1065;4,23;13
921bfa5e-537b;Sombras sobre la Quintaesencia;Seraphine Crowley;Transmutación Metálica;1512;418;4,68;39
38b195de-2672;Vórtice de el Sol Negro;Aurelius Sterling;Botánica Arcana;1142;1230;4,79;10
25bda7ee-b938;El Aliento de el Azufre Sagrado;Morgana Flamel;Transmutación Metálica;1802;423;1,28;5
fd919056-2fe2;Espejos de el Mercurio Rojo;Morgana Vance;Alquimia Teórica;1567;646;4,82;10
71d6c6cd-ddf6;Vórtice de las Almas de Plomo;Balthazar Nightshade;Filosofía Prohibida;1117;943;4,96;34
9ae720c6-3f57;Tratado de la Transmutación Infinitas;Caspian Sterling;Historia de la Piedra;1313;213;1,94;5
512d4d2d-a579;La Esencia de las Almas de Plomo;Isolde Grimoire;Historia de la Piedra;1636;1475;1,33;46
09bbd933-653d;El Enigma de la Transmutación Infinitas;Morgana Nightshade;Alquimia Teórica;1974;199;4,03;38
659f84c5-b368;El Enigma de la Transmutación Infinitas;Caspian Vance;Filosofía Prohibida;1224;654;3,6;28
c0d6f383-39d4;Códice de el Mercurio Rojo;Balthazar Sterling;Historia de la Piedra;1442;639;3,78;18
b163a36d-f2b8;Vórtice de la Transmutación Infinitas;Caspian Nightshade;Historia de la Piedra;1508;892;2,14;39
a161495d-7630;Vórtice de el Sol Negro;Thalric Grimoire;Historia de la Piedra;1574;369;2,22;18
a33cd6a2-0f5d;Sombras sobre el Mercurio Rojo;Aurelius Sterling;Botánica Arcana;1582;128;2,41;47
17e4047b-3c42;Sombras sobre las Almas de Plomo;Thalric Flamel;Botánica Arcana;2001;1469;4,72;6
ea62351a-053e;Tratado de el Mercurio Rojo;Caspian Blackwood;Botánica Arcana;1899;1242;1,57;21
69987f3c-1ddf;Vórtice de el Sol Negro;Isolde Grimoire;Transmutación Metálica;1537;844;1,9;36
0cc3d7bb-5d61;Vórtice de el Mercurio Rojo;Isolde Flamel;Alquimia Teórica;1257;559;1,42;40
acf52eac-6d97;Espejos de las Almas de Plomo;Isolde Vance;Filosofía Prohibida;1984;859;3,42;34
dd6b50bc-cdca;Vórtice de el Mercurio Rojo;Elara Flamel;Transmutación Metálica;1320;1285;4,63;30
2e9ef0a5-9bd9;Sombras sobre la Quintaesencia;Morgana Blackwood;Alquimia Teórica;1601;276;1,26;34
54f9680c-5bfa;Espejos de las Almas de Plomo;Isolde Blackwood;Filosofía Prohibida;1986;257;3,04;31
1c96d10f-4164;Vórtice de la Transmutación Infinitas;Isolde Flamel;Botánica Arcana;1768;637;4,04;38
b97025d8-e299;Espejos de las Almas de Plomo;Morgana Sterling;Transmutación Metálica;1293;1465;2,2;2
48f9d26b-8160;Códice de el Azufre Sagrado;Thalric Nightshade;Filosofía Prohibida;1549;1475;2,59;39
565c04d3-d75c;Vórtice de la Transmutación Infinitas;Elara Blackwood;Filosofía Prohibida;1342;280;2,1;5
1001d8cd-6c07;Tratado de el Mercurio Rojo;Morgana Nightshade;Filosofía Prohibida;1267;1366;3,53;7
a15032bb-94c1;Tratado de el Mercurio Rojo;Caspian Flamel;Botánica Arcana;1891;1489;1,93;50
eadd89d1-b3bb;El Aliento de las Almas de Plomo;Isolde Sterling;Historia de la Piedra;1514;511;3,45;37
cbe2ae2f-7d21;La Esencia de el Sol Negro;Morgana Crowley;Botánica Arcana;1952;125;4,87;42
62a130a4-ac50;Sombras sobre la Quintaesencia;Isolde Nightshade;Historia de la Piedra;1819;1070;1,96;16
8165ec7c-0508;Espejos de el Sol Negro;Morgana Grimoire;Filosofía Prohibida;1280;1013;2,21;47
c163336a-0076;La Esencia de las Almas de Plomo;Isolde Sterling;Filosofía Prohibida;1274;498;1,51;7
3502e9c9-aed0;Espejos de el Sol Negro;Elara Grimoire;Botánica Arcana;1686;1070;4,47;37
5c93b527-8140;Códice de el Azufre Sagrado;Elara Vance;Botánica Arcana;1977;209;3,26;31
5e6e3b2b-b14f;Sombras sobre el Mercurio Rojo;Balthazar Blackwood;Alquimia Teórica;1231;676;1,4;29
fa2a1bf4-d0fa;Tratado de el Mercurio Rojo;Thalric Flamel;Transmutación Metálica;1175;1023;2,5;16
a0436a98-4ba2;Tratado de el Sol Negro;Seraphine Flamel;Transmutación Metálica;1400;1282;3,89;36
139673cb-082f;Códice de el Azufre Sagrado;Morgana Vance;Transmutación Metálica;1501;1211;2,06;41
507776ba-bbcb;Vórtice de el Mercurio Rojo;Seraphine Crowley;Botánica Arcana;1232;719;4,61;45
b4f6b7bf-bb2b;El Enigma de el Azufre Sagrado;Seraphine Nightshade;Botánica Arcana;1794;499;1,58;26
645064ac-488a;Vórtice de el Mercurio Rojo;Thalric Blackwood;Historia de la Piedra;1346;88;4,82;47
fe8c6e6f-b529;Espejos de el Sol Negro;Elara Vance;Alquimia Teórica;1429;1261;2,13;45
077e28af-61bb;Espejos de la Transmutación Infinitas;Morgana Grimoire;Filosofía Prohibida;1922;1226;4,61;25
3c48b36f-3af2;Códice de el Mercurio Rojo;Seraphine Nightshade;Alquimia Teórica;1826;1328;2,66;11
257b8d91-3271;Vórtice de el Azufre Sagrado;Aurelius Crowley;Botánica Arcana;1621;1188;1,22;47
fa062d28-9b32;Vórtice de el Azufre Sagrado;Balthazar Grimoire;Botánica Arcana;1551;745;3,76;48
d31f216d-448e;Sombras sobre el Mercurio Rojo;Isolde Grimoire;Historia de la Piedra;2010;511;3,35;2
d7a78e4a-96ed;El Aliento de las Almas de Plomo;Elara Blackwood;Botánica Arcana;1466;616;4,83;50
d1ebe9c0-82ad;Espejos de la Transmutación Infinitas;Morgana Nightshade;Historia de la Piedra;1169;1123;3,65;2
bc0e8145-9212;Tratado de el Azufre Sagrado;Thalric Blackwood;Transmutación Metálica;1749;1471;2,54;33
cdf8b356-9025;Tratado de la Transmutación Infinitas;Elara Nightshade;Alquimia Teórica;1492;429;1,51;23
9d834efb-beaa;Códice de la Quintaesencia;Balthazar Grimoire;Alquimia Teórica;1618;580;2,2;41
0ed9fcc3-6303;Vórtice de el Sol Negro;Caspian Grimoire;Botánica Arcana;1455;656;3,21;24
e55072d9-51d7;Códice de el Sol Negro;Thalric Sterling;Botánica Arcana;1716;649;2,45;29
f63c52a9-8317;El Enigma de el Mercurio Rojo;Caspian Grimoire;Botánica Arcana;1383;660;3,63;12
96ec0f55-b1e3;El Enigma de las Almas de Plomo;Thalric Sterling;Transmutación Metálica;1870;1043;1,34;34
44681f40-7263;El Enigma de la Transmutación Infinitas;Seraphine Grimoire;Alquimia Teórica;1879;778;3,06;35
79768a1c-6577;Códice de el Azufre Sagrado;Aurelius Sterling;Alquimia Teórica;1795;1231;4,93;21
a570c03e-a0a5;Códice de el Sol Negro;Isolde Crowley;Alquimia Teórica;1317;209;4,86;5
feeaa1b6-3bd4;Vórtice de la Transmutación Infinitas;Isolde Crowley;Transmutación Metálica;1922;649;1,86;24
9d3dca1f-7b8d;La Esencia de el Sol Negro;Seraphine Vance;Botánica Arcana;1842;650;1,95;6
ee9d9407-10b4;Códice de la Quintaesencia;Balthazar Grimoire;Historia de la Piedra;1403;345;1,97;3
211c2d3e-e21e;Vórtice de el Mercurio Rojo;Balthazar Flamel;Alquimia Teórica;1164;1355;3,86;43
0243a26e-923f;Tratado de la Transmutación Infinitas;Elara Nightshade;Filosofía Prohibida;1337;1044;1,42;50
7590e7bb-c4a7;Sombras sobre la Transmutación Infinitas;Seraphine Flamel;Historia de la Piedra;1566;1294;1,36;10
7d810229-db1c;Sombras sobre el Azufre Sagrado;Thalric Flamel;Historia de la Piedra;1753;1211;3,36;23
bf8a0514-abde;El Enigma de el Sol Negro;Aurelius Flamel;Historia de la Piedra;1942;652;1,61;30
63b2a2b0-1f17;La Esencia de el Azufre Sagrado;Aurelius Blackwood;Alquimia Teórica;1877;354;3,18;15
424e280b-8ab8;Espejos de la Quintaesencia;Thalric Vance;Transmutación Metálica;1417;763;1,35;9
a2fcacca-5c6f;Vórtice de la Transmutación Infinitas;Thalric Blackwood;Alquimia Teórica;1446;703;2,47;44
45238530-bc1e;Espejos de las Almas de Plomo;Morgana Vance;Historia de la Piedra;1159;872;2,75;44
feaea91c-1465;El Aliento de la Quintaesencia;Seraphine Nightshade;Historia de la Piedra;1761;627;2,35;33
d0e60f7f-46a8;El Aliento de la Transmutación Infinitas;Isolde Blackwood;Botánica Arcana;1654;657;3,24;45
1e9ed812-1b28;Tratado de el Azufre Sagrado;Seraphine Crowley;Alquimia Teórica;1874;1405;4,74;24
da78e394-1e85;La Esencia de la Transmutación Infinitas;Isolde Grimoire;Alquimia Teórica;1504;663;3,75;18
a32f1cdd-9875;La Esencia de las Almas de Plomo;Thalric Flamel;Alquimia Teórica;1848;1369;3,27;33
2848be9d-411d;Sombras sobre las Almas de Plomo;Isolde Crowley;Botánica Arcana;1731;128;4,2;37
5b30712d-c90d;Códice de la Quintaesencia;Balthazar Flamel;Transmutación Metálica;1303;548;1,6;35
aca95c63-5850;Espejos de el Mercurio Rojo;Caspian Flamel;Botánica Arcana;1811;871;4,05;35
b157e34a-85b2;Tratado de la Quintaesencia;Elara Sterling;Filosofía Prohibida;1592;783;2,62;23
08ba863c-c24b;La Esencia de las Almas de Plomo;Caspian Flamel;Filosofía Prohibida;1887;482;2,74;48
3da66c90-ec65;Sombras sobre la Transmutación Infinitas;Elara Blackwood;Historia de la Piedra;1665;1415;4,68;40
ed77d95b-a774;Códice de las Almas de Plomo;Morgana Flamel;Historia de la Piedra;1296;953;4,07;31
4de46878-e697;El Enigma de el Azufre Sagrado;Isolde Flamel;Filosofía Prohibida;1874;1128;1,01;28
3d9060f2-ba00;El Enigma de el Mercurio Rojo;Isolde Flamel;Historia de la Piedra;1790;1005;4,71;0
8e1ccaca-44d2;Vórtice de la Transmutación Infinitas;Morgana Grimoire;Historia de la Piedra;1364;1495;4,69;21
4b436ea4-39d6;El Enigma de las Almas de Plomo;Aurelius Nightshade;Botánica Arcana;1429;1124;3,31;9
b6113615-728b;Vórtice de el Sol Negro;Balthazar Blackwood;Historia de la Piedra;1896;377;3;16
8d7e806a-818e;El Aliento de la Transmutación Infinitas;Aurelius Vance;Filosofía Prohibida;1439;754;1,12;36
abc559bf-4ac3;Sombras sobre las Almas de Plomo;Thalric Vance;Botánica Arcana;1603;653;2,15;49
965d717b-9e4e;Tratado de las Almas de Plomo;Aurelius Crowley;Filosofía Prohibida;1773;259;3,97;9
225d6c54-cf44;Códice de la Quintaesencia;Aurelius Flamel;Botánica Arcana;1222;1336;1,97;50
82e7312e-a0e5;Tratado de el Mercurio Rojo;Aurelius Nightshade;Alquimia Teórica;1888;481;2,86;0
720323fa-947c;Sombras sobre las Almas de Plomo;Morgana Nightshade;Botánica Arcana;1487;1284;4,17;6
2eb9a621-1fd4;Sombras sobre la Quintaesencia;Balthazar Flamel;Botánica Arcana;1668;408;1,72;23
892ca7e1-3d70;La Esencia de el Sol Negro;Aurelius Blackwood;Botánica Arcana;1214;803;4,46;9
27d7f4de-a1a5;Códice de la Transmutación Infinitas;Thalric Sterling;Historia de la Piedra;1198;166;2,77;42
99b36e98-ff1a;Sombras sobre la Quintaesencia;Morgana Nightshade;Alquimia Teórica;1473;1231;4,39;38
c2d21c0f-ecdd;Tratado de el Mercurio Rojo;Elara Flamel;Filosofía Prohibida;1738;1069;4,24;23
51baf2e1-27e3;La Esencia de la Transmutación Infinitas;Balthazar Vance;Historia de la Piedra;1743;1314;1,64;20
d1067f8d-c89c;Espejos de las Almas de Plomo;Morgana Nightshade;Historia de la Piedra;1227;795;3,73;47
02e1151d-ff16;Espejos de la Quintaesencia;Aurelius Nightshade;Historia de la Piedra;1509;655;1,29;16
6504b029-63be;El Enigma de el Azufre Sagrado;Seraphine Grimoire;Botánica Arcana;1942;235;4,92;28
d87635bc-6710;Códice de la Transmutación Infinitas;Isolde Vance;Alquimia Teórica;1266;1438;1,6;23
7e49fc5f-8413;Tratado de la Quintaesencia;Aurelius Sterling;Filosofía Prohibida;1449;1383;2,39;33
38f68c47-de7d;El Aliento de la Quintaesencia;Isolde Flamel;Transmutación Metálica;1984;429;4,51;41
6e4eb6ea-7307;Sombras sobre la Quintaesencia;Isolde Sterling;Historia de la Piedra;1299;1176;3,76;23
48ed0991-1f27;El Aliento de la Transmutación Infinitas;Elara Sterling;Alquimia Teórica;1312;710;2,37;26
6229acd6-dbd5;El Enigma de las Almas de Plomo;Thalric Crowley;Alquimia Teórica;1571;523;2,47;26
6c870678-b231;Vórtice de la Transmutación Infinitas;Balthazar Nightshade;Filosofía Prohibida;1382;646;3,28;48
3865d91c-c0d0;Espejos de la Quintaesencia;Elara Grimoire;Filosofía Prohibida;1852;503;2,6;0
85f954b6-9ca3;El Enigma de el Mercurio Rojo;Seraphine Crowley;Filosofía Prohibida;1988;250;1,37;6
06f2e83e-69fd;El Aliento de el Mercurio Rojo;Morgana Grimoire;Botánica Arcana;1673;1245;4,36;20
66d2ed38-04b3;Sombras sobre el Sol Negro;Balthazar Flamel;Filosofía Prohibida;1997;984;2,13;14
3823ca77-3c69;Vórtice de las Almas de Plomo;Balthazar Grimoire;Historia de la Piedra;1632;507;3;15
0bda441f-1a9a;Vórtice de las Almas de Plomo;Thalric Vance;Filosofía Prohibida;1829;1390;1,52;22
96169890-0478;Tratado de la Transmutación Infinitas;Seraphine Crowley;Filosofía Prohibida;1203;822;1,84;2
8f640e84-aa4d;Códice de el Sol Negro;Aurelius Crowley;Filosofía Prohibida;1214;1173;1,85;46
afdae99b-b99f;Códice de las Almas de Plomo;Elara Nightshade;Botánica Arcana;2024;1265;1,55;30
3aafeeca-f80d;Códice de la Transmutación Infinitas;Thalric Flamel;Alquimia Teórica;1907;1275;2,67;32
4cceec9e-bdeb;El Aliento de las Almas de Plomo;Balthazar Nightshade;Historia de la Piedra;1904;999;4,71;11
18b57659-c526;Sombras sobre la Transmutación Infinitas;Balthazar Grimoire;Historia de la Piedra;1414;770;1,57;39
d1b71fd3-7e56;Sombras sobre la Transmutación Infinitas;Seraphine Nightshade;Filosofía Prohibida;1160;800;1,87;0
55f81962-6bc4;Tratado de el Mercurio Rojo;Aurelius Nightshade;Historia de la Piedra;1732;688;3,71;10
0342fce9-a028;Tratado de el Sol Negro;Elara Crowley;Historia de la Piedra;1674;1412;4,01;45
c397cecc-28cf;El Aliento de las Almas de Plomo;Morgana Flamel;Transmutación Metálica;1683;83;3,76;46
13b80bee-33f7;Vórtice de el Mercurio Rojo;Elara Grimoire;Filosofía Prohibida;1340;858;3,4;2
22eb10d1-ed9c;Sombras sobre las Almas de Plomo;Aurelius Blackwood;Historia de la Piedra;1632;777;4,3;2
cf864638-6551;Espejos de las Almas de Plomo;Caspian Sterling;Botánica Arcana;1310;586;3,77;17
9e27da56-ccec;Espejos de el Mercurio Rojo;Aurelius Flamel;Alquimia Teórica;1247;718;2,57;11
59a551f0-ae57;La Esencia de el Azufre Sagrado;Morgana Vance;Historia de la Piedra;1632;388;1,64;23
70ca4346-5ae2;La Esencia de la Transmutación Infinitas;Isolde Blackwood;Botánica Arcana;1601;1070;3,2;34
765075e2-3dd1;La Esencia de las Almas de Plomo;Seraphine Flamel;Botánica Arcana;1444;509;1,43;13
f454430f-a255;Espejos de el Azufre Sagrado;Seraphine Blackwood;Historia de la Piedra;1460;1128;2,17;27
bc0384d1-f742;Códice de las Almas de Plomo;Thalric Crowley;Filosofía Prohibida;1892;374;3,79;45
ff67f225-915a;La Esencia de la Transmutación Infinitas;Elara Grimoire;Filosofía Prohibida;1905;230;4,81;22
bb072169-e394;Sombras sobre las Almas de Plomo;Aurelius Nightshade;Filosofía Prohibida;2007;1118;1,75;35
1c076c1c-32bc;Espejos de la Quintaesencia;Thalric Sterling;Historia de la Piedra;1573;639;1,75;16
c8a7ceea-7acc;Códice de el Sol Negro;Thalric Crowley;Transmutación Metálica;1217;1136;2,48;41
8be63f6a-66fc;Sombras sobre la Transmutación Infinitas;Thalric Nightshade;Historia de la Piedra;1626;442;3,64;18
90192b9b-4eae;El Aliento de el Sol Negro;Elara Crowley;Transmutación Metálica;1372;699;3,28;37
789a3e5f-2f93;Códice de la Quintaesencia;Seraphine Sterling;Filosofía Prohibida;1259;719;2,17;26
8aa450a1-e4dd;Códice de el Mercurio Rojo;Morgana Vance;Alquimia Teórica;1100;432;1,93;46
203fc62f-0177;Tratado de el Mercurio Rojo;Thalric Flamel;Transmutación Metálica;1353;1162;3,26;36
1c13e797-75c5;Vórtice de las Almas de Plomo;Seraphine Nightshade;Filosofía Prohibida;2011;779;4,56;27
304fa313-bc1a;Espejos de el Azufre Sagrado;Seraphine Sterling;Transmutación Metálica;1965;1254;4,25;44
ce4149d5-c772;Vórtice de el Mercurio Rojo;Elara Flamel;Botánica Arcana;1244;309;2,74;4
1fa9bd0a-f5fc;Tratado de la Transmutación Infinitas;Morgana Vance;Historia de la Piedra;1913;186;1,85;11
6f722561-4dfa;Tratado de la Quintaesencia;Seraphine Sterling;Historia de la Piedra;1923;975;1,45;10
44f56f6c-5a86;El Aliento de las Almas de Plomo;Isolde Grimoire;Botánica Arcana;1955;536;3,72;21
31ddec57-f51f;La Esencia de el Mercurio Rojo;Seraphine Crowley;Transmutación Metálica;1297;829;2,25;20
82c8aea7-48f7;Tratado de el Mercurio Rojo;Morgana Crowley;Botánica Arcana;1302;1410;3,01;14
69f56c7e-1aa0;El Enigma de el Mercurio Rojo;Morgana Nightshade;Historia de la Piedra;1119;1211;2;21
90456dbd-66c1;Tratado de el Azufre Sagrado;Seraphine Crowley;Alquimia Teórica;1520;1275;1,62;33
91754999-ceda;El Aliento de las Almas de Plomo;Thalric Grimoire;Transmutación Metálica;1585;335;3,53;33
da944ed8-2c32;Espejos de el Mercurio Rojo;Morgana Grimoire;Historia de la Piedra;1344;773;1,56;19
9ee0f1b2-8b8d;Vórtice de el Mercurio Rojo;Thalric Sterling;Alquimia Teórica;1361;1453;4,08;24
2912d80c-3a23;El Enigma de el Azufre Sagrado;Caspian Flamel;Transmutación Metálica;1167;969;1,25;46
46c73aa5-2fca;La Esencia de el Azufre Sagrado;Morgana Flamel;Historia de la Piedra;1656;769;2,55;9
bacb14f6-3451;Tratado de la Transmutación Infinitas;Elara Nightshade;Transmutación Metálica;1109;561;2,18;50
d132407d-db2f;Tratado de el Mercurio Rojo;Balthazar Vance;Alquimia Teórica;2002;994;4,42;1
e7e45586-bdf7;Vórtice de el Azufre Sagrado;Aurelius Crowley;Alquimia Teórica;1806;735;4,93;40
5766bf0e-25e9;Códice de el Azufre Sagrado;Elara Grimoire;Historia de la Piedra;1110;732;4,78;19
6f2c831d-1a99;Sombras sobre el Sol Negro;Morgana Nightshade;Botánica Arcana;1646;367;3,25;34
a07bac71-783a;Sombras sobre la Transmutación Infinitas;Seraphine Vance;Botánica Arcana;1876;907;4,61;15
52001730-41c5;La Esencia de el Mercurio Rojo;Caspian Grimoire;Botánica Arcana;1300;1471;1,05;11
6115f6df-9011;Códice de las Almas de Plomo;Balthazar Blackwood;Historia de la Piedra;1804;511;2,22;16
617ce6b9-a0ed;Códice de la Quintaesencia;Balthazar Grimoire;Transmutación Metálica;1557;835;3,31;26
1f740946-d0a1;El Enigma de las Almas de Plomo;Isolde Grimoire;Historia de la Piedra;1680;1182;1,38;2
377bcf38-97c1;Tratado de el Mercurio Rojo;Thalric Vance;Botánica Arcana;1291;659;4,1;15
754affbe-d45b;Códice de la Transmutación Infinitas;Isolde Sterling;Alquimia Teórica;2005;832;1,8;34
d0c51508-c2d6;El Aliento de el Azufre Sagrado;Aurelius Sterling;Historia de la Piedra;1380;104;2,75;5
8b4db1a2-9d5a;Vórtice de la Transmutación Infinitas;Morgana Grimoire;Historia de la Piedra;1903;1421;2,48;18
4f99fb61-8630;Códice de la Transmutación Infinitas;Balthazar Crowley;Historia de la Piedra;1622;1195;1,85;41
b0d246ec-d323;Códice de el Azufre Sagrado;Morgana Blackwood;Historia de la Piedra;1516;833;4,24;35
e69a2852-09dd;La Esencia de el Sol Negro;Seraphine Grimoire;Transmutación Metálica;1627;147;1,18;16
d4c9f8bc-9021;El Enigma de el Mercurio Rojo;Thalric Vance;Botánica Arcana;1164;1187;2,2;24
24863796-6356;El Aliento de la Transmutación Infinitas;Aurelius Blackwood;Filosofía Prohibida;1999;701;1,61;40
b4481275-4a48;Vórtice de el Sol Negro;Seraphine Crowley;Historia de la Piedra;1394;1074;1,15;19
e4e9cc24-a4b1;El Aliento de la Transmutación Infinitas;Elara Vance;Filosofía Prohibida;1429;553;3,11;43
47f4a450-e77c;Códice de las Almas de Plomo;Elara Nightshade;Botánica Arcana;1440;1357;3,03;41
b1e393ce-fd36;Sombras sobre el Azufre Sagrado;Caspian Blackwood;Historia de la Piedra;1665;319;2,24;48
67cf5084-cc33;Tratado de el Mercurio Rojo;Thalric Sterling;Historia de la Piedra;1974;496;1,46;50
b27da7ee-0228;El Enigma de el Mercurio Rojo;Balthazar Sterling;Transmutación Metálica;1672;424;3,96;2
e43f66eb-b378;Tratado de las Almas de Plomo;Aurelius Grimoire;Historia de la Piedra;1103;1415;2,07;17
521930da-a442;Sombras sobre la Quintaesencia;Seraphine Blackwood;Botánica Arcana;1993;1200;2,13;9
ffc1d9fc-0289;El Aliento de las Almas de Plomo;Thalric Nightshade;Alquimia Teórica;1998;1224;1,28;43
a2d9a09b-a440;Vórtice de las Almas de Plomo;Isolde Flamel;Filosofía Prohibida;1547;1456;2,99;13
9654ca9c-4d77;Vórtice de el Azufre Sagrado;Elara Nightshade;Alquimia Teórica;1975;648;4,76;24
17e22c5f-98ee;Espejos de la Quintaesencia;Aurelius Grimoire;Historia de la Piedra;1668;1063;4,8;0
8cc2baf1-ef3f;La Esencia de el Azufre Sagrado;Thalric Grimoire;Alquimia Teórica;1110;864;1,45;14
f5f7e1bf-e274;Espejos de el Azufre Sagrado;Balthazar Grimoire;Botánica Arcana;1525;398;4,82;48
5f7b6f4e-b17f;El Enigma de la Quintaesencia;Thalric Blackwood;Filosofía Prohibida;1719;148;1,91;17
1a2ab6ca-2e1b;Espejos de la Transmutación Infinitas;Seraphine Nightshade;Filosofía Prohibida;1645;434;2,39;35
32499401-abcb;El Enigma de el Azufre Sagrado;Elara Crowley;Historia de la Piedra;1350;976;2,06;32
233429b8-5335;Vórtice de el Azufre Sagrado;Isolde Crowley;Transmutación Metálica;1634;396;4,87;1
3ac01970-ee48;Tratado de el Mercurio Rojo;Isolde Sterling;Botánica Arcana;1718;187;1,42;46
ad04f338-f67f;Tratado de la Transmutación Infinitas;Elara Crowley;Historia de la Piedra;1916;801;3,45;41
18e479da-1202;Tratado de las Almas de Plomo;Elara Nightshade;Historia de la Piedra;1168;142;2,8;18
879cd265-9128;Tratado de el Azufre Sagrado;Elara Crowley;Historia de la Piedra;1526;652;3,65;33
71015e63-de2b;Tratado de el Azufre Sagrado;Seraphine Sterling;Transmutación Metálica;1201;857;4,31;27
787c3921-167f;Espejos de el Azufre Sagrado;Caspian Crowley;Alquimia Teórica;1801;428;3,21;42
51003ae5-0875;Tratado de las Almas de Plomo;Aurelius Nightshade;Botánica Arcana;1308;1476;1,45;25
c4c28b67-6b71;La Esencia de el Mercurio Rojo;Caspian Vance;Transmutación Metálica;1310;1082;1,2;20
6f61e1b6-e4e1;El Enigma de la Transmutación Infinitas;Caspian Grimoire;Botánica Arcana;1776;1110;4,45;44
f37f5f10-48f2;La Esencia de el Mercurio Rojo;Caspian Vance;Filosofía Prohibida;1159;1000;1,35;15
9a02bfdf-77bd;El Aliento de la Quintaesencia;Aurelius Vance;Historia de la Piedra;1816;886;1,4;5
bf80b4b4-e39b;La Esencia de las Almas de Plomo;Caspian Crowley;Alquimia Teórica;1678;1389;3,23;50
97471f65-d4cb;La Esencia de la Quintaesencia;Balthazar Nightshade;Historia de la Piedra;1869;752;2,75;47
e31e91d1-e7a4;Tratado de las Almas de Plomo;Isolde Vance;Botánica Arcana;1418;1190;3,1;14
322a837e-9052;Sombras sobre la Transmutación Infinitas;Balthazar Sterling;Botánica Arcana;1834;1020;4,09;9
8d777a6b-f372;Vórtice de el Mercurio Rojo;Balthazar Vance;Filosofía Prohibida;1216;1029;3,63;27
9d4568f6-0b04;El Enigma de el Sol Negro;Aurelius Blackwood;Transmutación Metálica;1923;949;2,53;32
df098e86-0882;El Aliento de el Azufre Sagrado;Morgana Grimoire;Historia de la Piedra;1966;1199;1,69;42
40ec234f-e705;Tratado de las Almas de Plomo;Aurelius Grimoire;Alquimia Teórica;1201;983;4,08;41
8faa89f5-b110;El Enigma de la Transmutación Infinitas;Aurelius Sterling;Alquimia Teórica;1594;1072;3,15;22
b6f7e79c-61e6;La Esencia de la Transmutación Infinitas;Isolde Vance;Alquimia Teórica;1630;360;4,7;31
11635699-42b4;Espejos de el Sol Negro;Caspian Flamel;Alquimia Teórica;1375;1350;2,19;18
1406a50f-c5d2;El Aliento de la Transmutación Infinitas;Isolde Sterling;Botánica Arcana;1346;807;4,44;28
210cde9c-f43b;El Aliento de el Mercurio Rojo;Morgana Blackwood;Filosofía Prohibida;1372;591;4,48;34
d45ba145-73df;La Esencia de la Quintaesencia;Caspian Crowley;Historia de la Piedra;1208;1218;4,31;12
2f03d7d4-0937;Espejos de el Mercurio Rojo;Seraphine Crowley;Filosofía Prohibida;1718;761;2,8;6
c7892a88-d5cc;Tratado de el Mercurio Rojo;Caspian Flamel;Botánica Arcana;1814;1031;3,02;1
df71b47c-5ad3;Códice de la Transmutación Infinitas;Balthazar Vance;Botánica Arcana;1666;1154;4,73;3
51ecffd2-1b22;Tratado de el Azufre Sagrado;Balthazar Sterling;Historia de la Piedra;1917;955;1,75;36
66a0d550-ab9d;La Esencia de el Sol Negro;Elara Blackwood;Botánica Arcana;1691;484;2,13;17
cfcc3d13-a8e2;Tratado de el Mercurio Rojo;Elara Vance;Botánica Arcana;1960;608;4,29;15
35b0700b-76d0;Vórtice de la Transmutación Infinitas;Seraphine Grimoire;Botánica Arcana;1603;637;4,84;15
6d14cec6-d100;El Aliento de las Almas de Plomo;Thalric Sterling;Transmutación Metálica;1563;957;3,96;1
d25d015a-ab34;El Enigma de la Transmutación Infinitas;Isolde Sterling;Historia de la Piedra;1762;879;3;27
42a72753-bd18;Tratado de el Mercurio Rojo;Thalric Crowley;Filosofía Prohibida;1140;1452;2,28;45
aeab8b32-22bf;El Enigma de la Quintaesencia;Caspian Blackwood;Alquimia Teórica;1738;835;4,53;30
a8f10a5e-04fb;Tratado de la Transmutación Infinitas;Elara Crowley;Botánica Arcana;1756;1100;1,2;8
26f700f5-d788;Espejos de el Sol Negro;Caspian Vance;Transmutación Metálica;1871;191;2,61;29
eaa87028-749a;El Aliento de las Almas de Plomo;Isolde Flamel;Historia de la Piedra;1105;285;3,17;15
943a2bc0-ec6d;Espejos de el Sol Negro;Aurelius Nightshade;Transmutación Metálica;1640;681;4,86;9
d77ff4f9-9299;El Aliento de el Azufre Sagrado;Thalric Sterling;Filosofía Prohibida;1204;892;1,71;25
bab4822c-7235;Tratado de el Sol Negro;Elara Vance;Filosofía Prohibida;1175;895;4,39;4
e8aedc1d-d58a;El Enigma de las Almas de Plomo;Aurelius Vance;Historia de la Piedra;1963;1307;1,42;34
74151617-404d;Vórtice de el Sol Negro;Aurelius Crowley;Alquimia Teórica;1373;301;4,11;35
d1aefed6-5d4f;Vórtice de el Mercurio Rojo;Elara Sterling;Historia de la Piedra;1202;1438;2,87;25
78fca42a-16db;Códice de las Almas de Plomo;Seraphine Vance;Alquimia Teórica;1635;213;3,97;46
cd079739-f300;Espejos de la Quintaesencia;Caspian Nightshade;Transmutación Metálica;1906;356;4,28;40
3e37465c-f725;Códice de la Quintaesencia;Elara Sterling;Transmutación Metálica;1111;1180;3,95;25
91e34a2d-f359;Vórtice de la Transmutación Infinitas;Morgana Grimoire;Filosofía Prohibida;1275;1328;2,38;20
2030e135-9361;El Aliento de las Almas de Plomo;Caspian Crowley;Alquimia Teórica;1499;1468;2,1;6
1befb55b-872a;Tratado de la Transmutación Infinitas;Seraphine Sterling;Transmutación Metálica;1412;1333;2,12;46
ff1377d2-74db;El Enigma de el Mercurio Rojo;Seraphine Blackwood;Alquimia Teórica;1490;1395;4,65;45
69ff9c68-5c01;Vórtice de el Azufre Sagrado;Seraphine Nightshade;Alquimia Teórica;1883;251;1,43;10
fd3feeee-5111;Espejos de la Transmutación Infinitas;Caspian Flamel;Alquimia Teórica;1911;1109;4,56;30
200f0203-a66e;La Esencia de el Mercurio Rojo;Isolde Nightshade;Botánica Arcana;1814;643;3,98;34
87aef4cd-9635;El Enigma de el Sol Negro;Morgana Nightshade;Historia de la Piedra;1960;737;1,17;48
4b7e9a3e-bf92;Sombras sobre las Almas de Plomo;Elara Grimoire;Alquimia Teórica;1962;317;4,62;5
3d84d68a-d945;Vórtice de la Transmutación Infinitas;Isolde Blackwood;Alquimia Teórica;1847;287;1,62;30
4d16e26d-d271;Códice de el Mercurio Rojo;Seraphine Grimoire;Transmutación Metálica;1278;134;3,39;11
02604708-67c2;Tratado de la Quintaesencia;Balthazar Blackwood;Historia de la Piedra;1717;391;3,12;26
e038a366-5e01;Vórtice de el Azufre Sagrado;Seraphine Blackwood;Transmutación Metálica;1858;1025;2,96;31
3c6a8a2d-5cf4;Sombras sobre la Transmutación Infinitas;Aurelius Flamel;Historia de la Piedra;1549;797;3,91;5
86fed500-edae;El Enigma de el Mercurio Rojo;Aurelius Crowley;Transmutación Metálica;1779;694;2,35;6
42b22cda-11eb;La Esencia de las Almas de Plomo;Balthazar Grimoire;Transmutación Metálica;1981;218;3,47;37
e7274fb2-8a39;Tratado de las Almas de Plomo;Caspian Flamel;Filosofía Prohibida;2015;1424;1,26;2
172559f8-be75;La Esencia de la Transmutación Infinitas;Morgana Grimoire;Alquimia Teórica;1833;194;1,41;27
9860c38e-903b;Vórtice de el Mercurio Rojo;Seraphine Vance;Transmutación Metálica;1650;478;4,82;20
bb1fa94f-7aa5;Sombras sobre las Almas de Plomo;Caspian Vance;Historia de la Piedra;1878;268;4,23;27
d7f0b3f7-bfa9;Vórtice de el Sol Negro;Caspian Vance;Transmutación Metálica;1886;1040;1,32;25
e4fc825e-5998;Tratado de la Quintaesencia;Balthazar Vance;Transmutación Metálica;1297;1039;4,78;46
a520ad20-c6fc;Vórtice de las Almas de Plomo;Thalric Flamel;Transmutación Metálica;1779;1252;4,22;30
39a1e2d0-3725;El Enigma de las Almas de Plomo;Elara Vance;Alquimia Teórica;1738;1407;2,53;40
c8c95a8c-0511;La Esencia de la Quintaesencia;Aurelius Grimoire;Filosofía Prohibida;1237;756;3,76;32
397fa061-6b14;Vórtice de el Azufre Sagrado;Morgana Sterling;Botánica Arcana;1400;696;2,68;0
a2a687b4-940e;Vórtice de el Mercurio Rojo;Aurelius Blackwood;Transmutación Metálica;1148;588;2,65;12
aa1efd09-1637;Sombras sobre las Almas de Plomo;Seraphine Crowley;Transmutación Metálica;1475;796;4,46;40
b6542809-2da5;El Enigma de las Almas de Plomo;Elara Nightshade;Transmutación Metálica;1338;968;4,6;40
5e72f324-d760;La Esencia de la Transmutación Infinitas;Caspian Vance;Alquimia Teórica;1155;1002;4,15;33
23204378-9c27;Vórtice de la Transmutación Infinitas;Elara Vance;Botánica Arcana;1804;603;1,98;13
8d2e1e23-eff7;El Enigma de el Sol Negro;Morgana Sterling;Transmutación Metálica;1927;1354;4,71;43
00409f83-9796;La Esencia de la Quintaesencia;Isolde Grimoire;Botánica Arcana;1563;929;3,19;18
251ed27b-8fe7;El Enigma de las Almas de Plomo;Seraphine Nightshade;Alquimia Teórica;1288;914;1,54;50
7ecea165-ef46;La Esencia de las Almas de Plomo;Balthazar Crowley;Alquimia Teórica;1136;981;3,65;10
c66dcd58-d666;Vórtice de el Mercurio Rojo;Elara Grimoire;Filosofía Prohibida;1223;111;4,54;36
85f34016-773c;Tratado de la Quintaesencia;Isolde Sterling;Alquimia Teórica;1806;159;4,28;47
8daf9207-a8e8;La Esencia de las Almas de Plomo;Seraphine Vance;Historia de la Piedra;1891;718;4,1;12
bb710c90-300a;Vórtice de la Quintaesencia;Caspian Blackwood;Alquimia Teórica;1646;307;2,68;31
342e05f7-ee78;Tratado de la Transmutación Infinitas;Morgana Sterling;Transmutación Metálica;1886;1121;2,77;14
d615bab2-98b5;Tratado de la Transmutación Infinitas;Thalric Nightshade;Historia de la Piedra;1108;1183;1,34;30
328c171d-0899;Códice de la Quintaesencia;Isolde Grimoire;Filosofía Prohibida;1752;1172;2,72;34
9361fc40-13c9;Sombras sobre la Transmutación Infinitas;Caspian Flamel;Historia de la Piedra;1624;1286;1,96;17
45f7c84c-1050;La Esencia de las Almas de Plomo;Caspian Sterling;Botánica Arcana;1223;228;1,65;7
3071606d-67a4;El Enigma de el Mercurio Rojo;Isolde Crowley;Transmutación Metálica;1617;249;3,78;14
124679d5-3dc2;Espejos de las Almas de Plomo;Thalric Blackwood;Alquimia Teórica;1446;116;3,51;23
35c30af4-c66c;La Esencia de el Mercurio Rojo;Isolde Crowley;Transmutación Metálica;1149;103;1,13;19
d6bba8e4-bf6f;Sombras sobre la Quintaesencia;Caspian Flamel;Filosofía Prohibida;1754;81;2,83;6
68e43e20-5985;Códice de las Almas de Plomo;Seraphine Blackwood;Botánica Arcana;1926;1299;3,74;42
04c66b32-2d31;La Esencia de la Transmutación Infinitas;Thalric Blackwood;Transmutación Metálica;1230;1197;4,89;34
4fcaa6bf-2fc7;Sombras sobre el Mercurio Rojo;Caspian Grimoire;Alquimia Teórica;1445;1484;4,95;27
06237463-0be2;Vórtice de la Quintaesencia;Elara Grimoire;Transmutación Metálica;1616;923;3,08;48
6c5886f1-a637;El Aliento de el Sol Negro;Elara Crowley;Transmutación Metálica;1298;1069;3,69;8
6f9a5c21-3e81;El Enigma de el Mercurio Rojo;Balthazar Flamel;Botánica Arcana;1822;938;3,02;31
555addd6-f65c;El Enigma de la Quintaesencia;Caspian Vance;Transmutación Metálica;1756;382;1,74;12
7a80edcf-8d8e;Sombras sobre las Almas de Plomo;Caspian Crowley;Alquimia Teórica;1255;1041;4,65;32
80fe8112-ca00;Códice de el Azufre Sagrado;Aurelius Vance;Alquimia Teórica;1956;639;3,67;7
58b8f408-af78;Sombras sobre el Azufre Sagrado;Balthazar Nightshade;Historia de la Piedra;1765;1037;4,62;35
9ef1f5fc-cb0f;El Aliento de el Mercurio Rojo;Isolde Sterling;Transmutación Metálica;1395;320;4,8;50
ae7e2c13-09ec;Tratado de la Transmutación Infinitas;Elara Blackwood;Botánica Arcana;1318;970;4,03;41
bea2bfda-6df8;Códice de las Almas de Plomo;Seraphine Sterling;Historia de la Piedra;2002;1286;1,49;5
7b6ad673-e346;Sombras sobre el Mercurio Rojo;Seraphine Crowley;Botánica Arcana;1439;479;3,06;47
2fb1f941-d8a8;Códice de las Almas de Plomo;Aurelius Nightshade;Alquimia Teórica;1632;990;3,12;44
0d4e1256-e97e;El Aliento de el Azufre Sagrado;Seraphine Nightshade;Historia de la Piedra;1398;99;1,06;5
c7713430-8311;El Aliento de el Mercurio Rojo;Thalric Sterling;Historia de la Piedra;1780;1244;1,39;21
a76137c4-80d2;Vórtice de la Quintaesencia;Thalric Crowley;Alquimia Teórica;1344;1168;2,63;19
fa411817-77dd;Vórtice de la Quintaesencia;Aurelius Flamel;Historia de la Piedra;1514;1079;3,15;47
21ce86a5-c1d8;Sombras sobre la Quintaesencia;Caspian Grimoire;Historia de la Piedra;1989;1260;2,57;35
21ada9bd-7f29;Tratado de el Sol Negro;Seraphine Flamel;Botánica Arcana;1385;1019;4,02;35
9ecd4c9d-cf37;La Esencia de la Transmutación Infinitas;Morgana Nightshade;Botánica Arcana;1196;620;1,27;27
3e36f32b-a322;La Esencia de la Quintaesencia;Morgana Blackwood;Transmutación Metálica;1880;1256;4,91;26
4649fae9-ef66;El Enigma de el Mercurio Rojo;Isolde Grimoire;Alquimia Teórica;1406;89;2,02;24
acac8a05-f9c4;El Enigma de el Mercurio Rojo;Balthazar Nightshade;Historia de la Piedra;1425;217;4,47;9
6f6b87fc-75db;El Enigma de el Sol Negro;Balthazar Nightshade;Filosofía Prohibida;2015;1026;2,06;13
b85993e7-3ce3;Espejos de el Sol Negro;Thalric Grimoire;Transmutación Metálica;1348;1258;1,09;21
6040d183-3dad;La Esencia de la Quintaesencia;Isolde Sterling;Alquimia Teórica;1934;884;3,48;12
1b21f585-7bc1;Códice de el Mercurio Rojo;Morgana Vance;Historia de la Piedra;1169;1473;1,53;38
4d044cf1-d44a;Códice de el Sol Negro;Aurelius Sterling;Transmutación Metálica;1984;576;4,57;12
a27163eb-b952;Tratado de el Sol Negro;Aurelius Crowley;Botánica Arcana;1455;1186;4,31;23
834407d5-198e;Vórtice de la Transmutación Infinitas;Balthazar Nightshade;Filosofía Prohibida;1252;857;3,01;15
02226c4c-159c;Vórtice de las Almas de Plomo;Elara Crowley;Historia de la Piedra;1355;806;4,78;50
de555c7e-9e69;El Enigma de el Sol Negro;Seraphine Grimoire;Transmutación Metálica;1303;572;1,45;7
7d686694-c119;Tratado de la Transmutación Infinitas;Morgana Vance;Botánica Arcana;1272;966;3,83;18
cc4aae77-c812;La Esencia de el Azufre Sagrado;Seraphine Sterling;Alquimia Teórica;1670;951;1,77;12
e874b556-f138;El Aliento de la Transmutación Infinitas;Aurelius Nightshade;Botánica Arcana;1692;1056;1,08;41
90e8a134-c945;Vórtice de el Azufre Sagrado;Aurelius Vance;Transmutación Metálica;1991;1083;3,5;11
37186ac4-6be4;Espejos de las Almas de Plomo;Caspian Crowley;Filosofía Prohibida;1941;438;1,25;18
0acb352f-d143;El Enigma de la Transmutación Infinitas;Elara Crowley;Transmutación Metálica;1970;1255;4,55;21
292c84c1-b5ed;La Esencia de la Transmutación Infinitas;Elara Grimoire;Alquimia Teórica;1684;1460;3,29;4
907641b4-2710;Vórtice de el Mercurio Rojo;Caspian Sterling;Botánica Arcana;1917;125;3,09;2
8eb2890f-1770;Vórtice de la Transmutación Infinitas;Aurelius Flamel;Alquimia Teórica;1191;769;2,22;49
7e2bcd31-5c3d;Vórtice de el Azufre Sagrado;Aurelius Flamel;Alquimia Teórica;1982;497;1,52;5
9cfffac6-8e29;Tratado de la Quintaesencia;Caspian Crowley;Filosofía Prohibida;1531;147;4,76;39
5fbbca2e-708f;Tratado de el Mercurio Rojo;Aurelius Nightshade;Filosofía Prohibida;1201;788;2,96;0
134ea9df-9cb6;Códice de el Mercurio Rojo;Caspian Nightshade;Alquimia Teórica;1816;1340;3,79;1
451af3d5-e921;La Esencia de el Mercurio Rojo;Balthazar Sterling;Alquimia Teórica;2008;473;4,05;35
8238d26d-46dc;Vórtice de la Transmutación Infinitas;Seraphine Vance;Transmutación Metálica;1529;1016;1,43;2
63f33fb1-cb7b;Vórtice de la Quintaesencia;Elara Blackwood;Botánica Arcana;1743;1327;3,29;42
82e0cf7f-f059;Espejos de la Transmutación Infinitas;Elara Blackwood;Transmutación Metálica;1573;1427;3,62;49
0f768308-5582;Vórtice de la Transmutación Infinitas;Seraphine Nightshade;Botánica Arcana;1303;976;4,07;25
47dfa4e2-5009;El Enigma de el Mercurio Rojo;Aurelius Nightshade;Filosofía Prohibida;1955;790;3,67;31
f2955a73-f964;Sombras sobre la Quintaesencia;Elara Sterling;Alquimia Teórica;1224;157;3,38;14
0ffb50d6-22a8;El Aliento de el Mercurio Rojo;Seraphine Flamel;Historia de la Piedra;1362;1166;2,79;23
eedb3a30-15ad;Sombras sobre la Quintaesencia;Elara Grimoire;Alquimia Teórica;1207;1039;1,24;31
f34bd9bb-fe81;Tratado de el Azufre Sagrado;Isolde Crowley;Alquimia Teórica;1205;1430;1,41;50
9736267b-e6cf;Sombras sobre el Azufre Sagrado;Elara Flamel;Alquimia Teórica;1487;549;4,99;37
a878ba98-ca12;Vórtice de el Azufre Sagrado;Seraphine Grimoire;Botánica Arcana;1332;1149;1,86;17
a4b6ae94-3c60;Tratado de el Sol Negro;Thalric Grimoire;Transmutación Metálica;1565;594;1,65;0
c88608d8-30c0;Códice de la Transmutación Infinitas;Seraphine Grimoire;Historia de la Piedra;1967;397;2,18;13
0e555ac8-be9c;La Esencia de el Sol Negro;Seraphine Sterling;Transmutación Metálica;1556;675;4,67;42
bc701bb3-38c9;Códice de el Azufre Sagrado;Seraphine Blackwood;Filosofía Prohibida;1301;1010;3,35;9
994046d8-0a86;Espejos de el Mercurio Rojo;Aurelius Vance;Botánica Arcana;1938;706;4,64;3
7645fe8d-3d69;Tratado de las Almas de Plomo;Isolde Flamel;Botánica Arcana;1719;1335;2,66;19
f28a818b-9de2;Tratado de la Transmutación Infinitas;Caspian Vance;Historia de la Piedra;1992;883;1,84;22
1f6582e3-80fb;Tratado de la Quintaesencia;Aurelius Grimoire;Filosofía Prohibida;1758;1399;3,62;9
a068c90a-0d51;La Esencia de la Transmutación Infinitas;Caspian Blackwood;Botánica Arcana;1198;899;3,98;50
07854ada-a2e7;Espejos de la Quintaesencia;Aurelius Nightshade;Filosofía Prohibida;1341;592;4,8;43
7f77da7d-c07c;El Aliento de la Quintaesencia;Aurelius Flamel;Transmutación Metálica;1486;457;4,63;6
c14b0aa5-b850;El Aliento de el Sol Negro;Elara Nightshade;Transmutación Metálica;1421;846;3,01;41
1c6156a6-c5a5;La Esencia de el Azufre Sagrado;Balthazar Grimoire;Historia de la Piedra;1264;1063;2,79;38
57c339fd-78cc;La Esencia de la Transmutación Infinitas;Elara Vance;Historia de la Piedra;1763;243;4,33;34
59ddb3ec-6695;Espejos de el Mercurio Rojo;Balthazar Grimoire;Historia de la Piedra;1786;613;1,9;49
99358b7c-6c17;Tratado de el Azufre Sagrado;Seraphine Grimoire;Botánica Arcana;1945;302;3,74;4
dfaadf0f-18e1;Sombras sobre el Azufre Sagrado;Balthazar Vance;Alquimia Teórica;1272;1431;3,54;31
0bcaf263-d0bb;Espejos de la Quintaesencia;Balthazar Flamel;Alquimia Teórica;1355;142;4,63;5
b8388249-7799;La Esencia de la Transmutación Infinitas;Morgana Nightshade;Historia de la Piedra;1492;463;2,37;35
09bf442c-496b;El Aliento de el Mercurio Rojo;Caspian Vance;Transmutación Metálica;1711;604;4,57;28
bee7bfa7-fc29;Vórtice de la Quintaesencia;Balthazar Grimoire;Transmutación Metálica;1605;525;3,09;43
adb02b3c-2676;El Enigma de la Transmutación Infinitas;Elara Flamel;Botánica Arcana;1952;621;4,69;11
a42662ec-458c;Vórtice de la Quintaesencia;Morgana Blackwood;Filosofía Prohibida;1380;917;2,81;44
5d9c4640-1ef9;Tratado de la Transmutación Infinitas;Thalric Grimoire;Botánica Arcana;1230;383;1,39;50
282d07d0-0f06;Vórtice de la Transmutación Infinitas;Isolde Nightshade;Historia de la Piedra;1704;572;3,23;3
b5dd1145-5773;Códice de las Almas de Plomo;Thalric Nightshade;Botánica Arcana;1883;828;4,13;47
9cdf3025-f46e;Vórtice de las Almas de Plomo;Thalric Blackwood;Historia de la Piedra;1369;404;2,71;46
fe2295d4-d943;Espejos de el Mercurio Rojo;Isolde Crowley;Alquimia Teórica;1587;802;3,23;40
820b67c8-c954;El Aliento de la Transmutación Infinitas;Aurelius Grimoire;Transmutación Metálica;1878;133;4,52;42
e16bfdc5-e09e;Vórtice de el Sol Negro;Thalric Flamel;Historia de la Piedra;1311;1183;3,45;27
0b052953-1140;El Enigma de la Transmutación Infinitas;Isolde Vance;Botánica Arcana;1296;1410;2,19;48
e0345ca1-b88b;Espejos de las Almas de Plomo;Isolde Vance;Botánica Arcana;1496;1209;2,52;46
f457e4b6-1adf;La Esencia de la Transmutación Infinitas;Seraphine Crowley;Botánica Arcana;1319;1494;3,25;45
0fbf0216-6f43;Vórtice de la Transmutación Infinitas;Balthazar Vance;Alquimia Teórica;1634;1467;4,89;36
cf86842c-2bf8;El Aliento de el Mercurio Rojo;Caspian Flamel;Transmutación Metálica;1793;273;3,17;43
13ff3b98-ad92;El Enigma de el Sol Negro;Seraphine Flamel;Filosofía Prohibida;1603;880;3,95;41
0ab02c1f-7c24;Vórtice de la Transmutación Infinitas;Balthazar Sterling;Alquimia Teórica;1100;1396;4,37;23
fee26b10-dbe8;Códice de el Azufre Sagrado;Caspian Crowley;Botánica Arcana;1118;397;3,65;49
4032201b-823d;Espejos de la Transmutación Infinitas;Seraphine Nightshade;Alquimia Teórica;1172;1481;4,86;43
d9c982ff-8b5c;Sombras sobre la Quintaesencia;Thalric Flamel;Botánica Arcana;1167;1007;3,61;28
90406cb3-ea6e;El Enigma de el Azufre Sagrado;Aurelius Crowley;Filosofía Prohibida;1587;1406;4,61;13
71a9df17-62f3;Códice de el Mercurio Rojo;Elara Vance;Historia de la Piedra;1322;1005;1,11;49
6fe640d8-616e;Vórtice de las Almas de Plomo;Balthazar Grimoire;Historia de la Piedra;1915;387;2,53;22
c537ea2d-1afc;Sombras sobre las Almas de Plomo;Elara Vance;Historia de la Piedra;1192;390;2,01;31
b71fec54-5748;El Enigma de la Transmutación Infinitas;Aurelius Grimoire;Historia de la Piedra;1851;832;2,72;4
29fa414e-854f;Vórtice de el Sol Negro;Morgana Grimoire;Transmutación Metálica;1564;100;1,16;1
1876378a-84ee;Tratado de la Transmutación Infinitas;Morgana Flamel;Historia de la Piedra;1987;680;1,43;44
8ae81858-7dcb;El Aliento de el Mercurio Rojo;Isolde Flamel;Alquimia Teórica;1878;1197;3,34;19
a9145de0-6248;Códice de la Quintaesencia;Caspian Nightshade;Transmutación Metálica;1388;1088;1,68;26
8955a20e-b08b;La Esencia de el Sol Negro;Seraphine Crowley;Filosofía Prohibida;1888;1275;4,67;41
7b9d9391-a841;El Enigma de la Quintaesencia;Aurelius Blackwood;Transmutación Metálica;2002;266;2,04;13
ffc881fe-82fd;Tratado de el Sol Negro;Thalric Crowley;Transmutación Metálica;1958;1283;3,26;27
60b77ffa-a0f2;Códice de el Azufre Sagrado;Caspian Flamel;Historia de la Piedra;1995;436;2,32;11
8e9612f7-3825;Sombras sobre el Azufre Sagrado;Isolde Grimoire;Alquimia Teórica;1175;1044;2,07;9
b735e430-f076;Códice de las Almas de Plomo;Balthazar Grimoire;Filosofía Prohibida;1953;1221;2,06;36
e6881724-616d;Códice de el Mercurio Rojo;Elara Flamel;Botánica Arcana;1273;317;3,89;39
b49a1cdb-af5d;La Esencia de el Mercurio Rojo;Thalric Grimoire;Botánica Arcana;1506;270;1,29;22
2ec1a102-3f04;La Esencia de el Sol Negro;Isolde Grimoire;Alquimia Teórica;1586;569;1,91;50
5ff85878-af38;Sombras sobre la Quintaesencia;Morgana Grimoire;Filosofía Prohibida;1271;173;1,51;36
5cb0785f-ef48;Sombras sobre la Quintaesencia;Thalric Grimoire;Filosofía Prohibida;1751;409;1,24;40
873973e1-be3d;Sombras sobre el Mercurio Rojo;Thalric Crowley;Transmutación Metálica;1233;87;1,18;29
e110f7bf-4295;La Esencia de el Azufre Sagrado;Elara Nightshade;Alquimia Teórica;1591;432;1,67;0
aea3241e-c7b4;El Enigma de la Transmutación Infinitas;Elara Vance;Historia de la Piedra;1787;607;4,92;24
54cdd298-25af;El Enigma de la Quintaesencia;Morgana Flamel;Historia de la Piedra;1896;1138;3,47;10
bb6a70ca-ef37;El Enigma de la Quintaesencia;Elara Blackwood;Transmutación Metálica;1823;403;2,08;45
f514873f-fea6;Espejos de la Transmutación Infinitas;Isolde Grimoire;Transmutación Metálica;1492;1311;2,74;13
42174c6c-0fcc;La Esencia de el Mercurio Rojo;Caspian Grimoire;Filosofía Prohibida;1826;1222;4,48;9
dea727ec-2d07;El Enigma de la Transmutación Infinitas;Balthazar Blackwood;Transmutación Metálica;1432;340;4,24;20
9b328eb8-11dd;El Aliento de la Transmutación Infinitas;Morgana Crowley;Botánica Arcana;2007;109;1,17;33
8d0a2952-1924;Espejos de las Almas de Plomo;Thalric Flamel;Historia de la Piedra;1981;786;3,36;16
74f70de6-052a;Sombras sobre las Almas de Plomo;Balthazar Vance;Historia de la Piedra;1763;928;1,44;5
c9fec2ab-ed03;La Esencia de la Transmutación Infinitas;Isolde Nightshade;Alquimia Teórica;1973;140;1,6;43
471f2d96-2225;El Enigma de el Sol Negro;Isolde Blackwood;Historia de la Piedra;2018;474;3,85;8
43395ad1-1a57;Espejos de el Sol Negro;Morgana Blackwood;Filosofía Prohibida;1164;512;3,08;9
f66563f6-2d36;Espejos de el Azufre Sagrado;Thalric Grimoire;Botánica Arcana;1453;196;4,03;40
2ff70599-9c83;Sombras sobre el Azufre Sagrado;Thalric Flamel;Alquimia Teórica;1429;1186;1,41;1
8ce2d58d-6a8b;Sombras sobre el Sol Negro;Balthazar Crowley;Filosofía Prohibida;1439;350;4,1;45
e556c6e4-c61b;Códice de las Almas de Plomo;Aurelius Blackwood;Botánica Arcana;1676;885;1,29;48
df8e9efa-75a2;El Enigma de el Mercurio Rojo;Elara Vance;Alquimia Teórica;1975;1439;4,12;32
d25a118f-2d72;Vórtice de la Transmutación Infinitas;Morgana Nightshade;Transmutación Metálica;1431;1497;1,28;41
d65d110c-8e24;El Enigma de el Azufre Sagrado;Caspian Blackwood;Filosofía Prohibida;1828;101;2,87;7
4d4a63e1-d8db;La Esencia de el Mercurio Rojo;Elara Crowley;Alquimia Teórica;1341;143;4,24;0
5269cfd0-5310;El Enigma de las Almas de Plomo;Seraphine Nightshade;Historia de la Piedra;1811;132;1,56;26
e95a93cc-cee6;Vórtice de el Mercurio Rojo;Thalric Grimoire;Transmutación Metálica;1159;114;2,52;0
af817ba4-77e1;Códice de la Quintaesencia;Balthazar Crowley;Alquimia Teórica;1474;329;4,5;50
bbead50e-a73f;El Aliento de el Mercurio Rojo;Aurelius Crowley;Alquimia Teórica;1833;228;3,41;37
aef7d7d1-7707;Códice de el Azufre Sagrado;Balthazar Vance;Filosofía Prohibida;1420;971;1,27;25
c32d11a8-3098;La Esencia de las Almas de Plomo;Caspian Nightshade;Historia de la Piedra;1181;190;1,44;2
b1796b23-4ff4;Tratado de las Almas de Plomo;Balthazar Crowley;Alquimia Teórica;1431;1321;1,97;8
bd89fdf2-bba8;Códice de el Azufre Sagrado;Elara Sterling;Botánica Arcana;1165;913;3,56;40
8eb8e5d9-8c50;Vórtice de la Quintaesencia;Morgana Sterling;Transmutación Metálica;1939;1005;1,81;7
f4329395-dd5b;Tratado de el Sol Negro;Isolde Grimoire;Alquimia Teórica;1797;1408;3,32;47
fe1b520d-7d6a;El Enigma de el Mercurio Rojo;Thalric Sterling;Alquimia Teórica;1325;832;1,77;24
e8b6ce9f-d232;Espejos de las Almas de Plomo;Balthazar Nightshade;Alquimia Teórica;1307;1054;1,67;41
50201161-48e2;Espejos de las Almas de Plomo;Isolde Nightshade;Botánica Arcana;1614;1024;4,64;7
f4cd6449-81ef;La Esencia de el Sol Negro;Isolde Grimoire;Historia de la Piedra;1291;1140;1,15;30
6ba8da80-4a8a;La Esencia de el Azufre Sagrado;Seraphine Nightshade;Historia de la Piedra;1128;1475;4,31;42
6ba53595-3a1a;El Enigma de la Quintaesencia;Seraphine Crowley;Historia de la Piedra;1240;1389;4,57;32
9de963ca-9d94;Códice de el Sol Negro;Balthazar Grimoire;Transmutación Metálica;1901;1034;3,04;24
b9d0e442-cad7;Tratado de el Mercurio Rojo;Balthazar Crowley;Filosofía Prohibida;2018;1180;3,43;6
cc675adf-613c;La Esencia de el Sol Negro;Morgana Nightshade;Historia de la Piedra;1510;724;1,37;41
b16c557b-0baa;Vórtice de las Almas de Plomo;Thalric Flamel;Historia de la Piedra;1798;1338;3,03;31
065a8a43-d171;Espejos de las Almas de Plomo;Balthazar Sterling;Botánica Arcana;1627;531;4,34;29
83225110-323e;La Esencia de las Almas de Plomo;Balthazar Vance;Botánica Arcana;1640;1152;4,52;11
b8b9e1e1-6232;Vórtice de la Quintaesencia;Balthazar Sterling;Filosofía Prohibida;1881;1252;2,78;40
2794cb46-db7c;La Esencia de las Almas de Plomo;Elara Vance;Alquimia Teórica;1129;619;1,05;25
4e9689c4-375d;Vórtice de el Mercurio Rojo;Balthazar Blackwood;Transmutación Metálica;1848;479;2,43;48
b3929361-3a80;Códice de el Sol Negro;Elara Crowley;Historia de la Piedra;1947;1257;2,4;2
17571653-bb38;El Enigma de el Sol Negro;Thalric Flamel;Filosofía Prohibida;1401;959;2,05;18
e0018867-227c;El Aliento de la Transmutación Infinitas;Seraphine Grimoire;Filosofía Prohibida;1272;127;4,28;0
43eaf64d-3048;La Esencia de el Sol Negro;Morgana Flamel;Alquimia Teórica;1256;500;2,08;35
a65a88b2-b62e;Vórtice de la Transmutación Infinitas;Thalric Flamel;Filosofía Prohibida;1458;1391;3,15;27
abdca88a-8b73;El Enigma de el Azufre Sagrado;Morgana Sterling;Historia de la Piedra;1770;1430;3,35;11
944ff03b-8c5c;Espejos de el Mercurio Rojo;Balthazar Crowley;Filosofía Prohibida;1401;561;1,01;18
c78bc844-48a4;El Aliento de las Almas de Plomo;Aurelius Sterling;Alquimia Teórica;1435;196;1,09;29
fa1384b7-5391;El Aliento de las Almas de Plomo;Isolde Vance;Alquimia Teórica;1746;195;4,59;38
73a46766-cf83;Códice de el Sol Negro;Seraphine Vance;Transmutación Metálica;1927;1177;3,24;50
e46d271c-e498;Códice de el Sol Negro;Isolde Crowley;Botánica Arcana;1410;616;1,21;1
13e14465-4456;Códice de el Sol Negro;Aurelius Blackwood;Transmutación Metálica;1395;1342;1,59;8
e378cf9c-d1d0;Vórtice de las Almas de Plomo;Elara Crowley;Filosofía Prohibida;1849;515;3,94;40
7a15796e-4b12;Tratado de la Transmutación Infinitas;Balthazar Blackwood;Botánica Arcana;1567;280;2,27;3
a519b59b-ed79;Vórtice de el Azufre Sagrado;Elara Blackwood;Historia de la Piedra;1527;99;1,67;11
8716ac3c-30fd;Vórtice de el Azufre Sagrado;Seraphine Crowley;Transmutación Metálica;1730;686;1,82;15
6c4e091c-eed4;Espejos de el Mercurio Rojo;Balthazar Blackwood;Transmutación Metálica;1642;461;4,5;22
143b7083-2d80;Vórtice de el Sol Negro;Seraphine Vance;Botánica Arcana;1252;747;4,67;15
11abe0a6-85ab;El Enigma de el Sol Negro;Aurelius Sterling;Transmutación Metálica;1110;662;4,53;23
ca759d8c-a61a;Tratado de el Sol Negro;Isolde Vance;Filosofía Prohibida;1447;397;4,73;32
04e455a3-ea10;Tratado de la Quintaesencia;Isolde Nightshade;Transmutación Metálica;1495;403;4,02;5
be154d61-4b73;La Esencia de el Azufre Sagrado;Caspian Flamel;Alquimia Teórica;1268;283;4,52;24
b40a7359-d2a2;La Esencia de las Almas de Plomo;Aurelius Flamel;Botánica Arcana;1320;81;4,27;41
cf289019-047c;La Esencia de la Transmutación Infinitas;Thalric Blackwood;Transmutación Metálica;1225;580;2,1;28
a25e6a2f-3168;El Enigma de el Sol Negro;Thalric Blackwood;Historia de la Piedra;1732;489;2,13;23
da4ea355-2aec;Espejos de las Almas de Plomo;Balthazar Grimoire;Transmutación Metálica;1533;1488;3,05;36
1382a627-2c97;La Esencia de el Azufre Sagrado;Balthazar Crowley;Transmutación Metálica;1937;113;2,97;23
9e26c58d-bd5c;Vórtice de las Almas de Plomo;Seraphine Blackwood;Transmutación Metálica;1688;247;2,78;29
29b94a1a-7412;Espejos de la Transmutación Infinitas;Morgana Blackwood;Botánica Arcana;1534;1407;2,44;40
3be3b58b-db49;Espejos de la Quintaesencia;Aurelius Grimoire;Historia de la Piedra;1764;1424;4,94;28
a441a93a-5e32;Códice de la Quintaesencia;Aurelius Nightshade;Alquimia Teórica;2017;657;4,77;4
f43296db-639b;Vórtice de el Sol Negro;Balthazar Vance;Alquimia Teórica;1413;560;2,97;46
50415422-1a71;El Aliento de la Quintaesencia;Morgana Blackwood;Transmutación Metálica;1310;1015;2,15;1
0f8432ee-ddb3;El Aliento de el Sol Negro;Isolde Blackwood;Alquimia Teórica;1546;555;4,48;35
b19c975b-470c;La Esencia de la Transmutación Infinitas;Thalric Blackwood;Alquimia Teórica;1519;414;2,44;48
4eb7c80c-0f6f;Espejos de las Almas de Plomo;Aurelius Nightshade;Transmutación Metálica;1811;957;3,38;15
37054c93-f9fa;Sombras sobre la Transmutación Infinitas;Balthazar Crowley;Filosofía Prohibida;1669;755;2;36
32fbbb0e-c5da;Tratado de el Mercurio Rojo;Thalric Crowley;Filosofía Prohibida;1271;635;3,35;8
45ea8c38-8e52;Espejos de la Quintaesencia;Morgana Blackwood;Alquimia Teórica;1150;1374;4,57;6
43bb128c-e9fe;Códice de el Sol Negro;Seraphine Flamel;Transmutación Metálica;1563;1411;2,11;44
00ea8f7d-c0c1;La Esencia de el Sol Negro;Thalric Flamel;Filosofía Prohibida;1123;1234;4,31;24
cd1715c3-3138;Tratado de la Transmutación Infinitas;Balthazar Sterling;Alquimia Teórica;1654;880;1,57;41
5588032b-5bdf;Sombras sobre el Mercurio Rojo;Caspian Blackwood;Transmutación Metálica;1901;1413;4,53;45
83643687-baaa;Sombras sobre la Transmutación Infinitas;Aurelius Crowley;Transmutación Metálica;1433;1126;3,17;48
d3c5c546-44af;Vórtice de el Mercurio Rojo;Aurelius Nightshade;Historia de la Piedra;1172;1077;1,58;35
14a8d87e-118e;El Enigma de el Mercurio Rojo;Thalric Grimoire;Historia de la Piedra;1752;873;2,07;40
361f8b22-0a17;El Enigma de la Quintaesencia;Seraphine Crowley;Alquimia Teórica;1557;1350;2,58;30
3d1d16ca-e597;Sombras sobre el Sol Negro;Isolde Vance;Transmutación Metálica;1449;1386;2,48;39
70a6c98a-b382;Códice de la Transmutación Infinitas;Thalric Vance;Botánica Arcana;1573;660;4,41;33
ecb8ad2b-4ca7;El Aliento de el Sol Negro;Morgana Flamel;Historia de la Piedra;1169;883;3,05;35
9ba9d7df-6832;Códice de la Quintaesencia;Caspian Vance;Botánica Arcana;1344;355;3,45;25
790731b4-85e8;El Aliento de el Mercurio Rojo;Aurelius Grimoire;Alquimia Teórica;1666;184;4,59;13
7291dee6-7a10;Códice de la Quintaesencia;Isolde Nightshade;Alquimia Teórica;1783;200;4,76;2
e8827d53-1469;Espejos de el Azufre Sagrado;Elara Vance;Historia de la Piedra;1463;464;1,98;43
5662ae87-feff;Vórtice de el Sol Negro;Seraphine Nightshade;Filosofía Prohibida;1844;573;2,72;4
1c1e02a0-2203;El Enigma de el Sol Negro;Elara Flamel;Alquimia Teórica;1654;1183;2,52;5
98746059-4872;Sombras sobre el Sol Negro;Thalric Flamel;Alquimia Teórica;1565;1293;2,39;11
80944b32-c516;Tratado de el Sol Negro;Morgana Crowley;Transmutación Metálica;1725;1088;4,84;24
4fc1f70d-4a1a;Tratado de la Quintaesencia;Caspian Nightshade;Botánica Arcana;1219;227;4,69;35
332cae1a-c317;Códice de el Sol Negro;Seraphine Nightshade;Transmutación Metálica;1832;907;2,2;6
cfc723f6-123b;Tratado de la Transmutación Infinitas;Caspian Vance;Alquimia Teórica;1817;284;2,12;4
d33e3e31-45de;Tratado de las Almas de Plomo;Elara Nightshade;Alquimia Teórica;1580;714;3,39;40
400cf481-37b9;La Esencia de el Mercurio Rojo;Elara Grimoire;Historia de la Piedra;2023;837;1,48;39
acaf82ce-2fb2;Tratado de el Sol Negro;Thalric Flamel;Historia de la Piedra;1981;932;1,51;39
c6d09a6b-603f;El Aliento de las Almas de Plomo;Seraphine Grimoire;Alquimia Teórica;1414;1080;2,96;13
24732627-458c;Tratado de el Sol Negro;Aurelius Nightshade;Alquimia Teórica;1945;1206;2,99;0
018ca163-1b9f;La Esencia de el Azufre Sagrado;Elara Crowley;Transmutación Metálica;1248;309;2,03;24
4ab4f07e-90d6;El Aliento de la Transmutación Infinitas;Seraphine Blackwood;Transmutación Metálica;1524;1339;3,84;27
36a01255-034b;El Aliento de la Transmutación Infinitas;Caspian Grimoire;Alquimia Teórica;1398;120;4,9;24
fcf93114-9f99;Vórtice de la Transmutación Infinitas;Aurelius Crowley;Historia de la Piedra;1369;108;1,94;36
6fd20456-61b0;Vórtice de el Sol Negro;Aurelius Nightshade;Botánica Arcana;1291;257;3,09;20
00c1252f-520e;Sombras sobre el Azufre Sagrado;Caspian Crowley;Botánica Arcana;1958;362;2,99;8
20871281-61de;Tratado de las Almas de Plomo;Morgana Grimoire;Botánica Arcana;1863;478;4,2;20
54d5bcfe-38e9;Tratado de el Sol Negro;Morgana Flamel;Filosofía Prohibida;1542;1089;2,32;3
b4fc6a9b-8eba;Códice de el Azufre Sagrado;Morgana Flamel;Filosofía Prohibida;1429;993;2,78;48
f090838c-4cd9;El Enigma de la Quintaesencia;Thalric Crowley;Alquimia Teórica;1179;1150;4,41;10
8e08fa04-84f3;Vórtice de las Almas de Plomo;Isolde Grimoire;Botánica Arcana;1777;1413;2,48;32
1dcdf777-d0c5;Espejos de la Quintaesencia;Isolde Blackwood;Historia de la Piedra;1556;111;1,76;24
960bdb92-0d05;Códice de la Quintaesencia;Balthazar Crowley;Transmutación Metálica;1349;1098;2,16;16
07056c7c-6f9a;Tratado de la Quintaesencia;Caspian Crowley;Alquimia Teórica;1452;960;3,41;9
9d290a9f-8cd2;Sombras sobre el Mercurio Rojo;Caspian Sterling;Historia de la Piedra;1520;657;2,15;26
4e7ace12-0624;El Enigma de las Almas de Plomo;Morgana Blackwood;Filosofía Prohibida;1554;124;5;50
a026ed61-18d3;Vórtice de la Quintaesencia;Morgana Vance;Botánica Arcana;1464;1490;1,88;23
c60cb772-f9da;El Enigma de la Transmutación Infinitas;Morgana Sterling;Botánica Arcana;1614;369;1,66;9
217d5c07-4020;Códice de la Transmutación Infinitas;Seraphine Crowley;Historia de la Piedra;1581;690;3,64;1
56626bce-82ef;Tratado de la Transmutación Infinitas;Caspian Crowley;Filosofía Prohibida;1186;1197;4,78;40
13989f66-77b5;Códice de el Sol Negro;Thalric Vance;Transmutación Metálica;1732;953;4,79;46
e3c52da8-aa04;Códice de la Transmutación Infinitas;Aurelius Crowley;Transmutación Metálica;1520;245;4,07;32
2b374b42-7df7;El Enigma de la Transmutación Infinitas;Caspian Sterling;Botánica Arcana;1438;393;4,59;16
0f8df15a-9bf1;Sombras sobre la Quintaesencia;Aurelius Grimoire;Alquimia Teórica;1441;349;1,32;10
7d2c2c0d-caf4;El Enigma de la Quintaesencia;Elara Flamel;Filosofía Prohibida;1376;254;3,93;1
48cfb3f6-a4b2;Sombras sobre el Sol Negro;Caspian Blackwood;Alquimia Teórica;1822;1227;3,7;24
39c71c4f-40a2;Sombras sobre el Mercurio Rojo;Thalric Crowley;Filosofía Prohibida;1637;797;2,23;42
de4c0cee-0aee;Tratado de la Transmutación Infinitas;Isolde Nightshade;Filosofía Prohibida;1448;311;2,44;25
b32f46c7-eb2e;El Enigma de el Azufre Sagrado;Balthazar Grimoire;Alquimia Teórica;1525;1395;1,33;22
1f0b2b14-f47e;Tratado de el Azufre Sagrado;Elara Sterling;Botánica Arcana;1133;1182;4,4;18
6f8c7971-a941;La Esencia de el Azufre Sagrado;Isolde Nightshade;Historia de la Piedra;1486;1219;4,01;49
c2281238-986f;La Esencia de el Sol Negro;Isolde Nightshade;Historia de la Piedra;1720;254;2,51;29
66ac9c6d-7c99;El Enigma de las Almas de Plomo;Balthazar Grimoire;Historia de la Piedra;1191;1476;3,69;40
c1e0cbc9-3c41;La Esencia de las Almas de Plomo;Caspian Flamel;Transmutación Metálica;1218;1018;2,97;12
6c6b731e-fab5;Tratado de el Mercurio Rojo;Elara Crowley;Alquimia Teórica;1451;936;3,99;48
1a043693-3762;Tratado de el Sol Negro;Balthazar Blackwood;Historia de la Piedra;1990;1081;2,49;42
463890b8-bee9;Sombras sobre la Transmutación Infinitas;Isolde Blackwood;Botánica Arcana;1838;1412;3,45;4
837ad2e4-d1bf;Códice de la Quintaesencia;Morgana Vance;Alquimia Teórica;1406;324;4,89;32
7b26b622-cc01;Códice de el Mercurio Rojo;Balthazar Crowley;Botánica Arcana;1992;1440;3,84;29
87df50e5-ec63;El Enigma de el Sol Negro;Isolde Crowley;Alquimia Teórica;2023;1434;2,13;15
66f40209-0b45;El Enigma de la Transmutación Infinitas;Isolde Blackwood;Historia de la Piedra;1882;493;1,53;23
59380740-ae6e;Vórtice de el Azufre Sagrado;Elara Grimoire;Historia de la Piedra;1900;478;4,02;25
df7b3f98-6633;La Esencia de las Almas de Plomo;Seraphine Crowley;Historia de la Piedra;1355;1009;1,9;50
d4030813-7491;El Aliento de el Azufre Sagrado;Thalric Flamel;Filosofía Prohibida;1166;501;1,95;12
fa860362-879e;Sombras sobre las Almas de Plomo;Caspian Crowley;Alquimia Teórica;1669;1097;1,85;13
d25cea28-a9e8;La Esencia de la Transmutación Infinitas;Thalric Blackwood;Transmutación Metálica;1692;697;4,44;49
5a46cce6-a139;Códice de el Mercurio Rojo;Thalric Grimoire;Alquimia Teórica;1598;1458;4,26;20
26d82665-0ee3;La Esencia de la Transmutación Infinitas;Isolde Blackwood;Botánica Arcana;1354;536;4,5;36
410aa7c1-24c2;La Esencia de el Sol Negro;Aurelius Blackwood;Alquimia Teórica;1946;1336;3,29;17
96c12b77-bb2d;Vórtice de la Transmutación Infinitas;Seraphine Grimoire;Transmutación Metálica;1619;146;4,34;47
1fae0ebb-389f;Tratado de el Mercurio Rojo;Seraphine Nightshade;Transmutación Metálica;1236;1346;4,7;27
b0b165dc-9033;Espejos de las Almas de Plomo;Morgana Grimoire;Alquimia Teórica;1360;623;1,26;39
1c6ca607-c4fb;El Enigma de la Transmutación Infinitas;Aurelius Vance;Transmutación Metálica;1500;1346;4,6;10
4e31ae11-f8c4;Sombras sobre la Transmutación Infinitas;Seraphine Sterling;Filosofía Prohibida;1765;1152;3,47;7
1e98cc89-ba94;Tratado de el Sol Negro;Isolde Crowley;Alquimia Teórica;1672;263;3,44;30
414f1427-21bf;Vórtice de el Mercurio Rojo;Aurelius Crowley;Transmutación Metálica;1504;890;2,56;43
a2bd1642-1da7;Sombras sobre la Quintaesencia;Aurelius Crowley;Alquimia Teórica;1922;86;1,68;46
6afce4de-906b;Tratado de el Sol Negro;Caspian Nightshade;Filosofía Prohibida;1224;264;2,58;41
dc63e8ec-bdd0;La Esencia de el Sol Negro;Caspian Vance;Botánica Arcana;2013;814;2,59;35
823911fd-a827;Tratado de las Almas de Plomo;Elara Flamel;Alquimia Teórica;1949;1136;1,19;14
b1768f2c-a682;Espejos de las Almas de Plomo;Thalric Sterling;Alquimia Teórica;1477;955;4,99;34
ccc5d542-fc88;Tratado de el Azufre Sagrado;Thalric Blackwood;Alquimia Teórica;1766;328;4,11;35
cec238e3-f832;Espejos de la Quintaesencia;Aurelius Nightshade;Alquimia Teórica;1776;511;3,07;50
8876def7-d12c;Tratado de el Sol Negro;Elara Grimoire;Alquimia Teórica;1283;1302;1,49;38
3a26b253-7986;Espejos de el Azufre Sagrado;Caspian Crowley;Alquimia Teórica;1442;1348;2,56;21
16445a15-fe7e;La Esencia de la Transmutación Infinitas;Seraphine Sterling;Filosofía Prohibida;1663;1491;3,36;23
9e7565ff-74e2;Espejos de las Almas de Plomo;Isolde Blackwood;Botánica Arcana;1465;713;3,38;27
ef500d48-4aa7;Tratado de el Sol Negro;Thalric Vance;Historia de la Piedra;1754;527;1,15;24
44c62a68-8698;El Enigma de el Mercurio Rojo;Caspian Grimoire;Botánica Arcana;1878;1401;1,43;32
a7413e83-1289;Sombras sobre el Mercurio Rojo;Balthazar Nightshade;Botánica Arcana;1416;1263;2,46;24
8bf385d7-8ace;Vórtice de la Transmutación Infinitas;Aurelius Blackwood;Historia de la Piedra;1229;233;1,7;45
c6ef3a60-7173;La Esencia de el Sol Negro;Morgana Flamel;Botánica Arcana;1789;1018;2,81;43
3a84845e-35f2;Tratado de la Quintaesencia;Morgana Sterling;Filosofía Prohibida;1671;753;3,71;38
df9ef14a-17d2;El Enigma de el Azufre Sagrado;Morgana Sterling;Transmutación Metálica;1917;608;3,66;11
7a61dd6c-642a;Tratado de el Azufre Sagrado;Caspian Sterling;Transmutación Metálica;1594;1013;3,83;34
454a2fa4-1cd0;Sombras sobre el Azufre Sagrado;Morgana Vance;Transmutación Metálica;1923;552;4,86;47
8779287a-b033;El Aliento de la Transmutación Infinitas;Morgana Crowley;Historia de la Piedra;1731;614;2,34;41
7dda0e79-4ba0;Sombras sobre el Azufre Sagrado;Balthazar Vance;Historia de la Piedra;1888;530;4,56;49
9267fc67-e4fb;La Esencia de la Transmutación Infinitas;Thalric Vance;Filosofía Prohibida;1396;664;4,68;3
496cb33d-24c2;El Enigma de el Azufre Sagrado;Aurelius Flamel;Filosofía Prohibida;1503;1430;4,42;23
5577c3ce-0430;Códice de el Azufre Sagrado;Seraphine Sterling;Filosofía Prohibida;1922;327;2,89;37
96c6a764-14ed;El Aliento de el Azufre Sagrado;Elara Flamel;Filosofía Prohibida;1218;773;1,71;1
f7caea00-16e9;La Esencia de la Quintaesencia;Caspian Nightshade;Alquimia Teórica;1182;671;4,97;34
13d37324-f607;Tratado de el Sol Negro;Morgana Vance;Transmutación Metálica;1338;953;4,15;50
dbefa241-884d;Espejos de el Sol Negro;Thalric Vance;Alquimia Teórica;1416;812;1,55;27
2c68223b-5adc;Códice de el Azufre Sagrado;Elara Sterling;Filosofía Prohibida;1160;1078;1,01;16
710d3987-5fd8;Sombras sobre la Quintaesencia;Caspian Grimoire;Transmutación Metálica;1522;706;3,42;39
f760be51-4272;El Aliento de el Sol Negro;Isolde Sterling;Historia de la Piedra;1366;995;1,86;12
90c7039f-e39c;El Enigma de las Almas de Plomo;Seraphine Flamel;Alquimia Teórica;1489;138;2,4;3
4ee17778-9c64;El Aliento de las Almas de Plomo;Elara Grimoire;Transmutación Metálica;1489;798;2,54;37
07cc9aac-3599;Vórtice de el Azufre Sagrado;Elara Grimoire;Transmutación Metálica;1792;616;3,97;48
69ff19f4-2041;Espejos de la Quintaesencia;Seraphine Vance;Alquimia Teórica;2010;724;2,92;26
daf47d5b-7a03;Vórtice de la Transmutación Infinitas;Isolde Vance;Historia de la Piedra;1218;1294;1,45;31
f9e3de6b-b3ed;El Enigma de el Azufre Sagrado;Balthazar Flamel;Filosofía Prohibida;1200;605;4,91;20
d547c4e3-0c81;Sombras sobre el Sol Negro;Aurelius Crowley;Botánica Arcana;1973;870;3,97;13
1cebd679-fc4c;Tratado de la Transmutación Infinitas;Caspian Crowley;Filosofía Prohibida;1409;786;1,69;49
d6173a72-9b3d;Sombras sobre la Transmutación Infinitas;Aurelius Flamel;Filosofía Prohibida;1681;217;3,7;11
9d154e10-4b88;El Enigma de el Sol Negro;Elara Sterling;Historia de la Piedra;1357;1243;4,58;10
ce55f606-bdf1;Vórtice de la Transmutación Infinitas;Thalric Grimoire;Botánica Arcana;1376;827;1,22;14
01daf9f8-b965;Vórtice de el Azufre Sagrado;Isolde Flamel;Historia de la Piedra;1890;600;3,43;32
a83d2db1-d11c;Sombras sobre la Transmutación Infinitas;Seraphine Blackwood;Transmutación Metálica;2016;456;4,91;33
fa3fc8da-af8d;Espejos de las Almas de Plomo;Elara Crowley;Transmutación Metálica;1532;547;1,34;0
a6b0a6b9-1fd8;Tratado de las Almas de Plomo;Elara Nightshade;Filosofía Prohibida;1643;549;2;19
20a2102c-423c;El Enigma de el Azufre Sagrado;Morgana Blackwood;Transmutación Metálica;1961;708;2,61;14
b0a1ff8c-83d1;Tratado de la Quintaesencia;Elara Grimoire;Alquimia Teórica;1633;508;1,07;34
522fe73f-4730;Tratado de el Sol Negro;Thalric Vance;Historia de la Piedra;1290;483;1,84;9
0ac85032-c35c;El Aliento de las Almas de Plomo;Elara Grimoire;Alquimia Teórica;1580;1177;4,61;38
38aa1721-c0a6;Espejos de la Transmutación Infinitas;Balthazar Flamel;Alquimia Teórica;1203;84;2,33;23
5ff37840-4f03;El Enigma de el Azufre Sagrado;Caspian Flamel;Botánica Arcana;1344;225;3,45;8
550a2b44-2bc7;La Esencia de las Almas de Plomo;Isolde Nightshade;Historia de la Piedra;1709;1400;4,33;5
263f6b2f-4b34;El Enigma de el Mercurio Rojo;Morgana Blackwood;Filosofía Prohibida;1791;670;2,71;15
bfdf224f-8134;Códice de la Quintaesencia;Balthazar Sterling;Alquimia Teórica;1687;462;4,99;22
f8d77453-51c9;Espejos de el Sol Negro;Caspian Crowley;Filosofía Prohibida;1187;1174;4,71;18
f8cbd6dc-1185;El Aliento de la Transmutación Infinitas;Balthazar Flamel;Botánica Arcana;1270;958;1,29;2
9dbbb8fe-1007;Espejos de la Quintaesencia;Balthazar Blackwood;Historia de la Piedra;1931;590;2,12;47
b893f21e-4156;El Enigma de el Azufre Sagrado;Seraphine Crowley;Transmutación Metálica;1508;1192;1,19;17
b3cf1a4d-97f9;Tratado de el Sol Negro;Balthazar Crowley;Historia de la Piedra;1410;822;3,29;13
0bb0c916-1c49;Códice de la Transmutación Infinitas;Seraphine Blackwood;Alquimia Teórica;1208;493;3,54;26
99443ff3-7770;El Enigma de el Sol Negro;Elara Crowley;Transmutación Metálica;1474;1428;4,23;10
8dcd22a2-5400;El Enigma de las Almas de Plomo;Caspian Flamel;Historia de la Piedra;1161;1279;4,16;7
ff1112da-2c2a;El Enigma de el Azufre Sagrado;Thalric Crowley;Botánica Arcana;1145;317;2,4;9
efd7a7d9-b44d;Tratado de el Azufre Sagrado;Aurelius Grimoire;Historia de la Piedra;1338;1130;3,52;18
eb1d1170-f7fb;El Aliento de el Mercurio Rojo;Morgana Flamel;Botánica Arcana;1578;483;4,44;0
6f47a496-1e1b;Sombras sobre la Transmutación Infinitas;Morgana Grimoire;Filosofía Prohibida;1384;526;3,92;48
9d6d36e3-4030;Espejos de el Azufre Sagrado;Aurelius Grimoire;Botánica Arcana;1484;472;2,26;29
7abce34d-e9d9;La Esencia de la Transmutación Infinitas;Elara Sterling;Historia de la Piedra;1341;377;3,28;12
55e3cc26-3a45;Espejos de la Transmutación Infinitas;Seraphine Sterling;Alquimia Teórica;1779;668;4,95;42
84a6820b-8403;El Aliento de el Mercurio Rojo;Elara Crowley;Filosofía Prohibida;1960;746;2,29;45
c0a0f2c6-89ad;Espejos de la Transmutación Infinitas;Caspian Flamel;Filosofía Prohibida;1276;94;3,1;25
af6b59b9-58ff;El Enigma de el Mercurio Rojo;Elara Flamel;Historia de la Piedra;1680;283;3,32;42
b68098c5-8cfd;Tratado de el Sol Negro;Elara Flamel;Filosofía Prohibida;1581;682;3,41;28
bdb427be-a086;Espejos de el Mercurio Rojo;Elara Crowley;Filosofía Prohibida;1588;1322;4,79;46
f4d7f3ea-8ec5;Vórtice de el Mercurio Rojo;Seraphine Nightshade;Filosofía Prohibida;1522;1180;1,3;37
07f835ac-eca1;El Enigma de la Quintaesencia;Balthazar Flamel;Filosofía Prohibida;1556;848;4,78;44
776ba04a-1712;Vórtice de el Azufre Sagrado;Seraphine Crowley;Filosofía Prohibida;1685;1497;4,45;35
1d54fe0d-ed11;El Aliento de las Almas de Plomo;Aurelius Nightshade;Filosofía Prohibida;1916;1462;4,84;33
90349345-b199;Códice de la Transmutación Infinitas;Caspian Nightshade;Historia de la Piedra;1917;1433;3,31;31
7351976e-04de;Códice de el Sol Negro;Isolde Vance;Filosofía Prohibida;1658;1445;1,44;29
131aaec8-92a6;Códice de el Mercurio Rojo;Morgana Grimoire;Historia de la Piedra;1104;654;2,09;25
757cb307-e4b6;Tratado de la Transmutación Infinitas;Balthazar Nightshade;Alquimia Teórica;1104;403;2,21;48
1be9ce58-19bb;Espejos de el Azufre Sagrado;Aurelius Sterling;Transmutación Metálica;2004;851;1,04;21
dd3c5e38-d0ac;Códice de el Mercurio Rojo;Elara Sterling;Botánica Arcana;1129;966;4,71;8
e166d977-47cf;Espejos de las Almas de Plomo;Balthazar Blackwood;Botánica Arcana;1967;585;4,58;21
63e0134a-e3aa;Códice de el Sol Negro;Balthazar Grimoire;Transmutación Metálica;1341;1378;4,09;8
468d5f67-457f;Códice de el Azufre Sagrado;Caspian Vance;Historia de la Piedra;1395;584;1,28;34
2914f232-59ed;Espejos de la Transmutación Infinitas;Morgana Vance;Historia de la Piedra;1740;1229;1,02;28
a9173be7-e052;Vórtice de el Sol Negro;Aurelius Sterling;Botánica Arcana;1909;111;2,05;33
c48a7485-1700;Vórtice de la Quintaesencia;Morgana Grimoire;Filosofía Prohibida;1133;1227;3,51;37
3da4a850-d27f;El Enigma de la Quintaesencia;Thalric Sterling;Botánica Arcana;1862;1443;1,22;34
0b53891c-ba82;Sombras sobre el Sol Negro;Isolde Blackwood;Transmutación Metálica;1128;892;3,44;10
ef98af9c-97ad;Sombras sobre el Azufre Sagrado;Elara Grimoire;Filosofía Prohibida;1747;1392;1,28;20
d3b56471-392f;Sombras sobre la Transmutación Infinitas;Morgana Sterling;Filosofía Prohibida;1973;492;4,58;22
1e743984-3432;El Aliento de el Mercurio Rojo;Aurelius Grimoire;Alquimia Teórica;1755;1460;4,96;38
00b320cc-b2fe;Tratado de el Mercurio Rojo;Elara Nightshade;Transmutación Metálica;1948;734;4,29;16
6fcb5b93-c15a;Tratado de la Transmutación Infinitas;Caspian Nightshade;Filosofía Prohibida;2018;1265;4,97;3
29a4aee6-654c;La Esencia de las Almas de Plomo;Morgana Grimoire;Transmutación Metálica;1899;543;3,81;40
9748d73c-7f6c;El Aliento de el Azufre Sagrado;Balthazar Blackwood;Filosofía Prohibida;1536;597;2,97;46
f19fa1bf-5044;Espejos de el Azufre Sagrado;Isolde Sterling;Transmutación Metálica;1302;966;4,82;32
89b9d8bf-12c4;Vórtice de el Mercurio Rojo;Thalric Sterling;Botánica Arcana;1510;1249;1,38;46
258b514e-b623;Códice de el Sol Negro;Balthazar Nightshade;Botánica Arcana;1274;600;1,44;31
d77228e0-a626;El Enigma de el Sol Negro;Caspian Vance;Filosofía Prohibida;1460;1454;1,31;25
6dea104a-12af;Espejos de la Transmutación Infinitas;Caspian Grimoire;Historia de la Piedra;1489;220;4,81;44
297bc5d9-0a02;Vórtice de las Almas de Plomo;Caspian Blackwood;Botánica Arcana;1888;1317;3,67;21
51da44eb-83a6;La Esencia de el Mercurio Rojo;Thalric Grimoire;Filosofía Prohibida;1251;1372;2,84;38
8182ce7d-1769;La Esencia de las Almas de Plomo;Thalric Crowley;Alquimia Teórica;1111;1172;1,85;15
7b1e0294-bc59;La Esencia de la Quintaesencia;Thalric Vance;Transmutación Metálica;2010;739;3,33;8
3576ac80-bc04;La Esencia de el Mercurio Rojo;Balthazar Flamel;Transmutación Metálica;2005;967;4,17;25
37ffe915-5212;El Enigma de el Mercurio Rojo;Elara Vance;Botánica Arcana;1983;214;1,57;2
b3ea16c5-0ebe;Espejos de el Mercurio Rojo;Caspian Flamel;Alquimia Teórica;1100;253;1,87;41
34f562a2-2ecd;Sombras sobre las Almas de Plomo;Balthazar Crowley;Filosofía Prohibida;1798;1374;1,93;4
02599552-f3da;Espejos de el Sol Negro;Balthazar Grimoire;Historia de la Piedra;1827;786;2,14;20
85fda2c9-0b1a;Vórtice de el Mercurio Rojo;Balthazar Flamel;Transmutación Metálica;1618;355;2,85;47
e5d81bc0-234b;La Esencia de el Azufre Sagrado;Elara Crowley;Transmutación Metálica;1379;502;1,63;19
9333e08e-305f;El Enigma de el Sol Negro;Seraphine Crowley;Historia de la Piedra;1154;1219;1,63;19
24466dbe-6015;El Aliento de la Transmutación Infinitas;Seraphine Flamel;Filosofía Prohibida;1455;611;2,94;16
fe33cb39-4272;La Esencia de el Mercurio Rojo;Thalric Flamel;Historia de la Piedra;1656;967;2,34;8
23c2ebd2-93cf;Tratado de la Transmutación Infinitas;Thalric Nightshade;Transmutación Metálica;1593;944;2,46;16
93f0ac10-ae0b;El Enigma de el Mercurio Rojo;Aurelius Crowley;Transmutación Metálica;1831;944;2,04;9
731c0b62-5b07;El Enigma de la Transmutación Infinitas;Isolde Sterling;Historia de la Piedra;1670;149;3,39;1
c3b474b0-2e95;Vórtice de el Sol Negro;Balthazar Grimoire;Botánica Arcana;1614;242;4,65;3
75624e77-2abb;El Enigma de la Transmutación Infinitas;Aurelius Blackwood;Transmutación Metálica;1941;615;2,12;10
f3b55bcc-f98a;Códice de el Mercurio Rojo;Isolde Blackwood;Historia de la Piedra;1492;336;4,54;20
e7be7201-616c;Códice de la Quintaesencia;Seraphine Blackwood;Historia de la Piedra;1908;1264;4,83;16
69abf2b6-997f;El Enigma de el Azufre Sagrado;Aurelius Crowley;Filosofía Prohibida;1448;1060;4,62;9
521c0473-32fa;Códice de las Almas de Plomo;Morgana Grimoire;Alquimia Teórica;1262;157;4,76;26
115b660b-2a7e;Códice de la Transmutación Infinitas;Aurelius Flamel;Transmutación Metálica;1868;1014;4,75;40
ed405f5a-59ab;Códice de el Azufre Sagrado;Elara Crowley;Filosofía Prohibida;1791;1209;3,51;34
1c5c6212-af2d;El Enigma de el Mercurio Rojo;Caspian Vance;Historia de la Piedra;1786;674;1,21;46
aadafda2-dbe7;Sombras sobre el Sol Negro;Thalric Blackwood;Alquimia Teórica;1977;305;1,26;50
d902c6d5-f564;Sombras sobre la Transmutación Infinitas;Morgana Blackwood;Filosofía Prohibida;1150;206;1,98;47
cda3234b-9296;Tratado de la Transmutación Infinitas;Caspian Crowley;Historia de la Piedra;1603;682;3,66;25
362f7e4b-1214;Vórtice de las Almas de Plomo;Morgana Crowley;Historia de la Piedra;1362;1190;1,21;42
e19e84b9-0525;Vórtice de la Transmutación Infinitas;Caspian Grimoire;Alquimia Teórica;1214;1041;1,25;39
171a8d3c-fd03;Códice de el Azufre Sagrado;Caspian Flamel;Historia de la Piedra;1781;111;1,72;26
23729a86-e2e1;El Aliento de las Almas de Plomo;Isolde Flamel;Transmutación Metálica;1490;887;2,65;30
62d7d5ab-d1df;El Enigma de la Transmutación Infinitas;Aurelius Nightshade;Transmutación Metálica;1590;1341;3,25;48
764ca94c-08d8;Vórtice de el Mercurio Rojo;Morgana Grimoire;Filosofía Prohibida;1262;1249;1,75;13
10de9f78-2ef6;El Aliento de la Transmutación Infinitas;Morgana Vance;Transmutación Metálica;1693;875;1,68;3
4c56e22e-65eb;La Esencia de el Azufre Sagrado;Morgana Blackwood;Transmutación Metálica;1265;559;2,35;30
9b2b670c-f3af;Tratado de la Transmutación Infinitas;Seraphine Nightshade;Filosofía Prohibida;1212;1373;3,69;2
687febc1-c423;La Esencia de el Mercurio Rojo;Morgana Grimoire;Botánica Arcana;1874;1245;4,1;4
037ff2da-bda1;Tratado de el Azufre Sagrado;Aurelius Crowley;Filosofía Prohibida;1464;586;4,76;15
0d837471-d911;El Aliento de el Mercurio Rojo;Seraphine Grimoire;Filosofía Prohibida;1483;1070;4,95;49
2d1388c9-af79;Tratado de el Azufre Sagrado;Thalric Blackwood;Transmutación Metálica;1141;1424;2,22;46
bb634b5c-01a1;El Aliento de el Azufre Sagrado;Caspian Nightshade;Filosofía Prohibida;1578;898;3,61;11
1f967571-4541;El Aliento de el Azufre Sagrado;Balthazar Flamel;Alquimia Teórica;1318;1155;4,37;40
4f14849e-b644;El Enigma de la Transmutación Infinitas;Balthazar Crowley;Historia de la Piedra;1871;687;4,09;27
c3914549-704a;Espejos de el Azufre Sagrado;Elara Blackwood;Filosofía Prohibida;1241;1360;2,94;8
8392d25c-8a29;Códice de las Almas de Plomo;Balthazar Crowley;Alquimia Teórica;1856;1354;1,94;21
249cd77d-460c;El Enigma de el Azufre Sagrado;Morgana Blackwood;Historia de la Piedra;1204;140;3,71;5
bb9c5dc5-6772;Sombras sobre la Quintaesencia;Balthazar Vance;Alquimia Teórica;1864;846;3,97;3
8aa3ba10-18ad;El Enigma de el Azufre Sagrado;Aurelius Crowley;Botánica Arcana;1228;1462;2,59;21
7e2310b0-3600;Códice de las Almas de Plomo;Balthazar Sterling;Botánica Arcana;1587;1140;3,05;38
9d21e8aa-007f;El Enigma de las Almas de Plomo;Seraphine Sterling;Historia de la Piedra;1727;1442;1,42;20
1832a064-9027;Códice de las Almas de Plomo;Seraphine Grimoire;Historia de la Piedra;1114;1073;2,41;29
b6981672-cac1;El Enigma de la Quintaesencia;Seraphine Blackwood;Alquimia Teórica;1952;601;3,34;8
6a0af7c9-26af;Vórtice de el Sol Negro;Balthazar Crowley;Botánica Arcana;1365;1067;1,89;0
0d3c0e08-c627;El Enigma de la Transmutación Infinitas;Elara Blackwood;Transmutación Metálica;1950;1028;2,67;26
a805d13f-1eb2;Códice de el Mercurio Rojo;Isolde Sterling;Alquimia Teórica;1312;1358;1,54;49
abc39b1b-da10;La Esencia de las Almas de Plomo;Isolde Vance;Alquimia Teórica;1433;1445;4,3;13
9a2c3b96-ec4c;La Esencia de el Azufre Sagrado;Balthazar Blackwood;Botánica Arcana;1457;1311;1,19;28
bafe958e-12c2;Vórtice de el Azufre Sagrado;Isolde Nightshade;Historia de la Piedra;1691;289;2,2;32
3eff6c4a-2f59;Vórtice de la Transmutación Infinitas;Seraphine Grimoire;Historia de la Piedra;1188;371;1,17;3
0e9786b3-27c7;La Esencia de el Azufre Sagrado;Caspian Grimoire;Filosofía Prohibida;1323;752;1,25;49
400848ba-4e1d;Vórtice de la Quintaesencia;Balthazar Nightshade;Botánica Arcana;1490;1096;3,98;39
1bc8f364-67aa;El Enigma de las Almas de Plomo;Seraphine Blackwood;Filosofía Prohibida;1757;1339;3,37;28
3e120e61-fe44;Espejos de el Azufre Sagrado;Morgana Blackwood;Historia de la Piedra;1880;960;3,79;48
e8122f2a-10a0;Espejos de las Almas de Plomo;Thalric Crowley;Filosofía Prohibida;1291;530;4,74;4
1f6bb5f8-41cf;Vórtice de el Azufre Sagrado;Elara Nightshade;Historia de la Piedra;1788;623;2,53;0
6e3a67ad-9610;Espejos de el Sol Negro;Caspian Sterling;Alquimia Teórica;1632;252;3,06;19
33bc65d4-739c;Espejos de las Almas de Plomo;Isolde Grimoire;Alquimia Teórica;2004;719;4,12;37
a012e007-b4d2;El Aliento de la Transmutación Infinitas;Elara Grimoire;Alquimia Teórica;1411;121;4,72;27
e0b06abf-2630;El Enigma de la Transmutación Infinitas;Caspian Vance;Alquimia Teórica;1460;870;4,14;9
86241bb7-309b;Tratado de la Quintaesencia;Thalric Crowley;Historia de la Piedra;1682;444;4,75;35
b15c84f9-5816;Vórtice de la Transmutación Infinitas;Morgana Blackwood;Filosofía Prohibida;1687;1294;1,92;13
4746a186-9c04;Códice de el Mercurio Rojo;Balthazar Nightshade;Alquimia Teórica;1742;1121;4,47;46
b2e89d76-0eaa;Sombras sobre el Sol Negro;Aurelius Vance;Transmutación Metálica;1473;608;3,92;43
1e6e6892-bde8;La Esencia de el Azufre Sagrado;Isolde Nightshade;Alquimia Teórica;1584;860;4,41;25
635da421-254d;Vórtice de el Mercurio Rojo;Balthazar Blackwood;Filosofía Prohibida;1700;1496;1,54;1
ddf3df6a-5e77;Tratado de las Almas de Plomo;Seraphine Vance;Transmutación Metálica;1731;1417;1,79;35
2edad492-b7d8;La Esencia de el Sol Negro;Balthazar Sterling;Alquimia Teórica;1278;581;2,61;33
7efd0a18-36d9;Sombras sobre el Sol Negro;Elara Vance;Alquimia Teórica;1791;1487;3,11;13
78e4d808-2499;Espejos de el Sol Negro;Aurelius Vance;Historia de la Piedra;1525;1252;1,38;23
39f499f6-8a57;Vórtice de el Sol Negro;Seraphine Sterling;Filosofía Prohibida;2026;573;2,01;27
5f6bfbba-6574;El Aliento de las Almas de Plomo;Isolde Crowley;Alquimia Teórica;1114;900;3,31;11
c6c2a326-112c;Tratado de el Azufre Sagrado;Morgana Crowley;Filosofía Prohibida;1151;757;3,94;29
3b9dbfd9-d1b0;Sombras sobre la Transmutación Infinitas;Isolde Vance;Transmutación Metálica;1523;1380;3,96;30
e2b9ef08-87fb;El Aliento de la Quintaesencia;Elara Sterling;Transmutación Metálica;1565;236;3,73;23
e10410fe-d8b0;El Enigma de las Almas de Plomo;Thalric Grimoire;Transmutación Metálica;1319;243;4,83;44
52d35a5b-08f7;La Esencia de el Azufre Sagrado;Aurelius Crowley;Alquimia Teórica;1490;154;2,03;38
44a88a59-5758;Sombras sobre las Almas de Plomo;Aurelius Crowley;Botánica Arcana;1832;1200;1,6;18
a3d343ae-381f;El Aliento de el Mercurio Rojo;Balthazar Vance;Historia de la Piedra;1684;650;2,54;3
8db214b1-c63e;Espejos de el Mercurio Rojo;Isolde Blackwood;Filosofía Prohibida;1142;1499;4,21;42
91edf8d3-792b;Sombras sobre el Azufre Sagrado;Balthazar Crowley;Botánica Arcana;1622;793;1,3;18
59b45b44-b8bf;Códice de la Transmutación Infinitas;Balthazar Grimoire;Transmutación Metálica;1664;659;2,39;18
24cf2ba9-d148;Espejos de la Transmutación Infinitas;Isolde Nightshade;Filosofía Prohibida;1481;904;4,53;32
0e841003-f5bc;La Esencia de el Sol Negro;Thalric Sterling;Transmutación Metálica;1584;1158;4,7;32
b041b4b7-cb44;Códice de la Transmutación Infinitas;Isolde Flamel;Botánica Arcana;1280;359;4,38;13
6ced4012-cdc7;Tratado de el Sol Negro;Caspian Crowley;Historia de la Piedra;1812;569;2,38;5
173bc310-6316;Vórtice de la Transmutación Infinitas;Thalric Flamel;Transmutación Metálica;1363;829;1,43;49
641061a5-0c0a;La Esencia de la Transmutación Infinitas;Thalric Grimoire;Alquimia Teórica;1231;1458;2,72;43
bc250f72-e8ba;El Enigma de la Quintaesencia;Elara Flamel;Filosofía Prohibida;1853;769;2,56;23
8f5ad577-13ed;El Aliento de el Sol Negro;Morgana Grimoire;Botánica Arcana;1469;1423;4,99;29
f47a150e-235a;Espejos de la Quintaesencia;Isolde Grimoire;Historia de la Piedra;1562;90;3,87;18
88fd57f7-e81c;El Aliento de el Mercurio Rojo;Isolde Sterling;Alquimia Teórica;1569;1345;4,85;37
76b90a54-df5b;Tratado de la Transmutación Infinitas;Seraphine Grimoire;Historia de la Piedra;1388;721;1,71;20
ce09e436-8397;Sombras sobre el Azufre Sagrado;Thalric Grimoire;Alquimia Teórica;1137;1175;4,19;6
fbb6d00d-189d;La Esencia de el Sol Negro;Aurelius Blackwood;Transmutación Metálica;1368;640;1,09;39
77e71669-1e53;Vórtice de el Azufre Sagrado;Thalric Vance;Historia de la Piedra;1561;779;3,38;38
997b0bba-9299;Sombras sobre la Transmutación Infinitas;Morgana Flamel;Historia de la Piedra;1235;222;2,28;1
3d9218e0-45e2;Sombras sobre la Transmutación Infinitas;Morgana Flamel;Transmutación Metálica;1102;405;3,28;0
66acc736-c11c;Espejos de las Almas de Plomo;Balthazar Nightshade;Alquimia Teórica;1451;1174;1,95;10
5da34ee6-552d;La Esencia de el Azufre Sagrado;Elara Grimoire;Historia de la Piedra;1316;372;1,98;33
afb906e8-e636;El Aliento de la Quintaesencia;Thalric Blackwood;Botánica Arcana;1967;1226;2,57;17
8dac0861-c973;El Enigma de la Quintaesencia;Thalric Vance;Transmutación Metálica;1960;394;2,61;20
e0498877-88c7;El Aliento de la Quintaesencia;Thalric Crowley;Alquimia Teórica;1300;1332;2,76;4
35c94503-d970;La Esencia de la Transmutación Infinitas;Elara Nightshade;Alquimia Teórica;1699;768;4,51;1
aed5dc68-cebe;La Esencia de el Azufre Sagrado;Morgana Grimoire;Historia de la Piedra;1711;1217;3,92;37
9d2ae27a-1cb2;La Esencia de las Almas de Plomo;Balthazar Vance;Botánica Arcana;1437;634;3,81;34
eca2340d-12e3;Tratado de la Quintaesencia;Seraphine Nightshade;Alquimia Teórica;1695;1301;1,84;9
0c4a4fd1-25f9;El Enigma de las Almas de Plomo;Seraphine Grimoire;Alquimia Teórica;1481;1168;4,87;22
3339d18f-8d64;El Enigma de el Azufre Sagrado;Seraphine Crowley;Historia de la Piedra;1496;498;3,22;33
ce35e390-42f5;Códice de las Almas de Plomo;Thalric Vance;Botánica Arcana;1872;1208;2,15;37
c3eb3e46-2bb3;Espejos de la Transmutación Infinitas;Caspian Vance;Transmutación Metálica;1615;146;1,43;9
55a3e854-0e73;Tratado de las Almas de Plomo;Isolde Crowley;Historia de la Piedra;1635;319;4,28;37
83804eba-8482;La Esencia de el Azufre Sagrado;Morgana Blackwood;Botánica Arcana;1548;816;1,91;16
4e6aa902-43f0;Sombras sobre el Mercurio Rojo;Thalric Blackwood;Alquimia Teórica;1517;822;3,96;44
fbaedc40-ea0f;El Aliento de el Azufre Sagrado;Isolde Flamel;Historia de la Piedra;1228;1414;2,24;39
68940c08-c064;Sombras sobre la Transmutación Infinitas;Caspian Grimoire;Botánica Arcana;2015;898;2,41;10
417dacf6-d537;La Esencia de las Almas de Plomo;Seraphine Flamel;Botánica Arcana;1728;878;2,88;47
cfc69801-f876;Espejos de la Quintaesencia;Isolde Grimoire;Botánica Arcana;1768;1428;2,93;29
e51b0d6e-4a46;Tratado de el Sol Negro;Elara Vance;Botánica Arcana;1377;484;3,04;36
764f6a8e-2427;Códice de el Azufre Sagrado;Morgana Flamel;Botánica Arcana;1168;1480;2,08;0
695d029c-2065;Vórtice de las Almas de Plomo;Morgana Sterling;Historia de la Piedra;1651;1255;1,53;28
a2063b7b-0c89;Espejos de el Mercurio Rojo;Isolde Vance;Historia de la Piedra;1581;542;3,82;2
f31e675a-2e2e;Tratado de el Sol Negro;Seraphine Vance;Transmutación Metálica;1561;1055;4,46;26
ae6a8fab-6277;Tratado de el Mercurio Rojo;Morgana Flamel;Alquimia Teórica;1809;442;2,23;42
9e39a84c-a6df;Sombras sobre el Sol Negro;Thalric Flamel;Botánica Arcana;1274;537;2,09;42
c049328c-73b2;Espejos de la Transmutación Infinitas;Seraphine Nightshade;Historia de la Piedra;1375;1430;3,81;24
ea925282-dfe8;La Esencia de el Azufre Sagrado;Elara Sterling;Botánica Arcana;1175;1056;2,35;7
d2ff99ec-e131;El Aliento de el Azufre Sagrado;Thalric Blackwood;Alquimia Teórica;1766;899;4,28;16
b10271f9-14cb;La Esencia de el Sol Negro;Thalric Grimoire;Alquimia Teórica;1772;200;1,22;16
2422ec7a-2417;El Enigma de las Almas de Plomo;Thalric Nightshade;Alquimia Teórica;1324;1078;1,13;1
4d2efb6c-7145;El Aliento de el Azufre Sagrado;Caspian Sterling;Filosofía Prohibida;1511;588;1,07;35
9db4fd6d-4992;El Aliento de la Transmutación Infinitas;Caspian Sterling;Botánica Arcana;1121;1285;3,09;6
0792dee5-7d79;Códice de la Transmutación Infinitas;Morgana Flamel;Botánica Arcana;1530;1466;3,93;32
e3bac28f-110b;Códice de el Azufre Sagrado;Balthazar Nightshade;Botánica Arcana;1178;1266;4,6;25
ea9d68b2-46a3;Tratado de el Azufre Sagrado;Thalric Flamel;Transmutación Metálica;1873;216;4,58;6
18c1b0fa-3ddc;El Aliento de la Quintaesencia;Balthazar Crowley;Filosofía Prohibida;1319;746;4,87;31
dcbaa18b-ce83;Tratado de la Transmutación Infinitas;Aurelius Sterling;Botánica Arcana;1707;900;2,83;34
77c51b1b-dd7d;Tratado de el Azufre Sagrado;Elara Crowley;Transmutación Metálica;1874;104;4,52;35
edef4866-cb8e;El Aliento de la Quintaesencia;Isolde Crowley;Filosofía Prohibida;1408;1223;1,35;47
07d226e3-00bb;La Esencia de el Mercurio Rojo;Caspian Blackwood;Filosofía Prohibida;1726;1338;1,33;22
727e6770-6633;Tratado de el Sol Negro;Aurelius Vance;Transmutación Metálica;1964;772;3;40
30344086-0245;Sombras sobre el Sol Negro;Thalric Crowley;Alquimia Teórica;2014;655;4,79;24
7d13ad84-6510;La Esencia de el Mercurio Rojo;Balthazar Crowley;Historia de la Piedra;1893;1312;1,71;22
2d531bb5-2384;Espejos de el Mercurio Rojo;Isolde Vance;Historia de la Piedra;1648;1259;1,54;15
84e848b6-1aa8;Tratado de la Transmutación Infinitas;Morgana Blackwood;Transmutación Metálica;1485;226;2,16;35
83e9eb96-50bb;Vórtice de la Transmutación Infinitas;Aurelius Nightshade;Transmutación Metálica;1567;971;3,78;43
9c1bf720-83da;Vórtice de el Sol Negro;Seraphine Grimoire;Transmutación Metálica;1626;583;2,76;41
9b4bc83d-13dc;Espejos de el Mercurio Rojo;Elara Flamel;Historia de la Piedra;1100;699;1,49;20
7ef2dc29-626b;Vórtice de el Mercurio Rojo;Caspian Nightshade;Historia de la Piedra;1553;1210;4,86;14
4c149a91-0564;Sombras sobre el Mercurio Rojo;Elara Blackwood;Botánica Arcana;1115;671;2,43;36
0c294149-823c;El Enigma de la Transmutación Infinitas;Seraphine Sterling;Alquimia Teórica;1316;560;3,26;19
0b121050-03a7;El Enigma de el Mercurio Rojo;Isolde Grimoire;Filosofía Prohibida;1305;1008;4,88;45
6be348c5-c690;Espejos de el Sol Negro;Elara Nightshade;Botánica Arcana;1526;110;3,38;15
1e4568f4-fd43;El Enigma de las Almas de Plomo;Caspian Flamel;Botánica Arcana;1627;410;1,87;39
aad314a6-1555;Tratado de la Transmutación Infinitas;Thalric Flamel;Alquimia Teórica;1814;735;4,04;6
58854e0e-0c51;La Esencia de la Transmutación Infinitas;Morgana Crowley;Historia de la Piedra;1970;1330;3,73;21
7c9489aa-2037;Espejos de la Quintaesencia;Thalric Nightshade;Alquimia Teórica;1384;538;1,24;4
0af8e226-03cb;Vórtice de la Transmutación Infinitas;Morgana Blackwood;Botánica Arcana;1623;1275;3,58;6
73c9b60b-64c6;Códice de las Almas de Plomo;Caspian Flamel;Historia de la Piedra;1244;1244;4,47;48
e08211d5-8a6d;Códice de el Mercurio Rojo;Aurelius Sterling;Historia de la Piedra;1841;813;3,54;13
3ded36fc-dcf2;Vórtice de la Quintaesencia;Aurelius Flamel;Botánica Arcana;1224;1386;4,77;33
8e2a37da-4937;Espejos de el Sol Negro;Isolde Nightshade;Historia de la Piedra;1273;406;1,97;23
fdb7bda1-1d76;Vórtice de la Quintaesencia;Aurelius Vance;Filosofía Prohibida;2023;595;4,36;42
15a24d98-a888;El Enigma de la Transmutación Infinitas;Elara Vance;Alquimia Teórica;1510;704;3,35;17
e3c9bd92-7e1c;Tratado de el Mercurio Rojo;Seraphine Crowley;Alquimia Teórica;1689;263;2,35;32
ee5cf49c-55e8;Tratado de el Sol Negro;Aurelius Vance;Transmutación Metálica;1745;789;2,84;18
d2de151b-4d96;Espejos de las Almas de Plomo;Morgana Vance;Botánica Arcana;1583;1071;3,71;16
4ade06a9-3646;La Esencia de el Sol Negro;Thalric Sterling;Filosofía Prohibida;1883;1059;2,86;4
6234f606-6423;Espejos de la Transmutación Infinitas;Caspian Blackwood;Historia de la Piedra;1983;849;2,42;31
801b75b6-3984;El Enigma de la Quintaesencia;Seraphine Grimoire;Historia de la Piedra;1942;97;2,3;42
d87775c9-650d;Códice de la Transmutación Infinitas;Balthazar Blackwood;Historia de la Piedra;1594;515;2,92;26
ac40d2f7-0e74;Códice de el Azufre Sagrado;Balthazar Nightshade;Historia de la Piedra;1605;1346;2,07;17
b420c702-f5d9;Sombras sobre el Mercurio Rojo;Thalric Flamel;Botánica Arcana;1886;975;2,42;38
9d28bde2-56b6;El Aliento de la Transmutación Infinitas;Elara Vance;Transmutación Metálica;1971;858;3,73;31
16130469-9e9d;La Esencia de las Almas de Plomo;Isolde Sterling;Filosofía Prohibida;1851;1382;4,95;1
fce7ae01-3de7;Espejos de las Almas de Plomo;Morgana Sterling;Alquimia Teórica;1861;1383;4,82;25
4ea50ec2-e8e0;La Esencia de el Mercurio Rojo;Caspian Crowley;Botánica Arcana;1726;249;1,48;39
716f7849-ab0a;El Enigma de el Mercurio Rojo;Morgana Crowley;Alquimia Teórica;1507;694;4,27;0
06fa8dd6-ef23;Espejos de el Mercurio Rojo;Balthazar Vance;Alquimia Teórica;1774;548;3,59;8
2effb3ee-7180;El Aliento de el Sol Negro;Caspian Blackwood;Alquimia Teórica;1372;1328;2,92;12
de4b392b-73e4;El Enigma de la Quintaesencia;Aurelius Sterling;Transmutación Metálica;1450;631;2,89;41
f66411d3-fd95;Espejos de el Azufre Sagrado;Balthazar Nightshade;Historia de la Piedra;1125;661;4,44;23
f7d39d74-52b7;La Esencia de la Transmutación Infinitas;Aurelius Grimoire;Filosofía Prohibida;1907;1400;2,25;43
93226b8e-5e44;Vórtice de el Sol Negro;Elara Blackwood;Botánica Arcana;1860;714;4,07;12
7603b60b-b82d;Sombras sobre el Mercurio Rojo;Morgana Vance;Transmutación Metálica;1104;336;4,79;36
9121e5e2-7180;El Enigma de la Transmutación Infinitas;Balthazar Vance;Transmutación Metálica;1252;1200;2,42;44
776e96de-3d7e;Tratado de la Quintaesencia;Elara Nightshade;Historia de la Piedra;1754;983;1,75;0
7c4dc181-05d3;Códice de el Sol Negro;Seraphine Vance;Filosofía Prohibida;1111;938;1,68;37
94b02436-5a4a;Códice de la Transmutación Infinitas;Elara Blackwood;Filosofía Prohibida;1837;337;3,17;15
dbf7e5f0-a5b6;Vórtice de el Azufre Sagrado;Thalric Nightshade;Historia de la Piedra;1475;906;4,05;22
b3d90ebd-15b4;Tratado de la Transmutación Infinitas;Thalric Crowley;Transmutación Metálica;1161;377;1,43;44
b03ac8ed-7544;El Aliento de el Azufre Sagrado;Caspian Flamel;Transmutación Metálica;1581;752;3,71;21
a66c8e0e-d477;Vórtice de el Sol Negro;Isolde Sterling;Filosofía Prohibida;1609;897;3,07;0
ce67dcb9-00e7;Vórtice de el Mercurio Rojo;Caspian Blackwood;Historia de la Piedra;1699;1183;4,3;33
3a63ec63-c2df;Vórtice de la Quintaesencia;Thalric Vance;Transmutación Metálica;1690;239;3,68;32
65ab29f3-bc35;Sombras sobre la Transmutación Infinitas;Caspian Crowley;Alquimia Teórica;1110;1467;2,23;27
d8e78361-2188;Espejos de la Transmutación Infinitas;Thalric Sterling;Filosofía Prohibida;1902;1400;1,99;36
d8b6afd0-cb31;Códice de el Sol Negro;Caspian Sterling;Alquimia Teórica;1334;1098;4,76;19
e3d33ea9-4117;Sombras sobre el Azufre Sagrado;Aurelius Sterling;Botánica Arcana;1798;811;3,12;29
d49881c1-2ff2;El Enigma de las Almas de Plomo;Balthazar Flamel;Alquimia Teórica;1844;1212;2,74;45
564b85be-b1fa;La Esencia de el Mercurio Rojo;Thalric Vance;Filosofía Prohibida;1495;1011;2,6;4
9404b2db-7d3c;Tratado de el Sol Negro;Balthazar Blackwood;Alquimia Teórica;2011;716;3,06;31
43491f84-c832;La Esencia de las Almas de Plomo;Morgana Flamel;Transmutación Metálica;1737;1377;3,89;45
ef2700ea-3df3;Sombras sobre la Transmutación Infinitas;Seraphine Blackwood;Botánica Arcana;1865;643;1,52;42
255dd70b-34fe;La Esencia de las Almas de Plomo;Thalric Nightshade;Alquimia Teórica;1549;1185;3,86;36
51a75e53-5e4f;Vórtice de el Azufre Sagrado;Elara Crowley;Transmutación Metálica;1857;846;2,32;2
75ff1ca8-9b35;Sombras sobre la Quintaesencia;Isolde Flamel;Alquimia Teórica;1543;1344;1,22;30
ab9647e8-bce2;El Aliento de las Almas de Plomo;Elara Nightshade;Botánica Arcana;1852;984;2,36;28
d43e45fc-cb29;Tratado de el Azufre Sagrado;Balthazar Vance;Historia de la Piedra;1305;1135;3,48;25
8d7d7c83-f4f8;El Aliento de la Quintaesencia;Aurelius Vance;Botánica Arcana;1467;744;1,38;28
824edd17-35cb;Tratado de el Mercurio Rojo;Seraphine Flamel;Alquimia Teórica;1296;177;4,92;23
abb5922e-ecc6;Espejos de la Transmutación Infinitas;Caspian Nightshade;Transmutación Metálica;1111;555;1,42;45
74ba2a07-dcc4;El Aliento de el Mercurio Rojo;Balthazar Vance;Filosofía Prohibida;1989;383;2,81;42
cbcc4290-7c56;Sombras sobre el Azufre Sagrado;Caspian Crowley;Historia de la Piedra;1148;323;4,17;39
aafaa679-6b9d;Tratado de las Almas de Plomo;Thalric Crowley;Botánica Arcana;1361;1314;1,73;20
1f690dbb-e795;El Enigma de la Transmutación Infinitas;Seraphine Nightshade;Historia de la Piedra;1124;161;2,53;43
a91bacc3-265e;Vórtice de la Transmutación Infinitas;Seraphine Vance;Botánica Arcana;1607;1225;2,05;16
38516304-80e2;Códice de el Sol Negro;Caspian Blackwood;Transmutación Metálica;1571;918;3,31;20
07561cb4-aa25;Vórtice de la Quintaesencia;Thalric Vance;Filosofía Prohibida;1692;844;1,5;17
cc00b4b0-cc1e;El Aliento de el Mercurio Rojo;Aurelius Blackwood;Alquimia Teórica;2012;843;1,48;49
2cec5b34-8d4b;El Aliento de la Transmutación Infinitas;Balthazar Blackwood;Filosofía Prohibida;1826;1186;4,79;50
e7b43ef7-c75e;Sombras sobre el Mercurio Rojo;Balthazar Sterling;Filosofía Prohibida;1773;407;2,28;11
947bcaec-e153;El Aliento de el Sol Negro;Caspian Flamel;Botánica Arcana;1635;430;5;2
4065532e-58b9;Espejos de las Almas de Plomo;Elara Sterling;Botánica Arcana;1201;813;1,41;2
630466c6-6567;Espejos de la Quintaesencia;Isolde Grimoire;Alquimia Teórica;1133;823;1,74;15
abeda083-1a06;El Enigma de el Mercurio Rojo;Balthazar Nightshade;Transmutación Metálica;1882;1493;4,56;39
3e37c203-d936;Vórtice de el Sol Negro;Isolde Sterling;Botánica Arcana;1110;1449;2,06;7
82f04ec3-fee5;Vórtice de la Transmutación Infinitas;Thalric Sterling;Alquimia Teórica;1728;229;2,2;8
08383eff-e053;El Aliento de las Almas de Plomo;Thalric Sterling;Botánica Arcana;1405;1094;3,91;35
d3dd6a64-8c36;La Esencia de la Quintaesencia;Balthazar Flamel;Historia de la Piedra;1541;986;1,25;21
fc021e3b-fdf0;Vórtice de el Mercurio Rojo;Elara Grimoire;Transmutación Metálica;1325;1485;4,48;22
77ffcab2-ef2f;La Esencia de el Mercurio Rojo;Aurelius Flamel;Historia de la Piedra;1774;927;1,69;22
94555fd0-5b8d;El Enigma de las Almas de Plomo;Aurelius Blackwood;Transmutación Metálica;1536;966;4,97;0
cf155b06-845f;Espejos de la Transmutación Infinitas;Morgana Vance;Transmutación Metálica;1133;1445;3,24;24
f5ba33fa-75ca;Códice de el Mercurio Rojo;Caspian Grimoire;Historia de la Piedra;1542;613;4,53;48
65a78993-8deb;El Aliento de el Sol Negro;Caspian Blackwood;Filosofía Prohibida;1832;1305;2,78;26
499350b3-1440;La Esencia de el Sol Negro;Aurelius Blackwood;Alquimia Teórica;1117;665;1,63;18
9aeeafda-8274;Tratado de el Mercurio Rojo;Isolde Nightshade;Transmutación Metálica;1724;209;2,53;14
820b1a78-0e89;El Enigma de el Mercurio Rojo;Balthazar Flamel;Transmutación Metálica;1856;1445;4,21;32
f44b363e-1e4d;Sombras sobre el Sol Negro;Thalric Flamel;Transmutación Metálica;2013;690;4,3;49
74f339c3-4879;Vórtice de la Quintaesencia;Caspian Crowley;Transmutación Metálica;1321;762;3,58;45
101c8e1d-3cde;Vórtice de el Mercurio Rojo;Elara Flamel;Alquimia Teórica;1766;1163;3,8;16
3e953803-6488;El Enigma de la Quintaesencia;Thalric Crowley;Historia de la Piedra;1587;465;4,52;26
2ae60969-f01e;Sombras sobre las Almas de Plomo;Morgana Crowley;Alquimia Teórica;1922;684;5;49
28f43f5f-1791;Espejos de la Transmutación Infinitas;Seraphine Grimoire;Botánica Arcana;1666;568;4,29;47
65a84581-58bb;La Esencia de el Mercurio Rojo;Morgana Grimoire;Botánica Arcana;1605;304;4,19;15
b42b8778-34fe;El Aliento de el Sol Negro;Isolde Sterling;Alquimia Teórica;1749;705;4,59;36
53b15fb4-98af;Espejos de las Almas de Plomo;Morgana Crowley;Botánica Arcana;1792;579;4,55;27
76a81b58-abb6;Vórtice de la Quintaesencia;Isolde Blackwood;Filosofía Prohibida;1261;1111;4,58;32
90592765-8be8;Tratado de el Azufre Sagrado;Caspian Flamel;Alquimia Teórica;1263;255;2,17;28
d493f5b5-6b04;Códice de la Quintaesencia;Isolde Grimoire;Botánica Arcana;1688;1355;2,04;24
a4dadf6c-c370;Sombras sobre el Mercurio Rojo;Balthazar Crowley;Alquimia Teórica;1156;1324;4,88;4
d336dd48-2a67;Vórtice de la Quintaesencia;Caspian Flamel;Historia de la Piedra;1286;1307;1,32;0
903d51bf-44f5;Códice de el Mercurio Rojo;Isolde Grimoire;Botánica Arcana;1871;1497;4,72;10
611a4fde-dc00;El Enigma de la Quintaesencia;Elara Flamel;Filosofía Prohibida;1355;1069;3,65;40
db9a824f-56a0;Sombras sobre el Sol Negro;Elara Vance;Filosofía Prohibida;1406;909;2,69;46
426f87f2-9fa1;El Enigma de la Transmutación Infinitas;Seraphine Vance;Filosofía Prohibida;1325;439;2,19;34
2c0afb68-7f59;La Esencia de las Almas de Plomo;Thalric Blackwood;Historia de la Piedra;1317;983;1,95;11
5e1e360e-5c02;Vórtice de el Azufre Sagrado;Aurelius Blackwood;Botánica Arcana;1177;532;1,75;33
c6dd6b5c-a9a4;Vórtice de el Azufre Sagrado;Aurelius Sterling;Botánica Arcana;1353;295;1,02;46
5bd54a2c-f3d5;La Esencia de la Quintaesencia;Aurelius Sterling;Transmutación Metálica;2014;338;4,14;16
7340e90c-528d;Tratado de el Mercurio Rojo;Balthazar Vance;Filosofía Prohibida;1882;1159;2,82;3
6f363417-76ba;El Aliento de el Mercurio Rojo;Elara Nightshade;Alquimia Teórica;1749;1295;3,62;27
a3e582ae-c9ab;El Aliento de el Mercurio Rojo;Elara Grimoire;Botánica Arcana;2019;915;4,79;6
da2d56d1-828c;Sombras sobre el Mercurio Rojo;Caspian Flamel;Alquimia Teórica;1210;631;3,52;23
c0e51cde-45ec;Sombras sobre el Mercurio Rojo;Morgana Sterling;Historia de la Piedra;1726;1055;1,72;41
51c4f247-ed33;Códice de las Almas de Plomo;Isolde Flamel;Botánica Arcana;1488;826;1,82;48
b2844140-df38;El Enigma de las Almas de Plomo;Balthazar Nightshade;Botánica Arcana;1443;316;1,24;4
8cf1b747-88af;Códice de las Almas de Plomo;Isolde Blackwood;Historia de la Piedra;1118;1324;4;44
df58f5d3-11a2;Sombras sobre la Quintaesencia;Isolde Grimoire;Historia de la Piedra;1642;1201;4,97;40
cb505c76-7b56;Tratado de las Almas de Plomo;Isolde Grimoire;Transmutación Metálica;1142;1341;2,64;45
e91e65f8-0b48;Tratado de la Quintaesencia;Isolde Vance;Historia de la Piedra;1242;554;1,35;25
50dd4863-da11;Espejos de el Sol Negro;Elara Nightshade;Transmutación Metálica;1406;946;1,28;13
b38f3a5f-6b36;El Enigma de el Mercurio Rojo;Seraphine Blackwood;Historia de la Piedra;1820;1222;3,26;46
88a82eed-c026;Vórtice de el Mercurio Rojo;Elara Vance;Transmutación Metálica;1532;82;1,88;49
23a7aea2-625d;Códice de la Transmutación Infinitas;Morgana Flamel;Historia de la Piedra;1542;452;3,28;9
11cf8645-7565;Espejos de las Almas de Plomo;Elara Flamel;Botánica Arcana;1914;968;3,56;11
7c14f839-343d;El Aliento de el Azufre Sagrado;Seraphine Sterling;Transmutación Metálica;1544;1137;4,74;25
1c3a011d-99c0;Sombras sobre la Transmutación Infinitas;Seraphine Flamel;Alquimia Teórica;1676;690;3,59;31
eac51dd1-8c04;Sombras sobre la Transmutación Infinitas;Seraphine Crowley;Alquimia Teórica;1214;274;1,04;13
f7ebe731-d822;El Enigma de el Sol Negro;Seraphine Flamel;Alquimia Teórica;1892;653;1,31;20
de4b3041-28b3;Tratado de la Quintaesencia;Seraphine Nightshade;Filosofía Prohibida;1694;423;1,86;11
adad4426-1d6c;El Aliento de el Azufre Sagrado;Thalric Blackwood;Historia de la Piedra;1160;193;3,21;30
06983561-88f6;Tratado de la Transmutación Infinitas;Morgana Vance;Filosofía Prohibida;1104;138;1,7;29
5e51e6e4-bfe8;Vórtice de las Almas de Plomo;Aurelius Grimoire;Filosofía Prohibida;1522;1271;1,14;20
b3e6946f-65c3;Códice de el Sol Negro;Seraphine Sterling;Botánica Arcana;1289;1346;2,62;29
e3eeedfa-9e0b;Vórtice de el Azufre Sagrado;Balthazar Crowley;Alquimia Teórica;1978;926;2,88;43
6cf5419c-df77;Códice de el Azufre Sagrado;Caspian Vance;Historia de la Piedra;1868;1200;4,49;9
150ae34e-78a3;Códice de el Sol Negro;Morgana Blackwood;Transmutación Metálica;1596;176;5;29
badcd930-418a;La Esencia de el Sol Negro;Aurelius Crowley;Historia de la Piedra;1398;1448;2,44;40
55e75f22-2e8a;El Enigma de la Transmutación Infinitas;Isolde Blackwood;Filosofía Prohibida;1946;164;4,36;38
a87848d6-3048;Códice de el Mercurio Rojo;Morgana Grimoire;Filosofía Prohibida;1236;1001;3,85;40
330ef4c7-b8f6;La Esencia de la Transmutación Infinitas;Elara Vance;Transmutación Metálica;1281;399;1,98;0
8658ec3a-9a8d;Sombras sobre la Quintaesencia;Aurelius Sterling;Transmutación Metálica;1677;263;1,16;9
22712bd7-4ce6;El Enigma de el Sol Negro;Morgana Crowley;Filosofía Prohibida;1608;513;3,97;19
ed8fdd8b-c0e2;La Esencia de el Mercurio Rojo;Isolde Grimoire;Filosofía Prohibida;1401;697;2,54;41
2a0f9218-2ee0;Códice de el Mercurio Rojo;Balthazar Vance;Botánica Arcana;1596;695;3,88;36
57e633ef-a89d;Vórtice de la Quintaesencia;Elara Flamel;Historia de la Piedra;2002;1422;2,51;32
b4453349-43e2;Sombras sobre la Transmutación Infinitas;Aurelius Blackwood;Botánica Arcana;1366;794;2,31;11
d156caad-24fa;La Esencia de el Azufre Sagrado;Aurelius Blackwood;Botánica Arcana;1482;926;4,49;30
bd7a13f4-2d44;El Aliento de la Transmutación Infinitas;Thalric Sterling;Alquimia Teórica;1763;1130;4,46;17
4013eaf0-d49f;Sombras sobre el Azufre Sagrado;Isolde Grimoire;Botánica Arcana;1299;775;3,96;5
ce27a409-a163;Códice de el Sol Negro;Isolde Crowley;Filosofía Prohibida;1286;500;2,64;16
4e49998f-5886;Sombras sobre la Transmutación Infinitas;Elara Blackwood;Filosofía Prohibida;1917;1137;4,34;32
514cdc56-c35a;El Enigma de las Almas de Plomo;Morgana Crowley;Botánica Arcana;1628;766;1,18;21
f0e86861-eac3;El Aliento de el Azufre Sagrado;Aurelius Vance;Botánica Arcana;1124;901;3,43;33
b8695acc-2823;Códice de la Transmutación Infinitas;Balthazar Nightshade;Botánica Arcana;1846;755;4,61;37
4f306549-b0fc;El Enigma de el Sol Negro;Morgana Grimoire;Historia de la Piedra;1313;922;3,93;8
fe7e9bdd-4aef;Códice de la Quintaesencia;Morgana Crowley;Historia de la Piedra;1303;746;1,17;2
9e6db7a4-e9bf;Espejos de la Quintaesencia;Isolde Crowley;Filosofía Prohibida;1463;921;3,16;50
64af937f-c4d2;Sombras sobre el Sol Negro;Seraphine Flamel;Filosofía Prohibida;1114;1135;3,19;39
0d9267d6-9323;Espejos de las Almas de Plomo;Caspian Blackwood;Transmutación Metálica;1484;498;2,25;5
bfc33ada-4bd3;Códice de el Sol Negro;Caspian Sterling;Botánica Arcana;1802;144;4,38;40
c114c97d-f9b5;Códice de el Sol Negro;Morgana Crowley;Botánica Arcana;1141;815;4,09;5
4d083515-0c94;El Aliento de el Mercurio Rojo;Morgana Flamel;Botánica Arcana;1309;380;2,45;13
3ba19f80-52f5;Tratado de la Transmutación Infinitas;Caspian Vance;Historia de la Piedra;1666;363;4,66;28
8c04a3c8-0ef4;Espejos de el Sol Negro;Seraphine Grimoire;Transmutación Metálica;2002;88;4,76;5
9fd91796-cce8;Sombras sobre la Quintaesencia;Aurelius Flamel;Botánica Arcana;1911;609;1,95;24
3299a569-89b4;Vórtice de el Azufre Sagrado;Elara Vance;Historia de la Piedra;1648;652;2,15;6
6422da77-9769;El Enigma de la Quintaesencia;Balthazar Nightshade;Alquimia Teórica;1208;476;4,74;3
ce79fe2a-7151;El Aliento de la Transmutación Infinitas;Morgana Grimoire;Filosofía Prohibida;1219;1320;4,62;50
9fa595ff-63bd;Espejos de la Transmutación Infinitas;Elara Crowley;Alquimia Teórica;1756;1436;4,79;34
5dcc4dae-a0b7;Tratado de el Azufre Sagrado;Morgana Grimoire;Filosofía Prohibida;1265;647;1,14;25
f3d89a5d-aed4;Vórtice de la Quintaesencia;Elara Blackwood;Filosofía Prohibida;1563;1332;1,59;28
fff5a1d2-a2d1;Códice de el Mercurio Rojo;Morgana Sterling;Botánica Arcana;1772;92;4,92;22
f426e629-e09c;Tratado de el Azufre Sagrado;Seraphine Grimoire;Filosofía Prohibida;1289;528;4,34;4
f7d73850-bdea;Códice de la Transmutación Infinitas;Seraphine Nightshade;Historia de la Piedra;1362;707;4,22;12
988273f2-38d0;La Esencia de la Quintaesencia;Elara Blackwood;Historia de la Piedra;2015;112;4,31;5
ad010d2c-0b82;La Esencia de el Azufre Sagrado;Morgana Blackwood;Transmutación Metálica;1237;917;1,96;2
15853f30-3938;Códice de el Mercurio Rojo;Seraphine Flamel;Filosofía Prohibida;2012;1368;1,95;25
d9a9dc7b-a9b5;Vórtice de el Azufre Sagrado;Caspian Blackwood;Historia de la Piedra;1319;703;1,59;37
853518de-011b;El Aliento de la Quintaesencia;Seraphine Crowley;Filosofía Prohibida;1881;1384;4,5;1
7c9085f7-ecdb;La Esencia de las Almas de Plomo;Balthazar Grimoire;Botánica Arcana;1212;1465;1,85;34
3c7c5328-b250;Espejos de las Almas de Plomo;Balthazar Vance;Botánica Arcana;1110;571;3,99;14
ffe7a233-d453;Códice de el Azufre Sagrado;Isolde Flamel;Filosofía Prohibida;1472;1218;1,12;49
b48df3e8-89d2;Códice de el Sol Negro;Morgana Flamel;Alquimia Teórica;1383;423;2,12;37
52de1568-8660;La Esencia de el Mercurio Rojo;Morgana Crowley;Botánica Arcana;1782;348;1,18;33
2fbd8fa0-9074;La Esencia de la Transmutación Infinitas;Balthazar Crowley;Historia de la Piedra;1705;683;2,54;26
af98512c-1966;Códice de las Almas de Plomo;Isolde Vance;Transmutación Metálica;1720;759;1,82;43
3d269a6c-0db9;El Aliento de el Mercurio Rojo;Caspian Sterling;Alquimia Teórica;2003;1218;4,82;47
c0492eaf-313e;La Esencia de la Quintaesencia;Thalric Vance;Botánica Arcana;1164;344;4,71;33
17528740-54a9;Espejos de el Mercurio Rojo;Thalric Grimoire;Transmutación Metálica;1155;1281;4,3;21
f6c8fc38-9312;Códice de las Almas de Plomo;Seraphine Flamel;Alquimia Teórica;1201;157;3,58;40
051f8af1-aab1;Tratado de el Mercurio Rojo;Morgana Blackwood;Filosofía Prohibida;1217;1131;3,35;27
6f828c45-a1f3;El Aliento de el Sol Negro;Morgana Sterling;Alquimia Teórica;1624;827;1,66;35
72826d73-b6f3;El Aliento de el Mercurio Rojo;Morgana Nightshade;Historia de la Piedra;1335;1064;4,78;13
9682911f-7c19;Tratado de la Transmutación Infinitas;Seraphine Grimoire;Botánica Arcana;1683;1200;3,12;49
4266910f-34b7;El Enigma de la Transmutación Infinitas;Balthazar Grimoire;Historia de la Piedra;1860;1294;4,03;11
2df7ddfd-90bf;El Aliento de el Sol Negro;Seraphine Sterling;Alquimia Teórica;1215;436;3,38;2
19aad516-e288;El Enigma de el Azufre Sagrado;Seraphine Sterling;Transmutación Metálica;1561;620;3,86;33
df191d67-d015;Tratado de las Almas de Plomo;Thalric Nightshade;Filosofía Prohibida;1977;186;1,84;33
1f9db46e-577c;El Aliento de la Transmutación Infinitas;Thalric Sterling;Transmutación Metálica;1791;823;2,18;49
e9a84791-9a5d;Códice de el Azufre Sagrado;Isolde Blackwood;Alquimia Teórica;1106;1025;4,27;2
52a55328-3924;Tratado de el Sol Negro;Seraphine Grimoire;Filosofía Prohibida;1740;1130;2,98;33
6835e0db-f1b9;Espejos de la Transmutación Infinitas;Isolde Grimoire;Alquimia Teórica;1940;234;2,47;12
1c7c1c80-7ef6;Sombras sobre el Mercurio Rojo;Caspian Vance;Botánica Arcana;1939;205;4,87;36
20c8d1fe-29b0;La Esencia de el Sol Negro;Seraphine Vance;Filosofía Prohibida;1380;284;4,45;20
58fc12eb-327e;Códice de las Almas de Plomo;Caspian Nightshade;Alquimia Teórica;1587;823;4,77;48
71c81ff6-ffd6;El Enigma de el Azufre Sagrado;Elara Vance;Historia de la Piedra;2015;714;2,78;29
4a7b497c-ae69;Sombras sobre el Azufre Sagrado;Aurelius Grimoire;Filosofía Prohibida;1338;928;3,05;8
c025b195-67de;El Enigma de la Transmutación Infinitas;Seraphine Blackwood;Alquimia Teórica;1549;840;3,81;36
b58e55fa-63e2;El Enigma de el Mercurio Rojo;Seraphine Blackwood;Botánica Arcana;1966;1027;3,09;27
4b6a8519-1065;Espejos de las Almas de Plomo;Caspian Flamel;Botánica Arcana;1454;820;3,21;49
4e675d48-ba72;Vórtice de el Azufre Sagrado;Seraphine Crowley;Botánica Arcana;1815;813;3;31
91806a74-40b4;Sombras sobre la Quintaesencia;Morgana Grimoire;Filosofía Prohibida;1427;686;2,57;46
96527ee2-d613;La Esencia de el Azufre Sagrado;Balthazar Sterling;Botánica Arcana;1415;152;3,03;27
cff65634-3749;El Enigma de el Sol Negro;Seraphine Grimoire;Alquimia Teórica;1244;1435;3,69;24
7760bbd2-189b;Vórtice de las Almas de Plomo;Seraphine Blackwood;Alquimia Teórica;1634;901;1,58;30
f6b80a65-b950;Sombras sobre las Almas de Plomo;Thalric Nightshade;Filosofía Prohibida;1344;784;4,09;14
68c0a782-2ed4;La Esencia de el Azufre Sagrado;Aurelius Sterling;Filosofía Prohibida;1116;272;2,93;40
757e8787-ea98;Sombras sobre el Mercurio Rojo;Balthazar Sterling;Transmutación Metálica;1942;702;3,14;45
952a1592-046b;La Esencia de la Transmutación Infinitas;Morgana Sterling;Botánica Arcana;1159;502;1,39;24
f7b6b53d-f591;Tratado de el Mercurio Rojo;Aurelius Blackwood;Alquimia Teórica;1771;1191;4,23;3
f1efe4e7-fee4;Tratado de la Quintaesencia;Morgana Vance;Transmutación Metálica;1587;1042;2,1;18
460357e3-8f25;Espejos de las Almas de Plomo;Balthazar Blackwood;Filosofía Prohibida;1618;233;4,93;8
dc0219c5-8ee6;El Aliento de el Sol Negro;Morgana Crowley;Botánica Arcana;1232;591;3,23;36
27584af5-4011;Códice de las Almas de Plomo;Balthazar Grimoire;Alquimia Teórica;1370;1389;3,08;43
9dd56753-dd1c;La Esencia de el Sol Negro;Isolde Vance;Botánica Arcana;1830;1018;1,69;27
38917d62-402b;Sombras sobre el Sol Negro;Aurelius Nightshade;Filosofía Prohibida;1768;357;2,36;40
ec66078f-946e;El Aliento de las Almas de Plomo;Balthazar Vance;Filosofía Prohibida;1586;834;1,6;8
7e8e4b5e-7ae3;Códice de el Azufre Sagrado;Elara Blackwood;Botánica Arcana;1872;417;1,43;39
7c125fdc-63e7;Vórtice de la Quintaesencia;Caspian Grimoire;Historia de la Piedra;1357;140;3,15;31
d792f83d-d005;Sombras sobre el Azufre Sagrado;Isolde Crowley;Alquimia Teórica;1760;423;1,67;10
05da3ac0-b70a;Espejos de la Quintaesencia;Balthazar Vance;Botánica Arcana;1578;558;2,16;14
d912d940-4584;Códice de el Sol Negro;Morgana Nightshade;Historia de la Piedra;1574;274;2,85;39
59022f0d-9ce7;Códice de el Azufre Sagrado;Elara Sterling;Botánica Arcana;1987;120;3,21;16
12670aaf-bb29;El Enigma de la Transmutación Infinitas;Caspian Sterling;Filosofía Prohibida;1605;356;1,88;13
7c2aad72-3197;Espejos de el Azufre Sagrado;Aurelius Blackwood;Botánica Arcana;1425;344;4,09;3
d379b803-1d75;Vórtice de la Quintaesencia;Caspian Vance;Transmutación Metálica;1168;1167;4,41;48
2147c26f-2ac1;El Enigma de las Almas de Plomo;Caspian Vance;Alquimia Teórica;1253;243;3,24;17
98d23791-9cdd;Códice de la Quintaesencia;Elara Sterling;Botánica Arcana;1922;396;3,97;40
b108b8b8-2cab;El Enigma de la Quintaesencia;Seraphine Vance;Historia de la Piedra;1166;163;3,49;17
6bc1cb8b-7a8b;El Enigma de la Transmutación Infinitas;Isolde Flamel;Transmutación Metálica;1875;786;2,54;39
7b96be3c-035e;La Esencia de la Quintaesencia;Elara Nightshade;Alquimia Teórica;1506;1240;2,7;14
97897b69-38b7;La Esencia de las Almas de Plomo;Morgana Sterling;Alquimia Teórica;1132;1064;1,86;39
6e345943-707b;El Aliento de el Mercurio Rojo;Caspian Nightshade;Botánica Arcana;1650;332;1,77;23
ce34eabd-d9b5;Códice de el Azufre Sagrado;Seraphine Nightshade;Historia de la Piedra;1688;616;4,29;16
e479716b-89c8;Espejos de las Almas de Plomo;Aurelius Crowley;Historia de la Piedra;1958;113;1,19;40
bd1b3c58-adb9;El Enigma de las Almas de Plomo;Balthazar Vance;Filosofía Prohibida;1400;450;4,73;46
d8503bb9-a485;Espejos de el Azufre Sagrado;Seraphine Nightshade;Filosofía Prohibida;1959;1103;3,92;10
c3d9815a-e229;Espejos de las Almas de Plomo;Elara Vance;Botánica Arcana;1236;130;4,08;45
570f99ea-e052;Vórtice de el Azufre Sagrado;Elara Grimoire;Transmutación Metálica;1904;234;2,26;45
cb8b62aa-fafb;El Enigma de la Quintaesencia;Balthazar Nightshade;Alquimia Teórica;1604;612;4,45;24
c5fdfc92-d03f;Espejos de la Transmutación Infinitas;Morgana Grimoire;Alquimia Teórica;1178;1381;4,72;17
715cfaec-e320;Sombras sobre las Almas de Plomo;Isolde Nightshade;Alquimia Teórica;1429;1429;2,49;26
95a00562-c110;El Aliento de el Sol Negro;Isolde Flamel;Alquimia Teórica;1233;1235;3,74;9
fcde26eb-2ba4;Espejos de el Sol Negro;Elara Vance;Alquimia Teórica;1372;998;2,5;20
c4868fbe-bfd7;El Aliento de el Azufre Sagrado;Caspian Crowley;Transmutación Metálica;1872;926;3,68;26
2e4d3c40-24da;Sombras sobre las Almas de Plomo;Aurelius Grimoire;Alquimia Teórica;2011;1265;1,67;38
0be89908-48f4;El Aliento de las Almas de Plomo;Thalric Crowley;Alquimia Teórica;1330;635;3,59;14
28fcfc4a-1f76;Vórtice de la Transmutación Infinitas;Caspian Sterling;Alquimia Teórica;1730;1014;2,09;32
8c0e7e93-1d39;El Aliento de el Sol Negro;Seraphine Vance;Alquimia Teórica;1771;729;4,06;27
7af03f79-1290;El Enigma de el Mercurio Rojo;Seraphine Nightshade;Transmutación Metálica;1554;90;1,98;23
63a916ee-916e;La Esencia de la Quintaesencia;Isolde Nightshade;Filosofía Prohibida;1746;557;2,57;39
a985d1b3-f5d5;Vórtice de el Sol Negro;Balthazar Sterling;Transmutación Metálica;2025;1121;1,06;10
541a0671-e858;El Enigma de la Quintaesencia;Aurelius Grimoire;Alquimia Teórica;1572;471;3,73;19
e5b7762e-f42d;El Enigma de la Transmutación Infinitas;Morgana Sterling;Historia de la Piedra;1474;1070;3,62;19
be3fae40-2b77;Tratado de la Quintaesencia;Caspian Crowley;Botánica Arcana;1480;600;1,17;33
4f1c1f9b-af9c;Vórtice de la Quintaesencia;Balthazar Flamel;Transmutación Metálica;2012;490;4,87;39
af78d6ea-64c0;Códice de el Sol Negro;Morgana Blackwood;Alquimia Teórica;1765;355;2,62;33
793d4a21-b643;La Esencia de el Mercurio Rojo;Isolde Flamel;Botánica Arcana;1572;1186;4,87;11
3acd7494-8601;La Esencia de la Quintaesencia;Balthazar Nightshade;Historia de la Piedra;1602;746;2,61;45
666abf1d-a8c3;El Aliento de el Azufre Sagrado;Balthazar Vance;Historia de la Piedra;1365;1300;4,07;1
40f4e0df-5ce5;Sombras sobre la Transmutación Infinitas;Aurelius Vance;Transmutación Metálica;1868;467;3,81;42
cb099905-42e4;El Enigma de la Quintaesencia;Thalric Flamel;Transmutación Metálica;1905;117;1,22;7
68d58cf2-84cb;Vórtice de las Almas de Plomo;Aurelius Nightshade;Transmutación Metálica;1688;936;4,41;46
3297ef26-3ddb;El Enigma de el Sol Negro;Seraphine Nightshade;Alquimia Teórica;1559;1008;3,37;30
542fef5b-31c9;Tratado de la Quintaesencia;Aurelius Sterling;Historia de la Piedra;1510;534;2,72;33
112bf821-161a;La Esencia de el Azufre Sagrado;Morgana Vance;Botánica Arcana;1512;980;4,47;14
5657e4ed-129b;El Enigma de el Mercurio Rojo;Aurelius Vance;Botánica Arcana;1990;739;4,32;36
98ff6325-8063;El Enigma de las Almas de Plomo;Aurelius Sterling;Transmutación Metálica;1472;927;1,04;30
5a88a083-7ef7;Vórtice de el Mercurio Rojo;Elara Grimoire;Transmutación Metálica;1431;1278;2,53;8
12221bf2-7e62;Vórtice de el Mercurio Rojo;Balthazar Flamel;Alquimia Teórica;1187;622;3,65;43
3f1695c4-e81d;Códice de las Almas de Plomo;Morgana Nightshade;Filosofía Prohibida;1594;983;2,24;5
d6afed55-7e0e;Vórtice de la Transmutación Infinitas;Morgana Nightshade;Historia de la Piedra;1667;111;1,49;27
95220f43-7313;Códice de la Quintaesencia;Elara Vance;Transmutación Metálica;1923;701;3,95;6
8bf2a75e-0ea9;Tratado de las Almas de Plomo;Morgana Vance;Historia de la Piedra;1812;628;2,95;39
4bca0c7d-2a14;El Aliento de la Transmutación Infinitas;Caspian Sterling;Filosofía Prohibida;1712;134;2,64;15
163bb9ba-05bb;Vórtice de las Almas de Plomo;Morgana Crowley;Alquimia Teórica;1867;1165;2,88;43
f6e467cb-f808;El Enigma de el Azufre Sagrado;Elara Blackwood;Transmutación Metálica;1812;1103;1,98;28
87140a3e-033d;El Aliento de la Quintaesencia;Aurelius Sterling;Historia de la Piedra;1656;188;2,39;33
56ec2510-1395;Espejos de la Quintaesencia;Caspian Blackwood;Alquimia Teórica;1630;695;4,65;11
2318ad56-d038;El Enigma de las Almas de Plomo;Balthazar Sterling;Transmutación Metálica;1705;122;3,56;37
60d0d510-280e;Tratado de la Transmutación Infinitas;Balthazar Vance;Historia de la Piedra;1970;503;4,7;28
c4afc2a1-cfbf;El Enigma de la Quintaesencia;Thalric Sterling;Historia de la Piedra;1955;1078;1,37;4
7a690bfa-e25f;Sombras sobre las Almas de Plomo;Aurelius Vance;Filosofía Prohibida;1295;1100;2,57;28
7d49862f-0d54;Códice de el Azufre Sagrado;Balthazar Grimoire;Historia de la Piedra;1930;670;4,6;1
31ed36ef-2614;Espejos de el Azufre Sagrado;Elara Blackwood;Historia de la Piedra;1720;160;2,3;10
2e99008a-1a0e;Espejos de la Transmutación Infinitas;Caspian Crowley;Alquimia Teórica;1575;639;1,19;13
6b124849-0c40;Espejos de la Transmutación Infinitas;Thalric Blackwood;Botánica Arcana;1220;896;1,85;38
2abbdb53-8c78;Sombras sobre las Almas de Plomo;Aurelius Flamel;Alquimia Teórica;1443;1446;1,23;33
5bdaea2a-47c5;El Enigma de la Transmutación Infinitas;Seraphine Blackwood;Alquimia Teórica;1276;1107;2,89;14
a32c1229-549f;Vórtice de la Transmutación Infinitas;Caspian Blackwood;Transmutación Metálica;1656;1366;2,03;22
80045bd9-9f95;Vórtice de el Azufre Sagrado;Morgana Grimoire;Botánica Arcana;1776;1062;2,5;0
3da0aab6-9c6d;El Aliento de la Transmutación Infinitas;Balthazar Vance;Filosofía Prohibida;1287;846;4,29;36
bade132b-5c19;Tratado de el Sol Negro;Thalric Blackwood;Transmutación Metálica;1515;1128;2,75;48
1d9e006f-0dac;Sombras sobre el Mercurio Rojo;Seraphine Crowley;Transmutación Metálica;1713;931;1,41;28
ed482fc2-ff31;El Aliento de el Mercurio Rojo;Balthazar Grimoire;Historia de la Piedra;1862;1045;3,06;20
9085c91d-6922;Sombras sobre el Mercurio Rojo;Balthazar Grimoire;Botánica Arcana;1162;1419;2,73;18
446f3642-cdf8;Vórtice de la Quintaesencia;Isolde Grimoire;Historia de la Piedra;1209;878;1,53;11
3f8156ec-3c78;El Aliento de el Azufre Sagrado;Balthazar Sterling;Transmutación Metálica;1307;862;2,91;7
303121ec-31f1;La Esencia de las Almas de Plomo;Aurelius Sterling;Filosofía Prohibida;1767;451;1,33;43
d8a6a1f1-80d3;Vórtice de el Mercurio Rojo;Balthazar Nightshade;Filosofía Prohibida;1109;556;1,97;48
d72fc207-c6cd;Espejos de el Mercurio Rojo;Elara Vance;Historia de la Piedra;1782;757;1,99;3
60198d0c-f048;Espejos de el Azufre Sagrado;Isolde Nightshade;Historia de la Piedra;1441;1365;4,81;37
f114654d-d95b;El Enigma de el Azufre Sagrado;Caspian Vance;Transmutación Metálica;1773;820;3,41;32
66cb296e-04b6;Vórtice de las Almas de Plomo;Morgana Sterling;Filosofía Prohibida;1155;911;1,56;17
5ce58fd3-baa3;El Enigma de la Quintaesencia;Seraphine Blackwood;Filosofía Prohibida;1515;124;2,61;48
81527eed-6399;Tratado de el Mercurio Rojo;Elara Blackwood;Alquimia Teórica;1999;1431;2,88;42
d5c73e7d-6ff1;Tratado de la Transmutación Infinitas;Elara Nightshade;Filosofía Prohibida;1667;134;3,64;28
6c4e6f98-214f;El Enigma de el Azufre Sagrado;Aurelius Flamel;Alquimia Teórica;1549;333;4,65;15
ddf84338-cecb;El Enigma de la Quintaesencia;Thalric Vance;Alquimia Teórica;1424;1157;4,96;31
43601be7-fc1e;Códice de el Sol Negro;Morgana Grimoire;Botánica Arcana;1543;1058;1,06;8
de959d24-833e;Sombras sobre las Almas de Plomo;Seraphine Flamel;Botánica Arcana;1525;858;1,62;25
ff68f042-a6b8;Sombras sobre la Transmutación Infinitas;Morgana Grimoire;Transmutación Metálica;1907;377;3,8;38
36b25a06-d2e4;El Aliento de el Mercurio Rojo;Balthazar Nightshade;Alquimia Teórica;1427;1336;1,24;39
699d1f17-94b1;Códice de el Azufre Sagrado;Thalric Blackwood;Transmutación Metálica;1243;556;3,42;14
8f6a5775-6c8e;Tratado de las Almas de Plomo;Caspian Grimoire;Botánica Arcana;1379;783;3,32;41
0369cf5d-b6cb;Tratado de el Azufre Sagrado;Caspian Grimoire;Alquimia Teórica;2003;1277;2,45;41
24a6b0e1-6a06;Tratado de el Sol Negro;Morgana Sterling;Botánica Arcana;2018;385;3,29;29
75f8690e-a33c;Vórtice de la Transmutación Infinitas;Balthazar Flamel;Alquimia Teórica;1630;1278;1,93;36
35f15087-621d;El Enigma de la Transmutación Infinitas;Caspian Nightshade;Historia de la Piedra;1809;528;2,87;33
d08b3947-8466;Códice de las Almas de Plomo;Aurelius Crowley;Historia de la Piedra;1883;1339;2,84;48
005ea1fc-669d;Códice de el Mercurio Rojo;Thalric Sterling;Botánica Arcana;1550;566;1,34;46
b97e7e16-e919;Códice de las Almas de Plomo;Morgana Grimoire;Alquimia Teórica;1623;131;4,17;47
718a996f-13e4;Espejos de el Azufre Sagrado;Thalric Blackwood;Filosofía Prohibida;1390;480;4,07;10
1a35e753-7c02;Vórtice de la Transmutación Infinitas;Thalric Vance;Botánica Arcana;1915;842;4,62;25
bb816096-58c9;Códice de la Transmutación Infinitas;Morgana Sterling;Filosofía Prohibida;1693;1401;2,67;3
c07e302f-15bb;El Enigma de la Transmutación Infinitas;Isolde Sterling;Botánica Arcana;1157;923;4,82;13
5a5d3819-b7d8;El Aliento de la Transmutación Infinitas;Elara Sterling;Transmutación Metálica;1772;704;2,32;2
b88a2935-d2ca;Vórtice de el Sol Negro;Thalric Flamel;Alquimia Teórica;1546;284;2,77;23
5dc34f1b-0f81;Sombras sobre la Quintaesencia;Elara Crowley;Filosofía Prohibida;1286;248;1,04;13
fe0c3a47-fe1d;El Enigma de el Mercurio Rojo;Thalric Nightshade;Historia de la Piedra;1608;1425;1,47;31
5a731a00-12b3;Sombras sobre el Mercurio Rojo;Balthazar Blackwood;Filosofía Prohibida;1482;309;3,9;38
45f89605-ffd3;Vórtice de la Transmutación Infinitas;Seraphine Nightshade;Filosofía Prohibida;1810;417;1,28;27
8ddfd398-d256;Tratado de las Almas de Plomo;Morgana Sterling;Alquimia Teórica;1690;962;1,15;3
0ba58cd8-7aa9;Tratado de el Azufre Sagrado;Balthazar Flamel;Botánica Arcana;1991;216;1,56;22
a818c641-f16f;El Aliento de el Mercurio Rojo;Morgana Crowley;Transmutación Metálica;1774;689;3,59;44
fd65616b-07f7;Tratado de las Almas de Plomo;Thalric Vance;Transmutación Metálica;1229;929;1,53;42
9177255b-89a3;Tratado de las Almas de Plomo;Thalric Vance;Historia de la Piedra;1575;936;1,78;48
0a5ff983-4d6e;Vórtice de el Mercurio Rojo;Seraphine Nightshade;Filosofía Prohibida;1540;1334;3,34;8
11b5e30a-932a;Sombras sobre la Quintaesencia;Morgana Sterling;Botánica Arcana;1898;222;2,6;20
0ad11255-b22b;Sombras sobre la Quintaesencia;Aurelius Sterling;Filosofía Prohibida;1585;322;4,14;37
3081b940-a096;Códice de el Azufre Sagrado;Isolde Flamel;Alquimia Teórica;1580;612;2,63;17
da8116e2-51c5;Sombras sobre el Azufre Sagrado;Caspian Vance;Filosofía Prohibida;1778;818;3,37;34
13f72238-7010;La Esencia de la Quintaesencia;Caspian Grimoire;Alquimia Teórica;1789;655;3,29;40
15e3d8f7-55c2;Espejos de la Transmutación Infinitas;Isolde Crowley;Transmutación Metálica;1784;1110;3,7;14
acc0726c-17be;Espejos de el Sol Negro;Morgana Flamel;Transmutación Metálica;1948;1322;1,25;44
0183f71f-63e3;El Enigma de el Sol Negro;Elara Nightshade;Historia de la Piedra;1272;151;4,34;5
3b6d06cb-5858;Tratado de las Almas de Plomo;Morgana Nightshade;Transmutación Metálica;1871;1234;1,82;20
368de0cd-fd50;Códice de la Transmutación Infinitas;Elara Crowley;Transmutación Metálica;1568;271;1,09;37
66206e03-a014;Vórtice de la Transmutación Infinitas;Seraphine Vance;Alquimia Teórica;1249;562;2,78;1
15dcabe2-84a3;Códice de la Transmutación Infinitas;Elara Vance;Transmutación Metálica;1920;960;2,12;25
651e2315-df8f;La Esencia de la Quintaesencia;Aurelius Flamel;Botánica Arcana;1183;1046;4,69;13
8788f3d9-5891;El Aliento de el Mercurio Rojo;Seraphine Crowley;Filosofía Prohibida;1680;1442;4,27;38
61f01bf7-da4b;Sombras sobre la Quintaesencia;Aurelius Blackwood;Botánica Arcana;1506;384;1,19;13
00a0aed5-a686;Códice de el Azufre Sagrado;Morgana Vance;Transmutación Metálica;1448;1108;3,74;38
607913e1-34e7;Tratado de el Azufre Sagrado;Thalric Nightshade;Alquimia Teórica;1913;120;1,81;25
f14d3f21-1464;Códice de el Sol Negro;Balthazar Blackwood;Botánica Arcana;1740;210;2,97;20
8f754770-3bca;Espejos de la Quintaesencia;Balthazar Flamel;Transmutación Metálica;1389;870;2,61;0
2f8e08f1-6ff9;Espejos de el Azufre Sagrado;Balthazar Blackwood;Transmutación Metálica;1986;733;3,29;11
fc326d03-3d28;Códice de el Sol Negro;Seraphine Crowley;Alquimia Teórica;1526;1199;1,99;16
d3c98d86-4422;Tratado de la Transmutación Infinitas;Seraphine Grimoire;Transmutación Metálica;1844;1008;4,33;32
e83b0222-44ba;Vórtice de el Mercurio Rojo;Thalric Nightshade;Filosofía Prohibida;1440;732;3,13;48
765f5b66-dd09;Espejos de la Transmutación Infinitas;Seraphine Nightshade;Alquimia Teórica;1634;449;2,84;0
4e41ae04-9ac4;Códice de las Almas de Plomo;Isolde Flamel;Historia de la Piedra;1236;506;4,44;15
bf2d1c91-5cba;Sombras sobre el Azufre Sagrado;Isolde Nightshade;Botánica Arcana;1743;535;2,83;42
d7800f2d-3e25;Códice de la Quintaesencia;Balthazar Flamel;Transmutación Metálica;1312;1396;4,28;12
b31e51c5-0ba3;La Esencia de el Mercurio Rojo;Thalric Vance;Transmutación Metálica;1815;1175;3,47;2
a2f40572-8a82;Espejos de el Mercurio Rojo;Thalric Blackwood;Historia de la Piedra;1299;153;4,84;36
d0c69f41-9bb4;El Aliento de el Sol Negro;Isolde Nightshade;Historia de la Piedra;1994;844;2,74;29
cfa6035d-037b;Tratado de la Transmutación Infinitas;Morgana Crowley;Transmutación Metálica;1157;176;4,76;41
5a21e8f1-c5e5;Vórtice de el Mercurio Rojo;Balthazar Grimoire;Transmutación Metálica;1463;1224;4,22;21
232f21c1-d5c0;La Esencia de el Mercurio Rojo;Aurelius Vance;Historia de la Piedra;1469;809;4,76;26
b9f2e8a8-8d79;El Aliento de la Quintaesencia;Elara Grimoire;Filosofía Prohibida;1156;902;1,43;50
0708e2f3-77b9;El Enigma de las Almas de Plomo;Aurelius Blackwood;Botánica Arcana;1145;1151;2,81;10
f34756e6-fa07;Sombras sobre el Azufre Sagrado;Balthazar Nightshade;Alquimia Teórica;1573;126;1,37;0
1bc5dff0-d85c;Tratado de el Mercurio Rojo;Seraphine Vance;Historia de la Piedra;1384;540;1,45;28
fe0b14a6-8dd6;El Enigma de las Almas de Plomo;Aurelius Blackwood;Filosofía Prohibida;1306;804;2,45;44
06e44916-2ce2;Espejos de el Azufre Sagrado;Elara Vance;Filosofía Prohibida;1428;791;3,39;41
b9dbaea9-80ba;Tratado de el Mercurio Rojo;Caspian Crowley;Botánica Arcana;1939;786;2,85;16
d14c871f-cba9;El Enigma de la Quintaesencia;Morgana Sterling;Transmutación Metálica;1286;1050;3,31;27
7093061b-f5c3;Códice de el Azufre Sagrado;Isolde Blackwood;Transmutación Metálica;1970;1261;1,75;33
09675aa3-b87d;Códice de el Mercurio Rojo;Caspian Grimoire;Alquimia Teórica;1368;1283;1,07;3
048f2419-c0da;Vórtice de el Azufre Sagrado;Morgana Flamel;Alquimia Teórica;1457;348;1,74;48
44d936ad-b0d0;El Aliento de el Azufre Sagrado;Balthazar Vance;Historia de la Piedra;1914;223;1,93;39
9bad4058-225e;Tratado de la Quintaesencia;Thalric Grimoire;Historia de la Piedra;1743;1212;2,69;11
14dad5bf-3cf9;Sombras sobre la Quintaesencia;Caspian Vance;Filosofía Prohibida;1130;621;2,41;2
b2dbc3df-4ed3;Vórtice de el Sol Negro;Aurelius Flamel;Alquimia Teórica;1966;1270;3,9;12
bc9f842c-f000;Códice de el Azufre Sagrado;Caspian Crowley;Historia de la Piedra;1490;1338;4,91;30
a641b3c8-afc9;El Aliento de la Quintaesencia;Elara Vance;Filosofía Prohibida;1194;1215;2,39;20
4ad3f1ee-6cab;Tratado de el Sol Negro;Caspian Nightshade;Transmutación Metálica;1893;381;3,76;29
286b73bc-58ca;La Esencia de la Transmutación Infinitas;Elara Blackwood;Botánica Arcana;1261;647;3,34;11
5846d919-ea88;El Enigma de el Azufre Sagrado;Thalric Nightshade;Historia de la Piedra;1260;369;1,81;47
3421a820-61ab;Sombras sobre la Quintaesencia;Morgana Vance;Transmutación Metálica;1655;225;1,64;40
6278966a-c614;La Esencia de la Quintaesencia;Morgana Flamel;Historia de la Piedra;1854;1173;4,43;42
a9b8e375-c913;Vórtice de el Sol Negro;Balthazar Blackwood;Transmutación Metálica;2022;669;2,95;36
739977db-0ee6;Tratado de las Almas de Plomo;Caspian Sterling;Transmutación Metálica;1380;723;1,3;14
8cb7ac50-9d3a;Sombras sobre la Quintaesencia;Caspian Grimoire;Historia de la Piedra;1479;1207;2,18;40
a25dde04-b241;El Aliento de el Azufre Sagrado;Balthazar Flamel;Alquimia Teórica;1808;329;3,14;34
7f6919c3-d782;Códice de el Sol Negro;Caspian Blackwood;Historia de la Piedra;1494;821;4,35;0
91d6c867-63ed;La Esencia de la Quintaesencia;Thalric Crowley;Transmutación Metálica;1388;663;1,48;14
20f4e787-ead5;El Enigma de el Azufre Sagrado;Elara Blackwood;Filosofía Prohibida;1634;920;3,89;23
23e443d8-d33a;Vórtice de las Almas de Plomo;Thalric Vance;Transmutación Metálica;1356;277;3,75;36
b6a3df43-3f23;Sombras sobre la Quintaesencia;Morgana Vance;Alquimia Teórica;1507;1171;2,34;49
84378ece-cf5c;Sombras sobre la Quintaesencia;Thalric Vance;Botánica Arcana;1983;1266;3,36;32
8d396e30-9eef;El Enigma de la Quintaesencia;Aurelius Blackwood;Filosofía Prohibida;1338;135;1,95;33
da7876d3-ff9b;Vórtice de el Mercurio Rojo;Seraphine Vance;Botánica Arcana;1933;858;3,37;24
5f80e86d-885c;Códice de la Transmutación Infinitas;Isolde Sterling;Filosofía Prohibida;1677;990;2,96;41
0db40d1c-d229;La Esencia de la Transmutación Infinitas;Aurelius Flamel;Alquimia Teórica;1840;1479;4,8;25
00f93d5d-7397;Espejos de el Mercurio Rojo;Elara Grimoire;Botánica Arcana;1238;962;3,19;16
219b3b62-7a48;La Esencia de el Azufre Sagrado;Caspian Blackwood;Alquimia Teórica;1299;1065;2,08;9
763d4892-aea1;El Enigma de el Azufre Sagrado;Seraphine Nightshade;Historia de la Piedra;1693;416;4,35;33
287aa056-43f7;La Esencia de la Transmutación Infinitas;Morgana Grimoire;Transmutación Metálica;1132;595;3,99;7
b8bf0d88-7839;Tratado de la Quintaesencia;Caspian Grimoire;Alquimia Teórica;1733;651;2,71;12
61d09a5d-e68e;El Enigma de el Mercurio Rojo;Aurelius Grimoire;Historia de la Piedra;1985;91;2,05;22
096f5119-8ff6;El Enigma de la Quintaesencia;Balthazar Sterling;Alquimia Teórica;1372;244;1,48;39
9dcfd5e2-6a38;El Aliento de las Almas de Plomo;Aurelius Flamel;Historia de la Piedra;1477;410;2,36;23
1e352bc9-9646;La Esencia de la Quintaesencia;Balthazar Sterling;Botánica Arcana;1745;537;2,19;32
8f16945d-a492;La Esencia de el Azufre Sagrado;Thalric Vance;Transmutación Metálica;1175;1387;1,3;47
fffe9ca9-2a86;Sombras sobre el Mercurio Rojo;Elara Nightshade;Historia de la Piedra;1563;127;3,14;23
8934f3d9-47cc;Sombras sobre el Mercurio Rojo;Aurelius Nightshade;Alquimia Teórica;1595;903;2,33;33
278065fe-23b9;Tratado de el Mercurio Rojo;Seraphine Vance;Botánica Arcana;1963;1039;1,84;2
c3dadade-b244;Códice de la Transmutación Infinitas;Thalric Vance;Transmutación Metálica;1727;1246;1,2;8
47e62529-6727;Tratado de el Mercurio Rojo;Balthazar Grimoire;Historia de la Piedra;1255;441;4,35;22
39cef4da-84e6;Códice de el Azufre Sagrado;Seraphine Crowley;Transmutación Metálica;1201;1237;1,1;44
8b8622cb-c0fc;El Enigma de el Mercurio Rojo;Balthazar Vance;Botánica Arcana;1189;848;3,68;35
4b01287e-9b6d;Tratado de el Azufre Sagrado;Isolde Sterling;Botánica Arcana;1470;418;4,87;1
7fbb0141-115a;Códice de el Azufre Sagrado;Morgana Sterling;Historia de la Piedra;1907;184;2,46;2
4d4c4d0b-2924;Códice de el Azufre Sagrado;Balthazar Blackwood;Alquimia Teórica;1920;1076;4,64;42
5457f349-a684;El Enigma de el Sol Negro;Aurelius Vance;Filosofía Prohibida;1694;266;3,2;16
18f80d9d-acd4;El Aliento de la Transmutación Infinitas;Caspian Crowley;Alquimia Teórica;1629;1037;2,77;10
956a8e03-d4d4;Vórtice de el Mercurio Rojo;Isolde Grimoire;Transmutación Metálica;1292;398;2,81;21
fb123bab-b825;Vórtice de la Quintaesencia;Thalric Crowley;Alquimia Teórica;1527;501;3,33;45
93fa9dc4-9635;Tratado de las Almas de Plomo;Aurelius Flamel;Filosofía Prohibida;1542;916;3,48;12
e986313c-eb31;Sombras sobre el Azufre Sagrado;Balthazar Sterling;Historia de la Piedra;1207;806;2,32;14
c2ff2b43-1070;Sombras sobre el Sol Negro;Seraphine Blackwood;Historia de la Piedra;1709;705;3,15;16
abfc0cf3-079f;El Enigma de la Quintaesencia;Caspian Sterling;Botánica Arcana;1686;241;2,84;46
9e933149-bc7f;Vórtice de el Sol Negro;Caspian Grimoire;Filosofía Prohibida;1528;223;3,61;9
41406276-e66c;Tratado de la Transmutación Infinitas;Thalric Blackwood;Botánica Arcana;1668;893;3,58;12
58d9e837-35d2;El Aliento de el Azufre Sagrado;Thalric Sterling;Botánica Arcana;1983;714;4,87;50
d32a458d-1f78;Espejos de el Mercurio Rojo;Balthazar Flamel;Historia de la Piedra;1876;640;4,01;14
1468b9a4-bf2c;El Enigma de el Sol Negro;Morgana Vance;Botánica Arcana;1759;943;4,94;26
b1f70f6e-caf6;El Enigma de el Azufre Sagrado;Aurelius Crowley;Alquimia Teórica;1374;603;2,56;5
a0c27439-3a66;Tratado de la Quintaesencia;Elara Vance;Historia de la Piedra;1875;1043;1,72;28
f3f8af1d-d086;Vórtice de la Transmutación Infinitas;Seraphine Nightshade;Alquimia Teórica;1329;780;2,88;16
45b1358e-b5a0;Vórtice de el Azufre Sagrado;Elara Nightshade;Transmutación Metálica;1181;643;1,87;12
22ac3fbe-e1ee;El Enigma de la Quintaesencia;Morgana Blackwood;Historia de la Piedra;1604;87;2,72;44
68aab2c0-2e79;Espejos de la Quintaesencia;Balthazar Flamel;Historia de la Piedra;1422;924;1,27;35
61abbe19-559a;Tratado de la Quintaesencia;Seraphine Sterling;Historia de la Piedra;1669;1240;1,93;41
adc4ed74-4af2;Espejos de las Almas de Plomo;Thalric Flamel;Alquimia Teórica;1533;1009;3,33;5
2b618818-7c6b;Tratado de el Sol Negro;Thalric Vance;Botánica Arcana;1593;828;1,62;17
ee6338bc-f9b8;El Enigma de el Azufre Sagrado;Morgana Sterling;Filosofía Prohibida;1311;269;1,62;24
37a40a54-5637;Códice de la Quintaesencia;Thalric Vance;Filosofía Prohibida;1107;770;3,04;17
b2a9704c-2079;El Aliento de el Sol Negro;Seraphine Sterling;Botánica Arcana;1932;607;2,15;27
d85d8481-c635;Códice de la Quintaesencia;Caspian Sterling;Alquimia Teórica;1690;184;1,14;33
2a752146-27a8;La Esencia de las Almas de Plomo;Aurelius Grimoire;Historia de la Piedra;1770;213;2,04;32
e7d83403-10a5;Espejos de el Sol Negro;Elara Vance;Filosofía Prohibida;1306;1278;3,8;31
b9fe64aa-9c05;Sombras sobre el Azufre Sagrado;Seraphine Grimoire;Botánica Arcana;1568;92;4,55;46
79b215c0-6b05;Códice de la Quintaesencia;Thalric Flamel;Botánica Arcana;1307;130;3,43;45
38a2e836-abcf;Espejos de la Transmutación Infinitas;Caspian Grimoire;Historia de la Piedra;1458;386;4,14;16
943d558b-b4ec;Tratado de el Sol Negro;Seraphine Blackwood;Botánica Arcana;1366;702;1,25;10
dd6697ab-732e;Espejos de el Mercurio Rojo;Seraphine Grimoire;Filosofía Prohibida;1703;1420;2,66;34
7f2257fd-1bb6;Códice de el Azufre Sagrado;Thalric Vance;Historia de la Piedra;1180;1491;3,61;18
7cb6054e-f08a;El Enigma de el Sol Negro;Aurelius Crowley;Botánica Arcana;1746;435;1,07;21
0c1e5953-115a;Vórtice de la Quintaesencia;Seraphine Nightshade;Historia de la Piedra;1701;343;4,12;13
0b547f3f-3b34;El Enigma de el Sol Negro;Caspian Grimoire;Alquimia Teórica;1660;563;4,21;20
c943ca56-511c;Vórtice de las Almas de Plomo;Thalric Grimoire;Botánica Arcana;1364;1164;4,02;28
97130c3e-5487;Sombras sobre la Quintaesencia;Morgana Crowley;Alquimia Teórica;1124;630;1,92;19
37439796-b6cc;El Enigma de el Mercurio Rojo;Elara Grimoire;Historia de la Piedra;1682;1191;1,21;0
a334f5c6-dfa6;Sombras sobre el Sol Negro;Caspian Flamel;Transmutación Metálica;1587;1070;1,03;24
d6a2921e-6e04;La Esencia de las Almas de Plomo;Aurelius Nightshade;Transmutación Metálica;1307;102;2,17;0
8659e69b-dca0;Espejos de las Almas de Plomo;Aurelius Vance;Alquimia Teórica;1303;710;1,63;39
a449a9b4-687f;Tratado de el Mercurio Rojo;Elara Vance;Historia de la Piedra;1446;177;1,09;35
2011e2e7-5916;Códice de la Quintaesencia;Aurelius Nightshade;Filosofía Prohibida;1100;1335;2,87;39
5489db09-4921;Tratado de el Mercurio Rojo;Isolde Vance;Transmutación Metálica;1194;1192;1,21;40
6d8e093f-ab26;Espejos de las Almas de Plomo;Balthazar Vance;Transmutación Metálica;1256;899;1,75;33
96f214a1-6899;El Enigma de el Sol Negro;Morgana Sterling;Botánica Arcana;1919;662;2,31;14
869b3472-215d;La Esencia de las Almas de Plomo;Aurelius Blackwood;Alquimia Teórica;1401;670;4,14;29
31a17151-6c86;El Enigma de la Quintaesencia;Morgana Flamel;Botánica Arcana;1553;1367;4,43;29
220c2cdb-2105;Vórtice de la Quintaesencia;Morgana Sterling;Alquimia Teórica;1205;788;3,95;20
fe16f7b9-e438;Tratado de el Azufre Sagrado;Seraphine Nightshade;Historia de la Piedra;1169;1186;2,22;31
7e2ef724-d478;Vórtice de la Transmutación Infinitas;Balthazar Grimoire;Botánica Arcana;1600;502;2,85;42
e6a26aa1-7292;Espejos de el Sol Negro;Balthazar Blackwood;Transmutación Metálica;1446;973;2,31;46
f54ddf02-0763;Sombras sobre las Almas de Plomo;Aurelius Crowley;Botánica Arcana;1107;1302;4,51;15
371022fa-141c;La Esencia de el Azufre Sagrado;Caspian Blackwood;Alquimia Teórica;1331;1345;2,1;5
691ac84f-7b12;Espejos de el Sol Negro;Elara Blackwood;Transmutación Metálica;2017;542;3,44;36
a38134c3-0f0d;Vórtice de el Mercurio Rojo;Morgana Nightshade;Botánica Arcana;1660;331;2,1;33
71862c0b-cd0c;Códice de el Sol Negro;Elara Nightshade;Botánica Arcana;1178;899;1,59;3
b6751186-cb4b;Espejos de el Sol Negro;Balthazar Grimoire;Transmutación Metálica;1659;716;1,48;23
4ac109a3-6b51;Vórtice de el Azufre Sagrado;Elara Flamel;Transmutación Metálica;1242;436;2,47;0
cb062bf1-d5ca;Tratado de las Almas de Plomo;Isolde Flamel;Transmutación Metálica;1348;108;1,05;17
c31e4f89-7457;El Enigma de la Quintaesencia;Caspian Sterling;Alquimia Teórica;1106;662;1,67;33
ae5b694d-8d7e;Vórtice de la Quintaesencia;Balthazar Crowley;Alquimia Teórica;1271;1150;1,52;37
0ea64329-98bd;El Enigma de la Transmutación Infinitas;Thalric Flamel;Alquimia Teórica;1356;258;2,28;29
39b27a08-5107;Vórtice de el Sol Negro;Balthazar Nightshade;Filosofía Prohibida;1574;1424;2,2;28
6a1902a5-179d;Espejos de el Sol Negro;Elara Blackwood;Botánica Arcana;1286;1150;2,02;47
6d65efff-e470;Espejos de las Almas de Plomo;Isolde Crowley;Historia de la Piedra;1855;540;2,34;17
330154b6-827c;Espejos de el Azufre Sagrado;Balthazar Blackwood;Filosofía Prohibida;1865;1495;1,77;11
5a3e6325-4ff9;Sombras sobre las Almas de Plomo;Thalric Crowley;Transmutación Metálica;1751;229;4,64;13
648a6813-71d6;Espejos de la Quintaesencia;Seraphine Grimoire;Botánica Arcana;1565;482;4,5;33
5fa0e4da-8dd9;Tratado de el Sol Negro;Elara Grimoire;Transmutación Metálica;1113;1000;4,25;0
d0122447-0983;El Enigma de el Azufre Sagrado;Elara Grimoire;Filosofía Prohibida;2002;1071;1,79;14
dc8d719e-495e;Vórtice de el Sol Negro;Caspian Nightshade;Botánica Arcana;1234;1462;3,02;11
b9cb12bb-affa;El Enigma de el Mercurio Rojo;Balthazar Crowley;Alquimia Teórica;1932;284;1,22;29
2935e9e6-cee3;Espejos de la Transmutación Infinitas;Thalric Nightshade;Filosofía Prohibida;1803;950;1,68;47
db7312dd-d2c5;La Esencia de el Sol Negro;Thalric Sterling;Botánica Arcana;1698;1074;3,9;35
78f313fc-87cc;Sombras sobre la Quintaesencia;Seraphine Nightshade;Historia de la Piedra;1848;900;4,09;42
0b00bdee-b35d;Sombras sobre el Azufre Sagrado;Balthazar Grimoire;Botánica Arcana;1562;145;3,9;25
7efa540e-d573;El Enigma de el Azufre Sagrado;Morgana Grimoire;Transmutación Metálica;1967;225;3,02;1
19759961-a21d;Códice de el Mercurio Rojo;Morgana Blackwood;Historia de la Piedra;1499;982;3,46;16
26d8fbbb-5a8a;Tratado de la Quintaesencia;Elara Flamel;Transmutación Metálica;1662;624;2,39;42
981e7779-8384;Espejos de el Azufre Sagrado;Isolde Sterling;Filosofía Prohibida;1625;333;1,79;29
f0844f72-0ca5;Vórtice de el Sol Negro;Morgana Grimoire;Transmutación Metálica;1754;1235;1,81;18
a750253b-3d96;La Esencia de la Transmutación Infinitas;Isolde Blackwood;Filosofía Prohibida;1253;245;2,85;35
c04a3fb2-9e22;Espejos de el Mercurio Rojo;Seraphine Vance;Filosofía Prohibida;1768;471;2,74;19
5d044e03-6089;Tratado de el Mercurio Rojo;Thalric Nightshade;Transmutación Metálica;1530;1418;3,09;11
d20f3222-2b46;La Esencia de la Quintaesencia;Balthazar Vance;Historia de la Piedra;1459;346;1,05;21
cda16cb1-1a77;La Esencia de el Azufre Sagrado;Thalric Sterling;Alquimia Teórica;1950;1069;1,59;0
55769570-b043;Sombras sobre el Sol Negro;Caspian Flamel;Botánica Arcana;1951;564;4,57;13
e3d154ca-6382;El Aliento de el Azufre Sagrado;Morgana Sterling;Transmutación Metálica;1679;986;4,27;48
ca9f2b93-be59;Códice de el Sol Negro;Caspian Sterling;Botánica Arcana;1323;1114;3,12;21
19e2ddb3-8930;Vórtice de el Sol Negro;Thalric Crowley;Transmutación Metálica;1634;1086;1,68;2
8e1d9da8-5e17;Tratado de la Quintaesencia;Thalric Vance;Alquimia Teórica;1645;1224;1,15;32
f6e420bc-fe1e;Tratado de el Azufre Sagrado;Balthazar Blackwood;Transmutación Metálica;1725;1205;1,15;26
b04b0661-eb86;Tratado de la Transmutación Infinitas;Caspian Blackwood;Botánica Arcana;1881;1488;3,27;9
156e81df-cba0;El Enigma de el Azufre Sagrado;Elara Grimoire;Alquimia Teórica;1748;1425;2,02;14
f0e41aa0-a382;La Esencia de las Almas de Plomo;Caspian Nightshade;Filosofía Prohibida;1885;133;3,43;28
428a1c7a-1bd2;Sombras sobre el Azufre Sagrado;Balthazar Grimoire;Transmutación Metálica;1952;262;1,49;9
f438646a-f6e0;Códice de el Azufre Sagrado;Elara Vance;Botánica Arcana;1435;581;4,69;47
f6694b1d-7e72;Tratado de el Sol Negro;Elara Grimoire;Historia de la Piedra;1159;581;1,42;4
5ccabd98-f4e1;El Aliento de las Almas de Plomo;Isolde Grimoire;Alquimia Teórica;1577;995;3,46;31
e68de185-57f1;Códice de el Azufre Sagrado;Balthazar Grimoire;Botánica Arcana;1657;302;3,95;5
8174936d-a4b9;El Aliento de el Azufre Sagrado;Seraphine Crowley;Historia de la Piedra;1594;1151;4,18;37
529f67d3-6444;La Esencia de la Quintaesencia;Aurelius Vance;Alquimia Teórica;1685;707;3,61;13
555c7fcc-3da5;El Enigma de el Mercurio Rojo;Thalric Flamel;Historia de la Piedra;1946;1395;2,28;29
2464e732-108f;Tratado de el Mercurio Rojo;Thalric Nightshade;Filosofía Prohibida;1512;678;1,05;27
3c943a9e-587c;Tratado de el Sol Negro;Isolde Grimoire;Historia de la Piedra;1275;410;3,21;33
4b89f0ec-9f16;Vórtice de el Azufre Sagrado;Isolde Grimoire;Historia de la Piedra;1253;1047;1,35;18
5f1bc875-fd5a;El Enigma de la Transmutación Infinitas;Elara Vance;Transmutación Metálica;1628;1311;4,4;43
1f8595e6-5061;Tratado de el Sol Negro;Aurelius Flamel;Transmutación Metálica;1446;1314;4,64;8
5d9b97fc-1f36;Tratado de el Azufre Sagrado;Morgana Flamel;Filosofía Prohibida;1498;1128;3,24;48
d82ff950-452b;El Aliento de el Azufre Sagrado;Caspian Crowley;Transmutación Metálica;1137;474;3,89;30
c0597840-e3c2;El Enigma de las Almas de Plomo;Morgana Crowley;Botánica Arcana;1796;874;1,19;6
4edd5d8f-6b34;El Aliento de la Quintaesencia;Isolde Vance;Botánica Arcana;1387;966;3,54;18
107ed301-0bf3;Códice de el Sol Negro;Elara Blackwood;Alquimia Teórica;1577;1030;2,57;25
00f55668-29b5;Sombras sobre la Transmutación Infinitas;Balthazar Sterling;Alquimia Teórica;1147;702;2,45;0
70299ccf-aee6;Sombras sobre la Transmutación Infinitas;Seraphine Flamel;Transmutación Metálica;1333;958;1,36;10
09d8947e-2a8b;Espejos de la Quintaesencia;Morgana Crowley;Transmutación Metálica;1332;1448;3,31;17
9332cbc4-5d1c;Códice de el Mercurio Rojo;Elara Flamel;Filosofía Prohibida;1286;447;4,86;47
b223af41-aa08;El Enigma de el Sol Negro;Thalric Flamel;Botánica Arcana;1821;174;2,87;43
57cb2d9c-4d08;Vórtice de el Azufre Sagrado;Isolde Flamel;Alquimia Teórica;1103;162;3,65;31
92102688-d7f3;La Esencia de el Azufre Sagrado;Elara Blackwood;Filosofía Prohibida;1170;1449;3;29
277e8838-a91d;El Aliento de la Quintaesencia;Elara Sterling;Botánica Arcana;1736;1417;4,35;6
f5c8b9ba-b39d;Espejos de el Mercurio Rojo;Caspian Sterling;Alquimia Teórica;1195;974;2,88;26
ab486608-2f22;La Esencia de el Azufre Sagrado;Caspian Flamel;Transmutación Metálica;2017;1403;1,44;5
12030b8b-2d1f;Espejos de las Almas de Plomo;Isolde Blackwood;Historia de la Piedra;1614;445;1,85;38
3748bbfa-bdc1;Vórtice de el Sol Negro;Caspian Crowley;Filosofía Prohibida;1805;419;3,86;5
2820c42a-d89a;Códice de el Azufre Sagrado;Isolde Crowley;Botánica Arcana;1870;208;2,71;8
c0710c9a-455d;Tratado de la Quintaesencia;Morgana Nightshade;Botánica Arcana;1708;1014;1,26;14
6928d485-4011;Sombras sobre la Transmutación Infinitas;Elara Flamel;Filosofía Prohibida;1495;1175;3,71;10
434ffe94-7442;El Aliento de el Sol Negro;Morgana Grimoire;Filosofía Prohibida;1653;163;4,54;47
949666eb-33f8;Tratado de las Almas de Plomo;Elara Blackwood;Historia de la Piedra;1617;912;4,83;27
f7e4ae95-4da3;Sombras sobre la Transmutación Infinitas;Thalric Grimoire;Historia de la Piedra;1643;816;2,51;49
61becb4f-849b;La Esencia de el Sol Negro;Thalric Nightshade;Historia de la Piedra;1135;550;2,94;41
b17c8b19-518b;Espejos de el Sol Negro;Morgana Sterling;Historia de la Piedra;1458;1473;1,18;23
798c4497-a6fb;La Esencia de el Sol Negro;Thalric Blackwood;Botánica Arcana;1665;150;3,68;18
5efb2991-1df6;Vórtice de la Transmutación Infinitas;Aurelius Crowley;Botánica Arcana;1398;551;2,11;38
e77699fb-1b61;Espejos de el Azufre Sagrado;Caspian Grimoire;Alquimia Teórica;1615;458;3,73;8
b2f90d9f-9681;El Enigma de la Transmutación Infinitas;Balthazar Nightshade;Transmutación Metálica;1351;748;1,86;3
71783e81-4f35;El Enigma de el Mercurio Rojo;Thalric Sterling;Historia de la Piedra;1726;444;4,73;43
c7402603-34d2;Espejos de la Transmutación Infinitas;Aurelius Grimoire;Historia de la Piedra;1444;334;3,91;29
e2e1705f-a40c;Vórtice de las Almas de Plomo;Balthazar Nightshade;Filosofía Prohibida;1174;1102;3,72;21
62b407fd-64e9;El Enigma de la Quintaesencia;Morgana Blackwood;Transmutación Metálica;1257;786;1,26;18
aa489871-66b4;Vórtice de el Azufre Sagrado;Balthazar Vance;Alquimia Teórica;1752;1433;2,57;14
f0ccc142-1a22;Tratado de el Azufre Sagrado;Seraphine Flamel;Historia de la Piedra;1517;483;4,35;0
e866f34b-3df9;Códice de las Almas de Plomo;Elara Blackwood;Historia de la Piedra;1804;200;3,82;41
cd1bccf5-a8fb;Tratado de el Sol Negro;Aurelius Nightshade;Transmutación Metálica;1692;732;3,92;27
42826593-ce56;El Enigma de las Almas de Plomo;Elara Blackwood;Historia de la Piedra;1385;1086;2,47;43
620e6262-5779;Sombras sobre el Mercurio Rojo;Seraphine Vance;Botánica Arcana;1383;1060;3,65;48
622978f2-9f94;Códice de el Azufre Sagrado;Morgana Sterling;Alquimia Teórica;1504;565;3,09;50
16f58a7c-6954;La Esencia de la Quintaesencia;Aurelius Sterling;Filosofía Prohibida;1899;122;4,81;18
f0d846b2-3094;Espejos de el Mercurio Rojo;Aurelius Flamel;Alquimia Teórica;1559;492;1,41;7
9a1ca99c-a989;Espejos de el Sol Negro;Balthazar Blackwood;Transmutación Metálica;1176;1497;2,66;50
fda431b4-f2d4;La Esencia de el Azufre Sagrado;Elara Sterling;Botánica Arcana;1131;498;3,01;9
b3f52692-df76;Códice de el Mercurio Rojo;Morgana Sterling;Alquimia Teórica;1191;1262;2,92;37
27a55c88-e058;Tratado de el Mercurio Rojo;Seraphine Flamel;Alquimia Teórica;1279;1156;4,66;47
59e28a01-a67a;Códice de las Almas de Plomo;Isolde Blackwood;Botánica Arcana;1590;837;3,94;0
341f2ddd-ea9e;Vórtice de la Transmutación Infinitas;Isolde Crowley;Filosofía Prohibida;1987;810;2,17;20
515844db-2625;La Esencia de las Almas de Plomo;Isolde Crowley;Filosofía Prohibida;1502;566;3,39;32
ec3ff0ca-5646;La Esencia de la Quintaesencia;Aurelius Blackwood;Alquimia Teórica;1673;356;3,27;27
e8ebdb9f-8e1a;Códice de la Quintaesencia;Aurelius Sterling;Botánica Arcana;1278;1045;3,5;41
a8b8f42a-73de;El Aliento de la Transmutación Infinitas;Caspian Vance;Historia de la Piedra;1970;431;3,61;41
0c16de24-8a03;Espejos de la Transmutación Infinitas;Balthazar Crowley;Filosofía Prohibida;1583;116;1,32;34
0822f0ad-6519;Espejos de la Quintaesencia;Morgana Vance;Historia de la Piedra;1482;606;1,35;23
240cbe21-a8d7;La Esencia de el Azufre Sagrado;Morgana Blackwood;Historia de la Piedra;1353;119;4,64;20
fe1f0a69-4890;Tratado de el Mercurio Rojo;Balthazar Grimoire;Alquimia Teórica;1898;1382;3,64;29
09fa7cb0-db84;La Esencia de el Mercurio Rojo;Caspian Grimoire;Botánica Arcana;1465;965;1,41;17
10deb56e-44f5;La Esencia de el Azufre Sagrado;Thalric Blackwood;Botánica Arcana;1224;890;4,96;5
b946fb94-ab4d;Sombras sobre el Azufre Sagrado;Isolde Sterling;Historia de la Piedra;1118;1471;4,06;13
bcb3c8e9-cef3;Códice de el Azufre Sagrado;Balthazar Flamel;Historia de la Piedra;1275;321;2,34;22
4efbd2a5-e6ab;Sombras sobre el Mercurio Rojo;Morgana Grimoire;Transmutación Metálica;1888;1045;4,49;29
a319169a-522d;Códice de la Quintaesencia;Elara Sterling;Filosofía Prohibida;1941;998;1,31;1
ba5af21a-be13;El Aliento de el Mercurio Rojo;Elara Grimoire;Alquimia Teórica;1871;1387;1,75;23
a887befc-17cd;El Enigma de las Almas de Plomo;Thalric Vance;Filosofía Prohibida;1951;697;2,12;29
08ccdbb0-829d;La Esencia de el Azufre Sagrado;Aurelius Nightshade;Transmutación Metálica;1664;296;2,32;8
f502a767-2fc9;Espejos de el Sol Negro;Caspian Vance;Botánica Arcana;1660;334;4,71;30
9f3b4fa4-fc71;Códice de el Sol Negro;Thalric Crowley;Transmutación Metálica;1239;887;3,65;32
c9d7e29e-9dbd;La Esencia de la Transmutación Infinitas;Seraphine Grimoire;Historia de la Piedra;1251;165;4,9;7
c26fa1ca-f2d0;El Aliento de las Almas de Plomo;Caspian Grimoire;Alquimia Teórica;1375;1224;1,44;9
be554a05-c234;Tratado de el Sol Negro;Aurelius Sterling;Botánica Arcana;1450;348;3,63;13
98d24948-549d;La Esencia de el Sol Negro;Morgana Nightshade;Historia de la Piedra;1474;974;4,79;27
3484744a-1973;Códice de el Sol Negro;Morgana Flamel;Botánica Arcana;1243;191;1,83;40
252510c0-ac37;El Aliento de la Quintaesencia;Thalric Vance;Historia de la Piedra;1671;333;3,88;35
609270a4-12d0;Sombras sobre el Mercurio Rojo;Balthazar Nightshade;Historia de la Piedra;1571;1343;2,29;26
8a8f977a-ea89;La Esencia de el Azufre Sagrado;Balthazar Nightshade;Alquimia Teórica;1138;234;2,26;3
fafb2d20-24f5;El Aliento de la Transmutación Infinitas;Isolde Nightshade;Transmutación Metálica;1244;503;1,63;11
755052e3-e7e1;El Enigma de la Quintaesencia;Aurelius Grimoire;Transmutación Metálica;1893;811;2,33;8
35fec856-e12a;El Enigma de el Sol Negro;Caspian Nightshade;Filosofía Prohibida;1774;709;3,55;9
892340ce-6f62;El Aliento de el Azufre Sagrado;Isolde Flamel;Transmutación Metálica;1976;1414;1,83;28
cb9111a2-0137;El Enigma de el Sol Negro;Thalric Blackwood;Transmutación Metálica;1333;1308;3,61;35
fbeac11b-e9f4;Sombras sobre el Mercurio Rojo;Seraphine Sterling;Alquimia Teórica;1340;630;3,21;36
d1ffae1d-0f9b;Tratado de la Quintaesencia;Isolde Blackwood;Alquimia Teórica;1181;1379;4,19;25
32ae9fed-a1b3;Códice de las Almas de Plomo;Seraphine Crowley;Botánica Arcana;1379;652;1,72;5
11592fe8-2aff;Vórtice de la Transmutación Infinitas;Morgana Vance;Filosofía Prohibida;1753;1430;3,62;30
c3273aa4-564d;Vórtice de la Transmutación Infinitas;Isolde Grimoire;Alquimia Teórica;1385;515;4,75;42
1f5c6ff8-4a0d;Sombras sobre la Quintaesencia;Morgana Flamel;Botánica Arcana;1830;1137;1,79;17
0f7c0f3d-54f5;El Aliento de el Azufre Sagrado;Thalric Grimoire;Botánica Arcana;1615;745;4,05;2
6541822a-141a;Tratado de las Almas de Plomo;Morgana Crowley;Filosofía Prohibida;1236;1144;1,01;34
052792e7-4cc5;Vórtice de el Sol Negro;Caspian Vance;Transmutación Metálica;1235;452;3,17;22
471d4d23-775b;El Aliento de la Quintaesencia;Thalric Blackwood;Historia de la Piedra;1978;1337;2,54;36
54cb9480-7e8c;Espejos de el Sol Negro;Balthazar Flamel;Transmutación Metálica;1546;912;1,61;34
6ca9faf5-0eb9;Tratado de el Mercurio Rojo;Balthazar Nightshade;Botánica Arcana;1129;92;3,39;45
aa8478c1-70d4;El Aliento de el Mercurio Rojo;Aurelius Flamel;Alquimia Teórica;1861;1275;4,58;47
6fc3d172-06f7;Sombras sobre la Quintaesencia;Balthazar Crowley;Historia de la Piedra;1215;1015;4,75;27
b98f7a6c-0772;Códice de la Transmutación Infinitas;Seraphine Grimoire;Filosofía Prohibida;1408;1497;2,87;41
0faacdba-ff97;El Aliento de la Transmutación Infinitas;Seraphine Grimoire;Transmutación Metálica;1729;1382;4,62;20
195e2845-fadb;El Enigma de el Mercurio Rojo;Balthazar Flamel;Alquimia Teórica;1811;1334;4,34;49
928a4b6e-dd03;Vórtice de el Sol Negro;Seraphine Sterling;Filosofía Prohibida;1601;1493;4,22;27
3008816f-76fb;Espejos de la Quintaesencia;Aurelius Nightshade;Transmutación Metálica;1456;1010;1,36;31
16a585b0-9387;Vórtice de la Quintaesencia;Balthazar Blackwood;Alquimia Teórica;1751;112;2,34;8
7b3bd561-26da;La Esencia de el Mercurio Rojo;Isolde Crowley;Alquimia Teórica;1327;538;1,78;23
f6d83c30-a306;Sombras sobre la Quintaesencia;Aurelius Blackwood;Alquimia Teórica;1344;299;2,78;3
06cf905f-ea75;Sombras sobre el Mercurio Rojo;Elara Sterling;Historia de la Piedra;1807;1238;2,37;1
c177efea-bc6d;La Esencia de el Sol Negro;Aurelius Vance;Botánica Arcana;1327;861;2,47;4
6be87a63-6c92;Espejos de el Mercurio Rojo;Morgana Flamel;Filosofía Prohibida;1658;1478;2,97;3
a0a5949a-f06e;El Enigma de la Quintaesencia;Elara Vance;Botánica Arcana;1548;870;1,67;6
4213c4d6-a428;Códice de la Transmutación Infinitas;Seraphine Vance;Alquimia Teórica;1304;1480;1,16;14
4496f7f9-0818;El Aliento de las Almas de Plomo;Elara Flamel;Transmutación Metálica;1340;1018;2,9;3
41db7df3-f992;Códice de el Mercurio Rojo;Aurelius Nightshade;Botánica Arcana;1659;1037;3,59;24
537a310e-6642;La Esencia de la Transmutación Infinitas;Isolde Vance;Alquimia Teórica;1880;270;3,13;20
3b76d35b-dded;El Aliento de el Sol Negro;Isolde Blackwood;Filosofía Prohibida;1877;498;4,97;10
8cfd5a05-cf87;Vórtice de el Sol Negro;Isolde Flamel;Historia de la Piedra;1650;957;4,18;8
116e23a4-a8ac;Códice de el Sol Negro;Balthazar Vance;Botánica Arcana;1929;250;2,78;7
8e902207-ab0f;Tratado de las Almas de Plomo;Balthazar Vance;Transmutación Metálica;1563;662;3,84;32
d23097b0-b556;Vórtice de la Quintaesencia;Isolde Nightshade;Historia de la Piedra;1241;842;4,14;38
68e71d61-9426;Códice de el Mercurio Rojo;Caspian Flamel;Botánica Arcana;1866;1320;1,96;14
1c198072-4025;El Aliento de el Mercurio Rojo;Balthazar Grimoire;Botánica Arcana;1760;1158;3,41;34
033cfe3c-35ea;Tratado de la Transmutación Infinitas;Aurelius Blackwood;Historia de la Piedra;1890;1145;4,8;25
ef935c09-15cc;Vórtice de el Azufre Sagrado;Morgana Blackwood;Filosofía Prohibida;1255;628;2,99;19
60768858-cdb4;Vórtice de la Transmutación Infinitas;Morgana Flamel;Alquimia Teórica;1891;916;3,33;5
e386cbad-498d;Vórtice de la Transmutación Infinitas;Aurelius Flamel;Botánica Arcana;1629;427;4,77;8
c2f9b69f-698b;El Aliento de las Almas de Plomo;Elara Flamel;Transmutación Metálica;1970;816;2,3;45
aa346006-eb40;El Aliento de el Sol Negro;Thalric Sterling;Alquimia Teórica;1181;1369;2,1;46
254d4c63-b945;Vórtice de la Transmutación Infinitas;Thalric Flamel;Historia de la Piedra;1881;521;2,62;26
81ee47d6-9448;Espejos de el Mercurio Rojo;Aurelius Nightshade;Filosofía Prohibida;1844;1390;3,73;31
1437c533-8d46;Vórtice de el Azufre Sagrado;Isolde Flamel;Filosofía Prohibida;1633;436;1,84;36
c115ec16-b511;Vórtice de las Almas de Plomo;Balthazar Vance;Transmutación Metálica;1270;875;1,55;33
7d2ce3d9-bb16;Espejos de las Almas de Plomo;Caspian Vance;Filosofía Prohibida;1390;1343;5;5
95291645-ae90;Espejos de el Mercurio Rojo;Seraphine Crowley;Botánica Arcana;1494;1094;1,3;20
a6496a28-8b59;El Enigma de la Transmutación Infinitas;Morgana Crowley;Transmutación Metálica;1667;1343;3,49;12
75c2ed35-921a;Tratado de las Almas de Plomo;Isolde Vance;Alquimia Teórica;1512;735;4,99;31
95380b1f-cc19;Espejos de la Transmutación Infinitas;Isolde Vance;Historia de la Piedra;1167;949;1,77;12
dc811688-e0a1;Vórtice de el Azufre Sagrado;Balthazar Flamel;Alquimia Teórica;1763;1033;4,49;24
eb641956-e82e;Códice de la Transmutación Infinitas;Thalric Crowley;Transmutación Metálica;1957;1297;2,84;20
f90c8639-e0f2;Códice de el Sol Negro;Elara Crowley;Transmutación Metálica;1640;744;4,54;13
dfdb2ccc-0e54;La Esencia de el Sol Negro;Caspian Crowley;Filosofía Prohibida;1496;243;2,18;22
20cb5542-a77a;Espejos de las Almas de Plomo;Morgana Blackwood;Historia de la Piedra;1914;1100;2,48;38
15eb36e6-57be;Sombras sobre el Azufre Sagrado;Balthazar Crowley;Botánica Arcana;1920;811;2,57;30
372b99f4-edf4;Espejos de la Quintaesencia;Morgana Flamel;Historia de la Piedra;1351;445;2,41;29
b412bdc0-f7eb;Tratado de la Quintaesencia;Aurelius Blackwood;Filosofía Prohibida;1270;996;2,29;36
b40c30e0-d956;Sombras sobre el Mercurio Rojo;Elara Grimoire;Filosofía Prohibida;1852;1254;1,09;49
2c829d66-c771;El Aliento de el Mercurio Rojo;Thalric Nightshade;Botánica Arcana;1288;1413;2,9;18
38423a0b-7b2d;Sombras sobre el Sol Negro;Seraphine Nightshade;Transmutación Metálica;1591;1083;2,29;28
ed571074-ba45;El Enigma de la Quintaesencia;Thalric Nightshade;Filosofía Prohibida;1615;420;4,83;25
0ede3add-3dbc;Códice de la Transmutación Infinitas;Elara Grimoire;Alquimia Teórica;1183;231;1,74;29
0f729856-9f51;El Aliento de la Transmutación Infinitas;Elara Vance;Alquimia Teórica;1677;795;2,85;2
a5a63499-78a3;El Enigma de las Almas de Plomo;Aurelius Sterling;Historia de la Piedra;1943;983;4,04;43
06f8ce32-bd38;Sombras sobre la Quintaesencia;Balthazar Vance;Botánica Arcana;1559;712;2,01;49
0c209237-59d6;Tratado de el Azufre Sagrado;Caspian Grimoire;Alquimia Teórica;1428;608;4,63;41
bebddc5c-a7a9;Sombras sobre el Mercurio Rojo;Thalric Crowley;Alquimia Teórica;1652;1114;3,57;28
240a1a76-d6de;El Enigma de las Almas de Plomo;Morgana Nightshade;Botánica Arcana;1967;80;4,8;6
37c2689b-371c;Vórtice de la Transmutación Infinitas;Caspian Flamel;Filosofía Prohibida;1198;147;2,65;25
72aa2fcf-75cd;El Enigma de el Azufre Sagrado;Morgana Crowley;Filosofía Prohibida;1590;389;3,84;17
69fd46f8-2e6b;Espejos de las Almas de Plomo;Isolde Sterling;Alquimia Teórica;1390;642;4,3;10
829b8694-4200;La Esencia de el Azufre Sagrado;Elara Flamel;Filosofía Prohibida;1265;874;3,8;15
e2d00681-2bc5;El Enigma de las Almas de Plomo;Aurelius Flamel;Alquimia Teórica;1830;566;3,26;45
f3ecf8ef-bebb;Espejos de el Mercurio Rojo;Balthazar Nightshade;Filosofía Prohibida;1227;128;1,57;18
94197906-9a74;Sombras sobre la Transmutación Infinitas;Seraphine Sterling;Transmutación Metálica;1179;108;3;0
e5b59870-ec6c;Espejos de el Azufre Sagrado;Aurelius Nightshade;Transmutación Metálica;1684;878;1,77;9
ac9021ce-418c;Espejos de las Almas de Plomo;Aurelius Crowley;Historia de la Piedra;1526;279;4,12;40
d2bd9937-0fe4;Espejos de las Almas de Plomo;Caspian Vance;Botánica Arcana;1249;1358;1,86;50
e24adbce-271a;Sombras sobre las Almas de Plomo;Balthazar Vance;Alquimia Teórica;1942;438;4,89;32
3af7b796-11c7;El Enigma de la Transmutación Infinitas;Morgana Sterling;Botánica Arcana;1701;811;2,27;2
23fe0fa6-c721;Espejos de las Almas de Plomo;Morgana Sterling;Historia de la Piedra;1942;484;1,12;37
316939e7-0c42;El Enigma de la Quintaesencia;Seraphine Crowley;Historia de la Piedra;1413;752;3,62;33
b03e254b-3af7;Tratado de la Transmutación Infinitas;Balthazar Crowley;Alquimia Teórica;1519;138;3,21;11
9a7a62a6-de60;Espejos de la Transmutación Infinitas;Elara Sterling;Historia de la Piedra;1709;631;3,69;8
1374d44c-2790;Códice de el Mercurio Rojo;Balthazar Grimoire;Alquimia Teórica;1183;923;2,68;6
0b0937d5-99e2;Espejos de el Azufre Sagrado;Isolde Nightshade;Transmutación Metálica;1396;1431;2,81;40
8184bca2-9b66;El Aliento de el Azufre Sagrado;Balthazar Flamel;Filosofía Prohibida;1417;957;2,41;49
4d03b8e3-5314;Tratado de la Quintaesencia;Aurelius Vance;Alquimia Teórica;1244;535;1,32;47
b4b97869-a63e;El Aliento de la Quintaesencia;Elara Vance;Historia de la Piedra;1518;512;5;30
7c84d983-55f7;El Enigma de el Azufre Sagrado;Thalric Sterling;Transmutación Metálica;1730;549;2,91;0
fc85bdcd-f9c8;Tratado de la Quintaesencia;Aurelius Crowley;Alquimia Teórica;1536;607;1,11;36
cdd75ef3-369e;Vórtice de la Quintaesencia;Aurelius Flamel;Botánica Arcana;1895;876;2,26;32
ed376306-de2b;El Enigma de el Sol Negro;Balthazar Blackwood;Transmutación Metálica;1423;1367;1,1;29
4cd042a9-6714;Espejos de la Transmutación Infinitas;Elara Sterling;Historia de la Piedra;1423;1441;1,74;33
54b18229-fa16;El Enigma de el Mercurio Rojo;Thalric Vance;Filosofía Prohibida;1733;190;2,69;16
8f467d09-aad7;Tratado de el Azufre Sagrado;Aurelius Grimoire;Alquimia Teórica;1515;654;1,09;33
6a3cf105-8a20;La Esencia de el Mercurio Rojo;Seraphine Vance;Historia de la Piedra;1888;1359;2,62;13
989234b1-5140;El Enigma de el Azufre Sagrado;Balthazar Blackwood;Historia de la Piedra;1277;1296;2,57;39
3e6682d7-6eae;El Enigma de las Almas de Plomo;Elara Grimoire;Alquimia Teórica;1992;417;2,23;0
5d5e35f4-892d;El Aliento de las Almas de Plomo;Aurelius Crowley;Botánica Arcana;1625;1072;1,44;43
4d8a89b3-06e6;Sombras sobre el Sol Negro;Morgana Sterling;Alquimia Teórica;1541;654;4,68;49
de90d1b5-5cae;La Esencia de la Transmutación Infinitas;Balthazar Crowley;Historia de la Piedra;1930;850;2,77;34
b2de61e2-742c;Códice de el Mercurio Rojo;Elara Vance;Transmutación Metálica;1675;1059;1,02;39
c67590b2-6d12;Códice de el Sol Negro;Elara Flamel;Historia de la Piedra;1757;964;1,92;31
e1b8a6c5-da1e;El Enigma de el Azufre Sagrado;Morgana Flamel;Botánica Arcana;1537;953;4,43;41
46fa16b6-a805;El Aliento de las Almas de Plomo;Morgana Vance;Historia de la Piedra;1174;1095;1,61;0
c86ae82f-4716;El Enigma de la Transmutación Infinitas;Elara Vance;Historia de la Piedra;1601;1243;2,84;36
1a03cd1b-0d4d;La Esencia de las Almas de Plomo;Morgana Flamel;Alquimia Teórica;1429;87;3,49;2
b3749cb7-6e1a;El Aliento de el Mercurio Rojo;Aurelius Nightshade;Alquimia Teórica;1893;387;3,07;21
edc39175-fe9a;La Esencia de el Mercurio Rojo;Caspian Flamel;Transmutación Metálica;1959;895;3,57;40
d01dc1f2-e59f;El Aliento de el Sol Negro;Seraphine Blackwood;Alquimia Teórica;1735;1141;1,57;7
8a5f143c-7793;Códice de la Transmutación Infinitas;Morgana Vance;Historia de la Piedra;1979;1049;1,31;47
c6b42a66-42c9;Vórtice de el Sol Negro;Elara Sterling;Botánica Arcana;1857;1050;1,67;9
998ee918-6bef;Sombras sobre el Azufre Sagrado;Balthazar Crowley;Transmutación Metálica;1990;1434;4,82;38
9a3a8eb5-1c38;Tratado de la Quintaesencia;Thalric Grimoire;Historia de la Piedra;1652;611;3,28;45
db21c2d0-9c26;Sombras sobre el Mercurio Rojo;Balthazar Crowley;Alquimia Teórica;1812;140;3,71;22
8c986766-bfa5;El Enigma de el Sol Negro;Balthazar Blackwood;Transmutación Metálica;1189;92;4,5;26
c7451d0f-1a4c;Tratado de el Azufre Sagrado;Isolde Nightshade;Historia de la Piedra;1148;499;3,45;28
31c06a22-7975;El Enigma de el Sol Negro;Morgana Flamel;Transmutación Metálica;1491;1241;1,07;43
a7cf5deb-7891;Tratado de la Transmutación Infinitas;Morgana Sterling;Filosofía Prohibida;1176;304;1,77;36
e41093a1-3ec2;El Aliento de la Transmutación Infinitas;Balthazar Grimoire;Botánica Arcana;1569;300;4,32;12
44b6e41d-2e6d;Sombras sobre la Quintaesencia;Thalric Nightshade;Alquimia Teórica;1779;553;4,15;45
e60f1db1-13aa;Espejos de el Sol Negro;Seraphine Crowley;Alquimia Teórica;1196;1214;1,12;2
8beb052f-1270;Tratado de la Quintaesencia;Elara Crowley;Filosofía Prohibida;1613;691;3;17
3e154330-0104;La Esencia de el Mercurio Rojo;Elara Sterling;Botánica Arcana;1184;1201;3,56;50
81c54171-10d6;El Aliento de el Mercurio Rojo;Seraphine Crowley;Filosofía Prohibida;1673;1204;1,84;11
3fb5a6c3-d133;Códice de el Sol Negro;Seraphine Sterling;Filosofía Prohibida;1990;908;4,55;31
f551f2cb-8615;Códice de la Quintaesencia;Aurelius Blackwood;Historia de la Piedra;1716;365;4,52;46
c153c13a-acbc;Espejos de la Quintaesencia;Aurelius Crowley;Alquimia Teórica;1191;177;2,1;0
40324ee7-2fd5;La Esencia de el Azufre Sagrado;Aurelius Flamel;Historia de la Piedra;2017;1034;4,58;31
f4d5f5d1-e53c;El Aliento de la Quintaesencia;Caspian Grimoire;Filosofía Prohibida;1667;1305;1,43;31
6b37a121-d0ec;El Aliento de la Transmutación Infinitas;Balthazar Vance;Historia de la Piedra;1157;333;4,74;11
de35adb0-12f7;Vórtice de el Sol Negro;Thalric Sterling;Alquimia Teórica;1756;164;1,42;31
96dadbcd-cf52;Espejos de la Quintaesencia;Morgana Vance;Botánica Arcana;1978;892;3,76;27
051a3cb3-1bcd;Códice de el Mercurio Rojo;Balthazar Grimoire;Transmutación Metálica;1717;1463;4,96;35
cb4fa52f-3fb6;El Aliento de la Quintaesencia;Balthazar Blackwood;Historia de la Piedra;1698;1008;3,4;20
8da5512a-2536;La Esencia de la Transmutación Infinitas;Balthazar Grimoire;Transmutación Metálica;1675;1452;1,04;45
b239c2a9-ca69;El Enigma de la Quintaesencia;Seraphine Nightshade;Historia de la Piedra;1123;887;4,85;39
cf10b9ea-11dc;Vórtice de el Mercurio Rojo;Isolde Crowley;Filosofía Prohibida;1335;527;4,25;20
4c414cef-8be1;Sombras sobre la Quintaesencia;Caspian Nightshade;Alquimia Teórica;1509;684;2,08;14
9262721c-f764;La Esencia de el Azufre Sagrado;Thalric Crowley;Historia de la Piedra;1933;559;2,05;8
f1533f61-3ca6;Vórtice de el Azufre Sagrado;Morgana Nightshade;Transmutación Metálica;1283;639;3,07;41
cae9ba67-7974;Sombras sobre la Quintaesencia;Morgana Nightshade;Botánica Arcana;1583;851;1,54;45
c7adce66-a924;La Esencia de el Azufre Sagrado;Isolde Sterling;Alquimia Teórica;1609;848;1,48;27
5fdb823a-57ae;Espejos de el Azufre Sagrado;Caspian Flamel;Filosofía Prohibida;1694;357;3,31;28
cea75d0a-5476;La Esencia de el Mercurio Rojo;Thalric Grimoire;Historia de la Piedra;1868;137;1,06;43
429fb80e-4708;Vórtice de el Sol Negro;Aurelius Flamel;Botánica Arcana;1521;1072;2,94;43
4d03802c-be93;Vórtice de la Transmutación Infinitas;Morgana Sterling;Transmutación Metálica;1882;701;3,51;28
5491529e-3812;El Aliento de el Azufre Sagrado;Elara Vance;Alquimia Teórica;1802;115;4,59;21
24e74202-108e;Códice de la Quintaesencia;Isolde Sterling;Alquimia Teórica;1132;1221;2,27;47
96154649-957e;El Enigma de el Sol Negro;Elara Sterling;Alquimia Teórica;1918;1344;3,25;8
dbd401ae-cd50;La Esencia de la Transmutación Infinitas;Thalric Grimoire;Filosofía Prohibida;1803;1281;2,11;41
cd7c1ace-f3f7;La Esencia de las Almas de Plomo;Aurelius Grimoire;Historia de la Piedra;1203;165;2,93;9
ebffd0d3-56de;Tratado de el Azufre Sagrado;Isolde Flamel;Filosofía Prohibida;1682;990;4,49;16
dabea6df-5274;El Enigma de el Azufre Sagrado;Seraphine Vance;Botánica Arcana;1304;708;4,95;26
2dfa8774-495d;Vórtice de la Transmutación Infinitas;Thalric Flamel;Botánica Arcana;1542;339;3,17;34
6857a3ef-64af;El Enigma de el Mercurio Rojo;Seraphine Crowley;Historia de la Piedra;1907;1363;3,87;22
2983942e-4d99;El Aliento de las Almas de Plomo;Aurelius Blackwood;Botánica Arcana;1173;80;4,22;49
c3445f75-6678;El Aliento de la Transmutación Infinitas;Elara Nightshade;Filosofía Prohibida;1821;1409;3,12;49
6fc09e78-29db;Vórtice de la Quintaesencia;Morgana Flamel;Alquimia Teórica;1476;773;4,03;27
4c1a639a-7c4b;Vórtice de el Sol Negro;Isolde Vance;Botánica Arcana;1126;977;3,93;10
ad1dd982-aa38;El Enigma de el Sol Negro;Aurelius Crowley;Filosofía Prohibida;1950;1426;1,32;27
7a724c0e-b0ce;Sombras sobre la Quintaesencia;Seraphine Nightshade;Alquimia Teórica;1623;1261;2,26;32
6de6c308-8c68;Vórtice de el Mercurio Rojo;Seraphine Blackwood;Filosofía Prohibida;1515;836;2,23;22
7fcf8dd7-c08a;Espejos de el Azufre Sagrado;Balthazar Crowley;Transmutación Metálica;1122;1492;3,14;38
6d19e47f-3089;Códice de la Transmutación Infinitas;Isolde Flamel;Transmutación Metálica;1257;1484;2,05;40
5a00b4d3-1730;Códice de el Sol Negro;Isolde Flamel;Transmutación Metálica;1412;833;2,65;49
fea039f2-d027;La Esencia de el Sol Negro;Caspian Flamel;Historia de la Piedra;1234;1240;1,75;37
850effa3-85b6;Espejos de la Quintaesencia;Aurelius Nightshade;Botánica Arcana;1564;144;1,29;9
f65aa50c-d8df;Espejos de las Almas de Plomo;Caspian Crowley;Alquimia Teórica;1963;1483;1,77;46
be96fb8d-0af8;Espejos de el Sol Negro;Caspian Nightshade;Transmutación Metálica;1599;917;2,81;40
505d0fa2-eca5;El Enigma de la Transmutación Infinitas;Thalric Crowley;Filosofía Prohibida;1100;392;2,77;49
422ba4fd-e8a3;Vórtice de la Transmutación Infinitas;Morgana Grimoire;Alquimia Teórica;1657;620;4,22;39
b1edfa2c-ffa4;Vórtice de el Sol Negro;Caspian Vance;Filosofía Prohibida;1649;507;1,6;50
fb4cd8a1-2d2d;Vórtice de el Mercurio Rojo;Morgana Grimoire;Historia de la Piedra;1692;820;4,25;42
72aa9fcb-58f3;Vórtice de el Azufre Sagrado;Balthazar Flamel;Botánica Arcana;1769;1004;2,64;43
0bcc23df-191e;Espejos de el Mercurio Rojo;Seraphine Nightshade;Alquimia Teórica;1984;1238;1,5;31
86fb1841-75b1;Vórtice de el Mercurio Rojo;Caspian Sterling;Botánica Arcana;1552;1286;1,02;4
bf2f680f-d4f2;Sombras sobre la Quintaesencia;Seraphine Blackwood;Filosofía Prohibida;1731;609;3,29;16
cb5833e0-4584;El Aliento de las Almas de Plomo;Aurelius Grimoire;Historia de la Piedra;1368;1002;4,03;26
a274e394-5387;Códice de la Transmutación Infinitas;Seraphine Nightshade;Botánica Arcana;1324;1465;1,48;33
1fde3540-561c;Sombras sobre las Almas de Plomo;Seraphine Sterling;Filosofía Prohibida;1616;1181;2,51;3
fb07062c-d44c;La Esencia de la Quintaesencia;Aurelius Grimoire;Filosofía Prohibida;1905;826;2,62;16
4c22fb05-c233;La Esencia de las Almas de Plomo;Thalric Flamel;Botánica Arcana;1321;94;4,66;21
d838b03a-c34a;Espejos de la Transmutación Infinitas;Isolde Crowley;Botánica Arcana;1982;238;2,64;22
20f96fe5-4766;Vórtice de la Transmutación Infinitas;Balthazar Flamel;Filosofía Prohibida;1998;460;4,45;4
5ab45e5f-65ba;El Aliento de las Almas de Plomo;Morgana Sterling;Historia de la Piedra;1228;1229;2,68;43
4e13c367-c4ea;La Esencia de las Almas de Plomo;Aurelius Crowley;Filosofía Prohibida;1401;1021;2,56;37
cb3b76e1-0d4d;Códice de la Quintaesencia;Caspian Nightshade;Filosofía Prohibida;1879;1393;4,39;11
607eeb87-d013;El Enigma de el Mercurio Rojo;Elara Sterling;Botánica Arcana;1399;648;1,5;5
925295a9-e3de;Tratado de la Quintaesencia;Balthazar Crowley;Historia de la Piedra;1321;427;2,62;19
cc7cc9bc-7231;La Esencia de la Transmutación Infinitas;Balthazar Grimoire;Transmutación Metálica;1887;1158;4,82;42
1a750a85-768e;Vórtice de el Mercurio Rojo;Balthazar Blackwood;Alquimia Teórica;1127;139;1,96;43
f53d543d-aafc;La Esencia de la Quintaesencia;Balthazar Nightshade;Filosofía Prohibida;1742;291;3,72;42
fcbfc7ef-2a31;Códice de el Azufre Sagrado;Morgana Flamel;Botánica Arcana;1145;1155;2,78;26
aba42f4c-2927;Tratado de el Sol Negro;Caspian Crowley;Filosofía Prohibida;1250;1102;1,92;49
bd783795-d53b;Sombras sobre las Almas de Plomo;Balthazar Nightshade;Filosofía Prohibida;1424;1154;4,94;12
317b8ffd-9151;Códice de las Almas de Plomo;Caspian Flamel;Historia de la Piedra;1659;506;2,4;12
56905e35-aa9f;Espejos de la Quintaesencia;Elara Flamel;Transmutación Metálica;1797;1185;4,14;0
a3e9fedf-3755;El Enigma de el Sol Negro;Isolde Vance;Botánica Arcana;1906;991;3,46;22
7759abd2-e4a7;Sombras sobre el Sol Negro;Aurelius Blackwood;Alquimia Teórica;1373;434;3,68;32
447e3ed7-3d31;Códice de la Transmutación Infinitas;Balthazar Blackwood;Botánica Arcana;1190;1113;3,78;34
7dfe3bb0-9cf8;El Aliento de el Azufre Sagrado;Thalric Grimoire;Filosofía Prohibida;1230;326;1,21;12
2d3aae92-3b32;El Aliento de la Transmutación Infinitas;Morgana Blackwood;Historia de la Piedra;1911;503;1,11;38
3b0b5265-4566;Vórtice de el Azufre Sagrado;Balthazar Grimoire;Historia de la Piedra;1374;174;4,57;34
71006cc3-11c6;Tratado de el Azufre Sagrado;Balthazar Crowley;Filosofía Prohibida;1160;649;1,01;0
b23fe749-ade7;Tratado de el Mercurio Rojo;Seraphine Sterling;Historia de la Piedra;1407;1072;4,75;26
a57788c8-991c;La Esencia de las Almas de Plomo;Seraphine Sterling;Transmutación Metálica;1251;1047;2,08;30
b7b54ccb-04e6;Tratado de el Mercurio Rojo;Seraphine Flamel;Historia de la Piedra;1366;1108;1,09;45
b215bc3c-32a8;Espejos de la Transmutación Infinitas;Thalric Sterling;Transmutación Metálica;1407;504;2,82;28
caa73716-b73d;Vórtice de la Transmutación Infinitas;Elara Nightshade;Transmutación Metálica;1552;152;2,05;49
ab01cf49-4719;Códice de las Almas de Plomo;Isolde Crowley;Alquimia Teórica;1218;303;2,99;25
66670446-7ea9;Sombras sobre la Transmutación Infinitas;Caspian Nightshade;Botánica Arcana;1783;375;2,23;16
0c17fc13-3a23;Sombras sobre el Sol Negro;Balthazar Crowley;Transmutación Metálica;1407;546;3,6;6
284c7c0a-869c;Sombras sobre el Mercurio Rojo;Seraphine Grimoire;Filosofía Prohibida;1386;685;4,26;28
a742cd1e-433c;Vórtice de la Transmutación Infinitas;Caspian Crowley;Filosofía Prohibida;1632;912;1,83;26
04266c20-c96b;Espejos de el Mercurio Rojo;Aurelius Vance;Historia de la Piedra;1869;706;4,59;26
4e014e1f-dc10;Vórtice de las Almas de Plomo;Morgana Flamel;Alquimia Teórica;1307;319;4,78;43
1358b53f-d820;La Esencia de la Quintaesencia;Morgana Nightshade;Transmutación Metálica;1619;1130;3,87;11
5d4c6510-ca62;El Aliento de el Mercurio Rojo;Isolde Crowley;Alquimia Teórica;1793;399;4,9;23
555cf075-336a;Vórtice de las Almas de Plomo;Caspian Sterling;Historia de la Piedra;1800;1398;3,22;47
ee6ce78d-97e4;Vórtice de el Mercurio Rojo;Caspian Sterling;Historia de la Piedra;1859;979;1,88;1
06ef0c4e-be0e;El Enigma de las Almas de Plomo;Thalric Grimoire;Botánica Arcana;1739;1003;2,94;13
86ea4a5b-f386;El Enigma de las Almas de Plomo;Aurelius Vance;Historia de la Piedra;1365;471;2,64;33
5f10f498-a7ce;Sombras sobre las Almas de Plomo;Isolde Crowley;Transmutación Metálica;1573;270;4,84;28
8eedb2c0-6ade;Espejos de el Azufre Sagrado;Isolde Crowley;Alquimia Teórica;1308;582;3,9;24
d5f36c91-bad1;El Enigma de el Sol Negro;Seraphine Vance;Botánica Arcana;1955;263;2,33;42
a573a516-270c;Vórtice de la Quintaesencia;Aurelius Sterling;Alquimia Teórica;1903;104;2,24;7
6d978171-7778;Códice de las Almas de Plomo;Aurelius Flamel;Botánica Arcana;1123;1061;4,35;4
0572e556-97c4;Sombras sobre las Almas de Plomo;Elara Vance;Filosofía Prohibida;1112;734;2,92;42
291d8fa6-cd6e;Tratado de las Almas de Plomo;Balthazar Vance;Historia de la Piedra;1752;261;1,49;25
6a228577-7e4a;Tratado de la Quintaesencia;Thalric Grimoire;Alquimia Teórica;1506;1050;3,23;20
b67e5c4d-681c;Códice de el Mercurio Rojo;Morgana Nightshade;Transmutación Metálica;1786;1274;1,36;35
6ba6c8cb-40ad;La Esencia de las Almas de Plomo;Elara Crowley;Botánica Arcana;1326;570;1,54;41
a0d012d4-5c45;Sombras sobre el Mercurio Rojo;Balthazar Grimoire;Transmutación Metálica;1386;1364;2,64;14
70fb3c7d-6014;El Aliento de la Quintaesencia;Seraphine Sterling;Historia de la Piedra;1898;869;2,8;33
4f3323c5-7d71;La Esencia de la Transmutación Infinitas;Thalric Crowley;Filosofía Prohibida;1841;99;1,22;37
bde25548-5fcc;Espejos de el Mercurio Rojo;Thalric Sterling;Botánica Arcana;1377;1276;3,61;29
e94b1c45-41b6;Tratado de la Transmutación Infinitas;Caspian Vance;Alquimia Teórica;1304;370;2,46;31
124a195e-94f7;Sombras sobre la Transmutación Infinitas;Aurelius Blackwood;Transmutación Metálica;1979;1462;2,13;3
1eb65a3d-b62f;El Enigma de las Almas de Plomo;Balthazar Crowley;Historia de la Piedra;1975;1040;3,34;22
188d48e7-647f;Sombras sobre el Azufre Sagrado;Balthazar Grimoire;Historia de la Piedra;1649;984;1,94;12
05a0efe5-7715;Sombras sobre el Sol Negro;Thalric Grimoire;Transmutación Metálica;1985;1009;2,89;32
8ae17d3a-804b;Sombras sobre la Quintaesencia;Morgana Grimoire;Filosofía Prohibida;1240;758;3,86;34
0f14b460-79bf;El Enigma de el Sol Negro;Isolde Grimoire;Botánica Arcana;1691;140;1,12;14
b3ac5cd1-0885;Tratado de el Mercurio Rojo;Isolde Blackwood;Alquimia Teórica;1655;644;1,91;50
1b7f7e61-ff63;Espejos de el Sol Negro;Seraphine Flamel;Filosofía Prohibida;1399;706;2,99;28
d46ab8ce-b9c5;Códice de la Transmutación Infinitas;Balthazar Grimoire;Filosofía Prohibida;1847;293;2,2;30
4f94aa1b-bf12;Sombras sobre la Transmutación Infinitas;Balthazar Grimoire;Alquimia Teórica;1996;641;2,75;21
46a61e95-db8a;El Enigma de las Almas de Plomo;Thalric Crowley;Alquimia Teórica;1542;891;2,35;49
90645637-356d;El Enigma de la Quintaesencia;Caspian Grimoire;Botánica Arcana;1933;291;3,67;14
b50aca87-2a76;Vórtice de el Azufre Sagrado;Morgana Vance;Botánica Arcana;1175;798;2,43;39
f731fb13-130c;Sombras sobre las Almas de Plomo;Isolde Nightshade;Filosofía Prohibida;1827;1478;1,43;32
5febbeaf-fd5b;Tratado de el Mercurio Rojo;Thalric Blackwood;Transmutación Metálica;1623;1373;1,38;40
853a8e63-4f94;El Aliento de la Quintaesencia;Caspian Blackwood;Historia de la Piedra;1142;743;2,18;35
5c7b278a-c1a3;El Aliento de el Mercurio Rojo;Elara Crowley;Filosofía Prohibida;1775;288;1,46;17
b5ce86e3-9753;Tratado de la Quintaesencia;Seraphine Nightshade;Filosofía Prohibida;1562;1419;3,54;40
63b99cfd-561a;Códice de la Quintaesencia;Caspian Nightshade;Historia de la Piedra;1687;223;1,54;29
a9c9a13a-ee3b;Sombras sobre el Sol Negro;Thalric Vance;Transmutación Metálica;1414;1136;4,06;44
02d04994-a9f3;Vórtice de la Quintaesencia;Isolde Sterling;Botánica Arcana;1823;88;2,81;42
63a08375-3650;El Aliento de la Transmutación Infinitas;Thalric Crowley;Historia de la Piedra;1526;132;3,5;11
77b7918e-59b2;El Enigma de la Quintaesencia;Caspian Nightshade;Transmutación Metálica;1461;1073;2,81;37
d17b553a-2e2e;Espejos de el Azufre Sagrado;Elara Blackwood;Botánica Arcana;1975;213;4,52;37
449f4a7a-5a93;Códice de la Transmutación Infinitas;Caspian Vance;Historia de la Piedra;1591;683;2,78;0
6a0bc982-01c6;Códice de el Sol Negro;Isolde Blackwood;Filosofía Prohibida;1620;907;4,28;24
e5ea4246-9a5d;Espejos de la Transmutación Infinitas;Caspian Crowley;Botánica Arcana;1778;1330;3,4;37
707c5b62-6f36;Espejos de el Sol Negro;Morgana Blackwood;Alquimia Teórica;1145;1335;4,27;46
d4b49774-f7eb;Tratado de la Transmutación Infinitas;Elara Sterling;Filosofía Prohibida;1749;1041;1,96;0
d5bdb36f-bd70;El Enigma de las Almas de Plomo;Isolde Flamel;Transmutación Metálica;1642;696;2,39;27
ff660346-f4d9;La Esencia de las Almas de Plomo;Caspian Crowley;Botánica Arcana;1557;668;1,46;27
e1bdcaaa-469d;Sombras sobre el Azufre Sagrado;Isolde Sterling;Filosofía Prohibida;1142;977;4,83;50
f9453b5f-1ea4;La Esencia de la Transmutación Infinitas;Seraphine Vance;Filosofía Prohibida;1277;1116;1,74;45
63c2e3f5-fabe;Sombras sobre la Transmutación Infinitas;Seraphine Nightshade;Transmutación Metálica;1796;403;2,96;34
7963df2b-97c6;Códice de la Quintaesencia;Morgana Crowley;Filosofía Prohibida;1354;489;4,33;41
7148d5dc-db73;La Esencia de la Transmutación Infinitas;Seraphine Crowley;Alquimia Teórica;1420;757;4,21;16
b049376a-0c03;Vórtice de las Almas de Plomo;Caspian Blackwood;Filosofía Prohibida;1997;205;2,83;9
894bdbc8-3b8d;Códice de la Quintaesencia;Thalric Vance;Filosofía Prohibida;1321;1299;4,68;42
fe240430-42b4;Tratado de la Transmutación Infinitas;Balthazar Vance;Alquimia Teórica;1558;1227;3,87;26
4bc682c8-0efe;Códice de la Transmutación Infinitas;Isolde Vance;Alquimia Teórica;1218;1116;1,35;14
2b35705b-87b1;La Esencia de la Transmutación Infinitas;Balthazar Blackwood;Filosofía Prohibida;1601;284;3,67;4
41a175e4-f4da;Sombras sobre la Transmutación Infinitas;Elara Vance;Historia de la Piedra;1379;167;2,98;7
1d3b9c72-b053;El Enigma de la Transmutación Infinitas;Caspian Nightshade;Historia de la Piedra;1961;1265;4,47;31
f9ef9a6f-fa11;La Esencia de las Almas de Plomo;Morgana Flamel;Botánica Arcana;1125;1427;1,8;40
51aa9409-7fb6;El Aliento de el Mercurio Rojo;Thalric Nightshade;Botánica Arcana;1189;1064;4,27;32
4a8a6c6a-f882;El Enigma de la Quintaesencia;Aurelius Nightshade;Transmutación Metálica;1760;1103;4,51;37
fd89e2f2-d52e;Vórtice de la Transmutación Infinitas;Morgana Grimoire;Alquimia Teórica;1891;1161;1,25;37
f5d5f72a-0a8f;Sombras sobre las Almas de Plomo;Morgana Crowley;Filosofía Prohibida;1531;1444;2,37;36
e5210bd7-bef8;El Aliento de la Transmutación Infinitas;Balthazar Flamel;Alquimia Teórica;1671;260;4,38;33
e3661017-8689;Tratado de el Mercurio Rojo;Elara Vance;Historia de la Piedra;1398;487;1,04;2
c4b8654d-45a7;El Enigma de el Azufre Sagrado;Thalric Vance;Botánica Arcana;1297;822;2,92;38
3318cab1-b836;Códice de la Transmutación Infinitas;Morgana Sterling;Transmutación Metálica;1738;392;4,41;8
7b670770-58be;Tratado de el Mercurio Rojo;Isolde Flamel;Transmutación Metálica;1598;246;3,03;49
2868418a-df50;El Enigma de el Mercurio Rojo;Isolde Crowley;Alquimia Teórica;1223;599;1,13;29
590145ed-4010;Vórtice de el Azufre Sagrado;Elara Sterling;Transmutación Metálica;1857;305;4,29;49
ac6a8443-993c;El Enigma de el Azufre Sagrado;Morgana Flamel;Filosofía Prohibida;2003;370;1,95;35
9bb83579-6de9;El Aliento de la Transmutación Infinitas;Thalric Sterling;Filosofía Prohibida;1945;275;1,89;32
4546eefa-42f5;Sombras sobre la Quintaesencia;Seraphine Grimoire;Transmutación Metálica;1841;647;4,2;20
2380f0e5-d15e;Vórtice de el Sol Negro;Seraphine Blackwood;Alquimia Teórica;1472;1078;4,87;28
051d6e85-70d5;Sombras sobre el Mercurio Rojo;Caspian Vance;Historia de la Piedra;1864;819;2,06;44
b3c7eab3-1135;Tratado de el Sol Negro;Caspian Vance;Historia de la Piedra;1756;665;3,89;15
c308c6fc-8e4f;Vórtice de el Mercurio Rojo;Aurelius Grimoire;Transmutación Metálica;1109;1251;4,7;8
77a93189-437c;Vórtice de la Transmutación Infinitas;Isolde Crowley;Alquimia Teórica;1593;1298;4,41;19
1f82aaed-15ec;La Esencia de el Azufre Sagrado;Thalric Crowley;Transmutación Metálica;1627;1009;3,52;24
2536ef49-8c6b;La Esencia de la Quintaesencia;Balthazar Crowley;Botánica Arcana;1136;188;2,76;28
11c66cc8-a99f;El Aliento de la Transmutación Infinitas;Isolde Vance;Alquimia Teórica;1951;1312;2,45;14
33e7decb-583e;Vórtice de la Transmutación Infinitas;Aurelius Flamel;Filosofía Prohibida;1367;911;4,65;42
791242fd-34e6;El Aliento de el Sol Negro;Balthazar Grimoire;Botánica Arcana;1146;1440;3,9;44
835b3265-af78;El Enigma de las Almas de Plomo;Aurelius Crowley;Filosofía Prohibida;1627;1457;2,62;47
a5033e33-8875;Códice de el Azufre Sagrado;Balthazar Sterling;Botánica Arcana;1717;1095;4,61;4
dcc8a04a-3b0d;Tratado de las Almas de Plomo;Caspian Flamel;Historia de la Piedra;1136;935;1,92;22
0014223b-0155;Códice de la Quintaesencia;Elara Crowley;Transmutación Metálica;1993;1005;2,18;48
3f8b5c64-fc05;El Enigma de la Transmutación Infinitas;Isolde Nightshade;Alquimia Teórica;1183;721;2,88;49
6e97ef40-da29;Espejos de las Almas de Plomo;Morgana Crowley;Alquimia Teórica;1153;1319;4,43;45
55442560-a302;Vórtice de la Transmutación Infinitas;Elara Nightshade;Alquimia Teórica;1419;634;1,77;4
eee631e1-5990;Sombras sobre la Quintaesencia;Thalric Flamel;Alquimia Teórica;1811;719;4,78;6
8286cf6d-e544;Espejos de el Sol Negro;Elara Nightshade;Alquimia Teórica;1662;849;3,12;40
5b0d511a-7f30;Espejos de las Almas de Plomo;Morgana Nightshade;Alquimia Teórica;2009;285;3,26;49
243d170a-e3b3;Espejos de la Quintaesencia;Isolde Nightshade;Alquimia Teórica;1224;555;3,39;28
0e9e3107-8e33;Tratado de la Transmutación Infinitas;Seraphine Blackwood;Transmutación Metálica;2003;323;4,01;23
8110dbd9-1c2c;El Aliento de el Sol Negro;Caspian Flamel;Historia de la Piedra;1924;992;1,32;36
1a2ddcca-2a17;El Enigma de el Azufre Sagrado;Morgana Blackwood;Historia de la Piedra;1531;437;1,82;32
a8b43b62-ca1f;El Aliento de el Sol Negro;Balthazar Flamel;Alquimia Teórica;1593;510;3,16;12
99406e60-07fb;Códice de el Azufre Sagrado;Thalric Grimoire;Botánica Arcana;1204;605;4,79;25
6c904bd8-7b8a;El Aliento de las Almas de Plomo;Caspian Crowley;Filosofía Prohibida;1363;581;3,49;1
c57be557-91a3;Códice de la Transmutación Infinitas;Elara Crowley;Transmutación Metálica;1104;542;3,9;24
7d0e5eec-9028;Códice de la Transmutación Infinitas;Elara Sterling;Alquimia Teórica;1216;579;1,65;24
2713b3ae-9d88;El Aliento de la Quintaesencia;Balthazar Nightshade;Botánica Arcana;1315;735;4,98;45
16ec1e84-9970;La Esencia de la Quintaesencia;Elara Blackwood;Botánica Arcana;1747;1284;2,83;26
11ae0ca1-18a2;El Aliento de el Mercurio Rojo;Aurelius Sterling;Alquimia Teórica;1622;381;4,83;7
03cf6227-aa4f;El Enigma de el Azufre Sagrado;Thalric Crowley;Alquimia Teórica;1840;1361;3,29;21
1de7bec2-1b4a;El Enigma de la Transmutación Infinitas;Isolde Sterling;Transmutación Metálica;1816;738;1,48;47
370005fa-d537;El Enigma de la Transmutación Infinitas;Isolde Nightshade;Botánica Arcana;1193;285;1,36;49
9fafa191-4d6a;El Aliento de el Sol Negro;Elara Nightshade;Filosofía Prohibida;1443;304;2,58;14
20877c7e-1518;Sombras sobre las Almas de Plomo;Morgana Flamel;Transmutación Metálica;1988;1283;3,6;8
4aafefc7-665e;Espejos de la Quintaesencia;Aurelius Blackwood;Transmutación Metálica;1778;1254;3,83;31
59471ede-6582;El Aliento de el Mercurio Rojo;Aurelius Sterling;Transmutación Metálica;1437;1051;2,34;9
dfb97df1-a142;La Esencia de las Almas de Plomo;Seraphine Nightshade;Historia de la Piedra;1659;106;3,97;45
8c805403-a9a7;Vórtice de el Mercurio Rojo;Morgana Grimoire;Historia de la Piedra;1111;1075;5;40
253dd435-97aa;Espejos de la Transmutación Infinitas;Aurelius Flamel;Filosofía Prohibida;1927;1338;3,69;0
5d5cb372-a497;El Enigma de el Azufre Sagrado;Isolde Grimoire;Filosofía Prohibida;1203;334;3,62;21
7e3404df-1354;Códice de el Sol Negro;Caspian Blackwood;Alquimia Teórica;1820;530;3,15;19
b0b30a6e-4153;El Aliento de las Almas de Plomo;Morgana Grimoire;Filosofía Prohibida;1141;1463;3,4;12
81a33f2d-bb3e;Tratado de las Almas de Plomo;Seraphine Blackwood;Alquimia Teórica;1613;666;4,67;28
9d5955d7-7b79;Espejos de el Mercurio Rojo;Aurelius Nightshade;Botánica Arcana;1203;263;2,67;7
d2456ef0-abdb;Códice de la Transmutación Infinitas;Balthazar Grimoire;Alquimia Teórica;1759;1381;2,19;12
750deca2-c3c8;El Aliento de la Transmutación Infinitas;Aurelius Grimoire;Botánica Arcana;1899;662;4,23;15
7a40e4ed-1a45;Espejos de la Quintaesencia;Caspian Flamel;Historia de la Piedra;1757;1139;2,92;45
05fa5d42-fda2;El Enigma de el Azufre Sagrado;Elara Blackwood;Botánica Arcana;1509;261;3,31;39
3edddd43-d26f;Vórtice de la Transmutación Infinitas;Balthazar Grimoire;Filosofía Prohibida;1525;1210;1,85;2
ce35b60f-cb3d;Espejos de el Sol Negro;Balthazar Sterling;Alquimia Teórica;1753;700;3,08;27
8dd2d709-e5a5;El Enigma de la Transmutación Infinitas;Isolde Vance;Filosofía Prohibida;1358;826;1,77;25
e0140555-994d;Tratado de la Transmutación Infinitas;Isolde Flamel;Historia de la Piedra;1529;1162;3,79;36
9415449f-f674;Sombras sobre la Quintaesencia;Isolde Vance;Botánica Arcana;1678;1184;2,36;31
5fc7d1b3-0a8b;Tratado de el Mercurio Rojo;Balthazar Crowley;Transmutación Metálica;1950;857;1,09;46
cb23f3b7-aebb;Códice de el Mercurio Rojo;Elara Blackwood;Historia de la Piedra;1442;781;2,58;43
bfc1d58e-a21b;Sombras sobre el Azufre Sagrado;Thalric Grimoire;Filosofía Prohibida;1244;1479;1,31;14
cbf73c26-55a4;La Esencia de la Transmutación Infinitas;Caspian Nightshade;Filosofía Prohibida;1310;330;3,99;17
8ccf1d22-0df9;Tratado de las Almas de Plomo;Thalric Nightshade;Transmutación Metálica;1469;848;3,94;43
b4725401-54aa;Sombras sobre el Azufre Sagrado;Elara Blackwood;Alquimia Teórica;1786;1387;1,85;44
3ce8d054-1100;El Enigma de la Transmutación Infinitas;Caspian Flamel;Botánica Arcana;1524;215;3,9;27
46a4f9fc-d8b3;Códice de la Quintaesencia;Aurelius Flamel;Alquimia Teórica;1599;1408;1,58;21
a48bd6d5-a401;Vórtice de el Mercurio Rojo;Isolde Nightshade;Filosofía Prohibida;1525;839;3,67;50
3c237615-db85;Tratado de las Almas de Plomo;Isolde Vance;Alquimia Teórica;1849;561;2,73;49
211b2044-a712;Códice de las Almas de Plomo;Elara Crowley;Transmutación Metálica;1972;1377;2,57;42
6a99b4a6-bdcf;El Aliento de la Quintaesencia;Elara Sterling;Alquimia Teórica;1631;946;2,67;3
4f6a2765-d27d;El Aliento de la Transmutación Infinitas;Isolde Grimoire;Filosofía Prohibida;1183;796;2,55;22
34d0fd35-20d3;La Esencia de el Sol Negro;Thalric Flamel;Historia de la Piedra;1608;414;2,39;29
adad8a62-3bb5;Códice de la Quintaesencia;Caspian Sterling;Botánica Arcana;1544;1483;1,74;25
3fecf549-12d5;Sombras sobre el Azufre Sagrado;Caspian Sterling;Filosofía Prohibida;1100;266;4,7;45
851ea46a-6e60;La Esencia de el Mercurio Rojo;Morgana Nightshade;Botánica Arcana;1384;1165;2,65;38
712caa8a-bfcc;Espejos de la Transmutación Infinitas;Balthazar Sterling;Alquimia Teórica;1927;1349;4,97;22
951c4e04-457a;Tratado de las Almas de Plomo;Balthazar Sterling;Filosofía Prohibida;1752;98;2,01;46
1409e5c3-057a;El Enigma de el Sol Negro;Balthazar Vance;Transmutación Metálica;1443;1149;3,22;5
16d314e7-6222;Códice de las Almas de Plomo;Balthazar Blackwood;Transmutación Metálica;1851;582;1,89;10
1f3fb5d1-c891;Espejos de el Mercurio Rojo;Aurelius Blackwood;Alquimia Teórica;1702;351;4,41;50
f1c2cc22-9b66;El Aliento de la Transmutación Infinitas;Balthazar Vance;Transmutación Metálica;1359;1432;1,9;45
327c766a-f206;Sombras sobre el Azufre Sagrado;Thalric Vance;Transmutación Metálica;1225;218;3,31;4
4e7cb003-6431;Vórtice de el Sol Negro;Isolde Grimoire;Botánica Arcana;1209;785;4,33;27
0f6cef33-391b;Espejos de la Transmutación Infinitas;Aurelius Nightshade;Filosofía Prohibida;1530;1257;1,21;49
63ea3e2b-f94b;El Enigma de la Quintaesencia;Elara Vance;Transmutación Metálica;1598;1158;3,2;38
aca72968-0b34;Vórtice de las Almas de Plomo;Aurelius Blackwood;Filosofía Prohibida;1795;654;2,87;37
750a54f4-be75;El Aliento de el Mercurio Rojo;Morgana Sterling;Historia de la Piedra;1873;859;4;25
97e04afe-43e9;Sombras sobre el Mercurio Rojo;Balthazar Vance;Botánica Arcana;1788;1323;4,25;19
b075fc29-201f;Sombras sobre la Quintaesencia;Elara Vance;Transmutación Metálica;1992;666;1,67;16
68756560-555d;Sombras sobre el Azufre Sagrado;Caspian Flamel;Botánica Arcana;1168;580;2,05;44
f686fc93-56f4;Códice de el Azufre Sagrado;Morgana Vance;Historia de la Piedra;1614;1441;4,25;8
4785cc69-0802;El Aliento de el Azufre Sagrado;Morgana Nightshade;Botánica Arcana;1542;916;3,56;31
c689b2ea-bec3;Espejos de las Almas de Plomo;Balthazar Blackwood;Filosofía Prohibida;1986;477;4,34;40
6f70cd86-b326;El Enigma de las Almas de Plomo;Thalric Crowley;Historia de la Piedra;1100;1036;1,96;41
acc6487c-5457;Tratado de las Almas de Plomo;Aurelius Grimoire;Filosofía Prohibida;1533;193;3,39;8
e21b76d8-39b7;Códice de el Azufre Sagrado;Balthazar Crowley;Historia de la Piedra;1624;983;1,54;22
1791dd88-5bb3;Espejos de el Mercurio Rojo;Aurelius Flamel;Filosofía Prohibida;1815;1237;4,52;1
c8c65761-2b5d;Espejos de el Azufre Sagrado;Morgana Flamel;Filosofía Prohibida;1780;611;3,1;50
ad5d543f-d1f6;Códice de la Transmutación Infinitas;Seraphine Grimoire;Historia de la Piedra;1705;583;1,76;40
2c008710-a526;Espejos de el Azufre Sagrado;Aurelius Crowley;Filosofía Prohibida;1684;1206;1,35;8
107f3bc9-f1b5;El Aliento de las Almas de Plomo;Aurelius Crowley;Alquimia Teórica;1375;1425;1,82;20
d73422da-6262;El Aliento de el Azufre Sagrado;Thalric Sterling;Botánica Arcana;1774;1260;2,21;38
3d5d9efc-fdfc;Espejos de el Azufre Sagrado;Thalric Blackwood;Botánica Arcana;1571;767;4,28;21
ec57a9f0-3a2b;El Enigma de la Quintaesencia;Balthazar Nightshade;Transmutación Metálica;1620;1224;1,86;16
19241e2a-2567;Códice de el Azufre Sagrado;Isolde Sterling;Filosofía Prohibida;1468;737;2,86;32
346154e6-bde3;Vórtice de el Mercurio Rojo;Aurelius Sterling;Alquimia Teórica;1215;960;2,2;30
af348741-d6b4;La Esencia de la Transmutación Infinitas;Balthazar Flamel;Filosofía Prohibida;1601;1084;4,85;22
f6dc47d3-db9e;Vórtice de la Quintaesencia;Thalric Nightshade;Alquimia Teórica;1242;1492;2,58;46
c25d2c5d-4a7d;Espejos de las Almas de Plomo;Balthazar Flamel;Botánica Arcana;1612;1387;3,08;14
c5a11e45-a3f2;Sombras sobre las Almas de Plomo;Aurelius Crowley;Botánica Arcana;1614;1403;1,5;45
a8852bc7-4503;Códice de el Sol Negro;Balthazar Blackwood;Alquimia Teórica;2003;461;4,38;6
c088bd72-5e4b;Espejos de el Mercurio Rojo;Caspian Crowley;Alquimia Teórica;1414;1080;3,25;41
15f2054d-a8ac;Vórtice de el Azufre Sagrado;Morgana Vance;Historia de la Piedra;1978;1081;2,96;45
573c5b6f-dbae;El Enigma de las Almas de Plomo;Isolde Blackwood;Botánica Arcana;1187;919;4,8;16
7aeba5be-47df;Sombras sobre la Transmutación Infinitas;Morgana Vance;Historia de la Piedra;1863;121;3,79;46
ddf9843f-4594;Tratado de el Mercurio Rojo;Seraphine Crowley;Botánica Arcana;1124;348;4,73;50
d33c1284-3704;La Esencia de las Almas de Plomo;Morgana Blackwood;Transmutación Metálica;1755;1036;1,18;9
b294bfe1-a5cb;Tratado de las Almas de Plomo;Aurelius Crowley;Alquimia Teórica;1473;1429;4,24;49
760be1b4-b24e;Espejos de el Mercurio Rojo;Caspian Flamel;Botánica Arcana;1589;1369;2,75;24
6f4efa86-472c;Vórtice de el Azufre Sagrado;Caspian Sterling;Botánica Arcana;1495;175;1,71;36
72d4d6c4-6335;Espejos de la Quintaesencia;Elara Nightshade;Alquimia Teórica;1864;200;1,72;41
07978e75-d47d;El Enigma de las Almas de Plomo;Seraphine Nightshade;Filosofía Prohibida;1199;715;1,75;28
55a14bca-dcf9;Sombras sobre el Sol Negro;Morgana Grimoire;Historia de la Piedra;1619;1316;1,13;16
79f36a32-6564;Tratado de el Mercurio Rojo;Elara Sterling;Historia de la Piedra;1370;866;2,87;9
01b61b95-4cf5;Espejos de el Azufre Sagrado;Caspian Nightshade;Historia de la Piedra;1824;136;1,32;46
66e6b2c9-92fc;El Enigma de el Azufre Sagrado;Aurelius Nightshade;Transmutación Metálica;1736;214;4,81;43
8c95ffb9-afa3;Sombras sobre las Almas de Plomo;Caspian Grimoire;Botánica Arcana;1471;1187;3,9;10
cdfe3553-2641;Tratado de la Transmutación Infinitas;Balthazar Sterling;Historia de la Piedra;1483;217;1,34;47
3de75588-6fc6;Espejos de la Transmutación Infinitas;Seraphine Blackwood;Filosofía Prohibida;1657;569;4,14;39
0055da80-179f;Códice de el Azufre Sagrado;Thalric Grimoire;Filosofía Prohibida;1484;112;2,33;4
0cabdbd8-d810;Sombras sobre el Azufre Sagrado;Balthazar Crowley;Transmutación Metálica;1730;1080;1,92;2
bc35ba9f-41f6;Espejos de el Azufre Sagrado;Thalric Flamel;Transmutación Metálica;1647;501;2,09;27
2d351748-ad18;Sombras sobre las Almas de Plomo;Morgana Vance;Historia de la Piedra;2000;345;4,15;34
50e84e76-1d7a;Vórtice de la Transmutación Infinitas;Thalric Blackwood;Filosofía Prohibida;1845;279;2,35;13
272e6133-b1a4;Vórtice de la Quintaesencia;Seraphine Blackwood;Historia de la Piedra;1797;237;1,19;37
15e565c3-cb72;Espejos de el Azufre Sagrado;Isolde Vance;Historia de la Piedra;1512;1009;3,31;15
1bfeed97-9bd5;La Esencia de el Azufre Sagrado;Thalric Sterling;Filosofía Prohibida;1747;1090;2,52;30
70ad79fb-42ff;La Esencia de el Azufre Sagrado;Balthazar Sterling;Alquimia Teórica;1543;1387;3,92;12
b4c934d2-ebe5;El Aliento de el Mercurio Rojo;Elara Grimoire;Transmutación Metálica;1183;498;1,41;31
286a1332-da7b;Tratado de las Almas de Plomo;Morgana Sterling;Botánica Arcana;1148;1345;4,3;16
c06fa148-b19d;Códice de el Mercurio Rojo;Caspian Grimoire;Historia de la Piedra;1261;1418;4,92;40
f13a7ab2-c930;Tratado de la Quintaesencia;Thalric Nightshade;Botánica Arcana;1376;179;4,22;20
c1cfdb69-2922;Vórtice de el Azufre Sagrado;Isolde Crowley;Botánica Arcana;1968;1096;1,58;43
d40818c6-1cab;La Esencia de las Almas de Plomo;Elara Sterling;Botánica Arcana;1847;474;3,15;40
e8d9d5ca-563e;Vórtice de la Transmutación Infinitas;Elara Blackwood;Botánica Arcana;1271;247;1;6
3147cbed-7b3b;Vórtice de el Sol Negro;Morgana Crowley;Alquimia Teórica;2008;1416;3,61;10
785926a1-a194;La Esencia de las Almas de Plomo;Balthazar Blackwood;Historia de la Piedra;1807;744;2,27;13
9bcbd697-4303;Vórtice de las Almas de Plomo;Seraphine Flamel;Filosofía Prohibida;1570;1499;1,77;22
e7e25d1c-2198;El Enigma de el Sol Negro;Balthazar Grimoire;Historia de la Piedra;1185;426;3,63;0
64a7f0e7-4b54;La Esencia de la Quintaesencia;Thalric Crowley;Botánica Arcana;1820;367;1,85;15
90d0a77a-e7a2;Tratado de las Almas de Plomo;Balthazar Blackwood;Alquimia Teórica;1727;1159;1,62;49
2e40b1b1-d030;Espejos de el Azufre Sagrado;Isolde Crowley;Historia de la Piedra;1939;926;2,51;19
e8424d36-a5a6;Códice de el Azufre Sagrado;Balthazar Grimoire;Historia de la Piedra;1339;225;2,3;15
c6988be1-1466;Sombras sobre la Quintaesencia;Thalric Blackwood;Botánica Arcana;1574;148;3,68;35
7464f2e4-f386;Sombras sobre el Azufre Sagrado;Thalric Crowley;Botánica Arcana;1195;148;1,23;23
061a4940-be6d;Sombras sobre la Quintaesencia;Elara Vance;Alquimia Teórica;1773;627;3,61;27
8b93e6b1-1174;El Aliento de el Azufre Sagrado;Thalric Crowley;Filosofía Prohibida;1675;1456;4,64;18
3cb03300-fe05;Espejos de el Mercurio Rojo;Caspian Flamel;Historia de la Piedra;1960;991;2,29;35
248a8ecd-92f3;El Enigma de las Almas de Plomo;Balthazar Sterling;Botánica Arcana;1165;965;1,75;33
f49a6ca9-d677;Vórtice de las Almas de Plomo;Balthazar Crowley;Filosofía Prohibida;1127;240;2,09;35
60280f7c-b802;Códice de la Transmutación Infinitas;Seraphine Grimoire;Transmutación Metálica;1202;610;4,78;29
7b056769-aed4;Vórtice de el Mercurio Rojo;Elara Grimoire;Filosofía Prohibida;1515;1478;1,4;21
3f4e5a6c-b11f;La Esencia de la Transmutación Infinitas;Elara Flamel;Alquimia Teórica;1146;711;3,29;5
7d2f9a37-964b;Espejos de el Sol Negro;Elara Crowley;Botánica Arcana;1145;114;2,15;44
1b11e3bc-6ad8;El Aliento de la Transmutación Infinitas;Morgana Blackwood;Alquimia Teórica;1215;1294;1,03;47
8bea5207-f968;Tratado de la Quintaesencia;Aurelius Blackwood;Alquimia Teórica;1367;1032;1,39;31
d1ed2f92-58fd;Vórtice de la Quintaesencia;Isolde Vance;Transmutación Metálica;1743;1339;1,72;38
0a4a8e1d-2e4c;Espejos de las Almas de Plomo;Morgana Blackwood;Historia de la Piedra;2004;1430;3,19;14
60fc5c09-43b0;La Esencia de la Quintaesencia;Seraphine Crowley;Filosofía Prohibida;2009;948;1,9;10
bc739647-8c9f;El Aliento de la Transmutación Infinitas;Thalric Sterling;Botánica Arcana;1165;121;4,69;26
f42e94cf-81d4;La Esencia de el Sol Negro;Caspian Grimoire;Historia de la Piedra;1721;1258;1,25;6
00c43346-38dc;Sombras sobre las Almas de Plomo;Morgana Flamel;Transmutación Metálica;1673;389;2,33;1
655a3b9e-8004;La Esencia de la Transmutación Infinitas;Thalric Blackwood;Alquimia Teórica;1949;1079;3,03;13
4e6f9a41-d3d0;Tratado de la Transmutación Infinitas;Elara Sterling;Historia de la Piedra;1677;1115;2,79;22
b742af19-4d55;La Esencia de el Sol Negro;Balthazar Nightshade;Transmutación Metálica;1511;279;3,82;47
a66bb217-fc8b;Códice de el Mercurio Rojo;Seraphine Blackwood;Filosofía Prohibida;1377;268;4,63;42
63c09aad-da54;El Enigma de el Mercurio Rojo;Isolde Crowley;Historia de la Piedra;1737;1182;3,24;21
acabb7f7-1341;Espejos de el Mercurio Rojo;Aurelius Blackwood;Transmutación Metálica;1827;324;3,09;19
c3f3136f-f887;El Aliento de la Transmutación Infinitas;Elara Blackwood;Filosofía Prohibida;1899;275;4,69;50
efb858a2-a905;Sombras sobre las Almas de Plomo;Seraphine Blackwood;Transmutación Metálica;1836;1362;1,96;47
37b983db-b4f7;Sombras sobre el Azufre Sagrado;Isolde Crowley;Botánica Arcana;1381;233;2,67;13
5bb2d59b-2602;Códice de el Mercurio Rojo;Isolde Crowley;Historia de la Piedra;1194;586;3,63;17
f26d107e-f136;Códice de las Almas de Plomo;Caspian Nightshade;Filosofía Prohibida;1528;533;4,49;46
dde633ca-be8d;Sombras sobre la Transmutación Infinitas;Balthazar Nightshade;Botánica Arcana;1337;611;3;36
ab4caa0d-1770;Sombras sobre el Mercurio Rojo;Isolde Grimoire;Transmutación Metálica;1420;431;2,62;19
0405c74b-7455;Tratado de el Azufre Sagrado;Balthazar Crowley;Alquimia Teórica;1180;1372;1,23;37
53b18e12-07e7;Espejos de la Transmutación Infinitas;Elara Blackwood;Transmutación Metálica;1910;1153;2,31;7
f514d367-c1a6;Tratado de las Almas de Plomo;Balthazar Sterling;Historia de la Piedra;1331;614;1,3;28
2d9a1394-f844;La Esencia de las Almas de Plomo;Thalric Vance;Filosofía Prohibida;1384;1324;3,2;37
80cd7421-5b43;Sombras sobre la Transmutación Infinitas;Isolde Crowley;Alquimia Teórica;1449;879;1,72;22
2e64bdb4-4f2b;El Enigma de el Sol Negro;Morgana Crowley;Historia de la Piedra;1680;432;2,68;19
16bddeb1-f83b;Espejos de las Almas de Plomo;Elara Grimoire;Filosofía Prohibida;1478;986;4,19;2
ad63da11-ec00;Códice de las Almas de Plomo;Aurelius Nightshade;Historia de la Piedra;1132;1068;4,56;11
a4434278-64ff;Sombras sobre el Sol Negro;Morgana Grimoire;Transmutación Metálica;1179;82;2,04;50
34d4b394-956e;El Enigma de la Quintaesencia;Morgana Blackwood;Transmutación Metálica;1107;991;2,74;50
f0147657-941a;Códice de el Sol Negro;Aurelius Grimoire;Botánica Arcana;1936;95;3,75;28
b5fc6da4-363e;El Enigma de la Transmutación Infinitas;Morgana Sterling;Historia de la Piedra;1501;220;4,97;32
e110ee24-51a4;La Esencia de las Almas de Plomo;Aurelius Crowley;Alquimia Teórica;1352;925;3,49;12
2a8c9c22-27e2;El Enigma de el Sol Negro;Seraphine Grimoire;Botánica Arcana;1809;1432;3,16;11
e4896abc-6ec3;Tratado de las Almas de Plomo;Balthazar Flamel;Transmutación Metálica;1929;1340;4,45;36
2d2f1d1e-5fee;Espejos de el Azufre Sagrado;Morgana Flamel;Transmutación Metálica;1118;1429;1,88;8
fca44724-cfd2;Tratado de el Sol Negro;Isolde Blackwood;Historia de la Piedra;1581;1442;2,86;17
33f1141c-0616;Sombras sobre la Quintaesencia;Balthazar Vance;Alquimia Teórica;1561;855;1,27;21
ee7ce04a-f9de;Espejos de la Transmutación Infinitas;Elara Sterling;Botánica Arcana;1168;875;1,72;39
740a2347-cc09;Códice de la Transmutación Infinitas;Morgana Sterling;Historia de la Piedra;1563;333;1,37;41
d6dcee44-02ac;Espejos de el Azufre Sagrado;Elara Crowley;Alquimia Teórica;1952;1285;1,07;48
dcf08a48-07cd;Sombras sobre las Almas de Plomo;Morgana Sterling;Filosofía Prohibida;1913;1433;3,12;48
d16457b3-0eff;Tratado de el Sol Negro;Aurelius Vance;Botánica Arcana;1886;268;4,18;7
bdb36f96-0a36;El Aliento de las Almas de Plomo;Thalric Nightshade;Historia de la Piedra;1686;510;4,67;20
0b639023-a90e;La Esencia de las Almas de Plomo;Morgana Blackwood;Transmutación Metálica;1217;782;3,04;21
2f62690b-ed9e;Vórtice de la Quintaesencia;Morgana Grimoire;Alquimia Teórica;1493;989;1,84;19
7050c70f-a75f;Espejos de la Quintaesencia;Aurelius Sterling;Historia de la Piedra;1735;419;1,22;4
891dbebb-6b48;Sombras sobre el Mercurio Rojo;Thalric Vance;Transmutación Metálica;1383;755;2,59;37
2ad74ca0-de5f;Sombras sobre las Almas de Plomo;Elara Grimoire;Alquimia Teórica;1660;496;1,56;34
c0adbb0b-68cf;La Esencia de la Transmutación Infinitas;Aurelius Blackwood;Alquimia Teórica;1480;348;1,37;36
40a65911-a1cf;Códice de el Azufre Sagrado;Caspian Sterling;Transmutación Metálica;1418;1073;1,24;28
efd018fb-488c;Códice de la Quintaesencia;Seraphine Blackwood;Transmutación Metálica;1541;642;1,86;19
f93d2344-f411;Espejos de las Almas de Plomo;Caspian Crowley;Historia de la Piedra;1961;1220;3,63;41
b424385b-b80d;Sombras sobre la Transmutación Infinitas;Morgana Nightshade;Filosofía Prohibida;1857;801;3,37;10
04efed65-1a50;Vórtice de las Almas de Plomo;Morgana Nightshade;Transmutación Metálica;1627;391;2,67;4
b4c32fb8-2a3b;Tratado de el Azufre Sagrado;Thalric Nightshade;Historia de la Piedra;1478;178;3,63;37
edf0af90-90b1;Espejos de la Transmutación Infinitas;Morgana Vance;Alquimia Teórica;1296;834;4,45;6
ffe86f80-5d93;Códice de las Almas de Plomo;Seraphine Nightshade;Historia de la Piedra;1143;316;2,76;31
9a9134f2-4dc6;Vórtice de el Sol Negro;Thalric Blackwood;Filosofía Prohibida;1745;239;1,61;14
2740813f-b540;El Enigma de el Azufre Sagrado;Isolde Grimoire;Historia de la Piedra;1982;1042;3,72;20
735b2c99-aa4f;Vórtice de el Azufre Sagrado;Balthazar Flamel;Alquimia Teórica;1584;740;2,03;40
12f84436-ff96;El Aliento de el Sol Negro;Thalric Blackwood;Historia de la Piedra;1375;1156;3,21;27
104f9ba4-603a;El Enigma de el Azufre Sagrado;Isolde Nightshade;Transmutación Metálica;1323;751;3,16;40
99bbc691-02cf;Espejos de las Almas de Plomo;Seraphine Crowley;Alquimia Teórica;1465;561;4,99;35
7cbbbc19-8a2e;Códice de la Transmutación Infinitas;Elara Grimoire;Alquimia Teórica;1392;136;1,02;10
35b28ee2-edcc;Códice de el Azufre Sagrado;Balthazar Vance;Filosofía Prohibida;1907;960;3,51;0
4c2c596b-e99c;Tratado de la Transmutación Infinitas;Aurelius Vance;Alquimia Teórica;1309;1476;3,04;8
b57408e6-c08c;Vórtice de las Almas de Plomo;Balthazar Crowley;Transmutación Metálica;1120;1181;3,52;43
d3c9052c-eab5;El Aliento de el Azufre Sagrado;Seraphine Crowley;Alquimia Teórica;1191;205;1,7;13
bdeea5bf-0f55;El Enigma de el Mercurio Rojo;Aurelius Blackwood;Historia de la Piedra;1391;109;3,26;31
291d8608-4996;La Esencia de el Azufre Sagrado;Seraphine Crowley;Transmutación Metálica;1479;103;3,32;18
252bf71a-e092;El Enigma de el Azufre Sagrado;Aurelius Vance;Filosofía Prohibida;1342;181;2,68;24
c43cdade-f75f;El Aliento de la Transmutación Infinitas;Seraphine Blackwood;Alquimia Teórica;1242;480;1,98;37
c364a2a6-10bd;El Aliento de el Azufre Sagrado;Elara Nightshade;Historia de la Piedra;1629;299;2,84;7
0aa5b432-ebba;La Esencia de la Quintaesencia;Balthazar Sterling;Historia de la Piedra;2017;848;1,51;23
b61f7d07-7e0c;El Enigma de el Mercurio Rojo;Elara Grimoire;Botánica Arcana;1835;1309;3,57;26
61bb88ba-1795;Tratado de el Azufre Sagrado;Thalric Vance;Transmutación Metálica;1568;1326;3,79;47
5cebdc3c-f48a;Códice de las Almas de Plomo;Aurelius Crowley;Alquimia Teórica;1831;381;2,01;12
4883a3f2-09e9;El Enigma de el Mercurio Rojo;Thalric Crowley;Alquimia Teórica;1958;572;4,19;18
c996127d-3551;Espejos de la Quintaesencia;Balthazar Nightshade;Alquimia Teórica;1361;551;4,68;44
607375eb-c71f;Tratado de la Transmutación Infinitas;Seraphine Blackwood;Botánica Arcana;1869;512;1,51;29
724becfb-0624;El Aliento de las Almas de Plomo;Caspian Crowley;Alquimia Teórica;1107;1319;1,79;5
0ff8f983-16ad;El Aliento de el Mercurio Rojo;Balthazar Crowley;Transmutación Metálica;1969;1400;3,96;12
8dea4c19-a6fd;Códice de el Mercurio Rojo;Morgana Grimoire;Filosofía Prohibida;1813;636;3,16;18
b028028d-fa44;El Aliento de la Transmutación Infinitas;Aurelius Vance;Historia de la Piedra;1346;104;4,23;46
4d0ce8f0-c679;Códice de las Almas de Plomo;Seraphine Blackwood;Botánica Arcana;1130;135;2,38;12
43a3b3e8-fda3;Tratado de la Transmutación Infinitas;Seraphine Flamel;Historia de la Piedra;1235;926;4,88;27
eb9bb087-8cae;El Enigma de las Almas de Plomo;Thalric Vance;Botánica Arcana;1355;1036;1,58;26
604f304c-8a10;El Enigma de la Quintaesencia;Caspian Sterling;Transmutación Metálica;1943;660;1,05;14
c8807469-d636;Vórtice de el Mercurio Rojo;Morgana Flamel;Botánica Arcana;1633;507;2,12;48
6c8373e2-175c;El Aliento de el Azufre Sagrado;Balthazar Vance;Botánica Arcana;1749;753;4,06;49
325c3e06-722a;Espejos de el Mercurio Rojo;Seraphine Sterling;Historia de la Piedra;1211;1219;4,04;18
99173e8a-1b8e;Sombras sobre las Almas de Plomo;Thalric Sterling;Historia de la Piedra;1146;168;2,13;9
f556787f-2efa;La Esencia de las Almas de Plomo;Balthazar Blackwood;Transmutación Metálica;1429;1226;3,12;11
ec163501-8b93;Sombras sobre el Sol Negro;Aurelius Flamel;Alquimia Teórica;1499;1256;1,13;4
f29ff288-efe1;Códice de las Almas de Plomo;Seraphine Flamel;Transmutación Metálica;1343;444;2,34;27
19515fa6-c5c0;Vórtice de el Mercurio Rojo;Isolde Flamel;Transmutación Metálica;1760;542;3,96;2
3c2355ca-3c59;Códice de el Azufre Sagrado;Isolde Blackwood;Filosofía Prohibida;1810;1335;4,15;18
ad85b627-0ca1;Tratado de la Quintaesencia;Morgana Flamel;Historia de la Piedra;1646;390;1,67;1
a1542635-481a;Sombras sobre el Sol Negro;Seraphine Crowley;Historia de la Piedra;1673;335;2,17;18
660ab30c-6e7e;El Enigma de el Azufre Sagrado;Thalric Flamel;Historia de la Piedra;1849;453;3,28;23
331f2662-4009;La Esencia de la Quintaesencia;Elara Vance;Historia de la Piedra;1325;875;4,92;10
0b07670c-4e5e;Espejos de la Transmutación Infinitas;Caspian Vance;Filosofía Prohibida;1763;1068;3,01;41
3edc605f-61a9;Espejos de la Transmutación Infinitas;Seraphine Flamel;Transmutación Metálica;1343;369;4,88;35
9ce0a832-0a8c;Sombras sobre el Azufre Sagrado;Aurelius Vance;Filosofía Prohibida;1459;755;1,63;8
a32f4f5b-0f2c;El Aliento de el Sol Negro;Thalric Blackwood;Alquimia Teórica;1759;975;3,06;15
d1179096-7330;Tratado de el Mercurio Rojo;Caspian Grimoire;Alquimia Teórica;1858;578;4,51;33
3550fe32-342c;Espejos de la Transmutación Infinitas;Isolde Grimoire;Botánica Arcana;1647;476;3,88;3
6bd5752b-b326;Tratado de el Azufre Sagrado;Isolde Sterling;Botánica Arcana;1726;1040;2,74;39
7207a12a-9d21;Códice de la Quintaesencia;Balthazar Flamel;Transmutación Metálica;1960;1396;3,08;12
568250ac-90ab;Sombras sobre el Sol Negro;Aurelius Vance;Filosofía Prohibida;1283;907;3,65;16
aab58757-4456;Códice de el Sol Negro;Aurelius Flamel;Filosofía Prohibida;1619;275;1,74;41
50d9ab3c-33b7;El Aliento de el Mercurio Rojo;Thalric Blackwood;Filosofía Prohibida;1203;249;4,1;16
578fa907-9542;Espejos de la Transmutación Infinitas;Elara Crowley;Botánica Arcana;1382;106;2,8;33
9e9720c9-e256;Vórtice de las Almas de Plomo;Morgana Vance;Transmutación Metálica;1189;1024;1,4;38
3389466e-35c9;Vórtice de el Sol Negro;Caspian Grimoire;Alquimia Teórica;2016;1258;4,39;17
693f4d4a-5065;El Aliento de el Sol Negro;Isolde Sterling;Botánica Arcana;1779;1007;2,85;38
b7e40169-9f2b;Espejos de la Transmutación Infinitas;Elara Sterling;Transmutación Metálica;1896;415;4,39;36
9c97ecb0-0ae2;Tratado de la Transmutación Infinitas;Caspian Sterling;Transmutación Metálica;1843;1284;2,49;47
1cccab84-b925;Vórtice de la Quintaesencia;Aurelius Crowley;Filosofía Prohibida;1978;1116;1,63;42
f20c6c96-0437;Espejos de las Almas de Plomo;Isolde Nightshade;Alquimia Teórica;1476;1377;1,38;14
764e2af2-0d8b;Tratado de la Quintaesencia;Elara Nightshade;Botánica Arcana;1886;1376;3,07;36
c72db3e8-8bfb;La Esencia de el Sol Negro;Balthazar Flamel;Transmutación Metálica;1965;1255;2,89;49
d5bbfa8b-6bd2;El Aliento de las Almas de Plomo;Caspian Nightshade;Botánica Arcana;1713;618;2,75;15
cca379d0-65b8;Vórtice de el Sol Negro;Balthazar Vance;Historia de la Piedra;1472;670;3,57;36
e9e2806f-9c43;Vórtice de las Almas de Plomo;Thalric Grimoire;Alquimia Teórica;1985;1419;1,46;32
932daa18-4593;La Esencia de las Almas de Plomo;Aurelius Vance;Botánica Arcana;1130;1175;4,47;36
d60de30b-0739;Códice de el Mercurio Rojo;Thalric Vance;Historia de la Piedra;1280;225;4,17;4
382280fc-8b89;Sombras sobre la Transmutación Infinitas;Morgana Flamel;Filosofía Prohibida;1886;775;4,57;13
47ee901a-bf5d;La Esencia de el Azufre Sagrado;Seraphine Sterling;Alquimia Teórica;1370;830;3,63;1
89d5a839-c8af;El Enigma de el Mercurio Rojo;Balthazar Flamel;Filosofía Prohibida;1554;1003;4,94;2
65bbbf9f-28dd;El Enigma de las Almas de Plomo;Balthazar Flamel;Historia de la Piedra;1740;933;3,34;27
8e7456cb-3193;La Esencia de el Azufre Sagrado;Elara Crowley;Botánica Arcana;1187;145;1,71;23
de337b57-4140;El Enigma de la Transmutación Infinitas;Seraphine Flamel;Filosofía Prohibida;1818;262;3,12;29
b6ecd2c6-d480;La Esencia de la Quintaesencia;Elara Vance;Filosofía Prohibida;1839;218;1,99;24
3cd29796-cbd8;Tratado de el Sol Negro;Seraphine Nightshade;Historia de la Piedra;1815;467;4,42;4
b2fd9714-8af3;El Aliento de el Sol Negro;Seraphine Flamel;Alquimia Teórica;1572;650;2,64;44
e9b20d5b-4034;Códice de el Mercurio Rojo;Morgana Grimoire;Botánica Arcana;1531;1008;1,64;11
321f7093-59ac;La Esencia de el Azufre Sagrado;Caspian Flamel;Transmutación Metálica;1551;319;4,05;26
71905b0d-b4c9;Espejos de la Quintaesencia;Isolde Grimoire;Historia de la Piedra;1115;373;3,82;30
8069c7c4-b178;Espejos de las Almas de Plomo;Thalric Flamel;Transmutación Metálica;1830;1031;3,88;4
a06f4a72-a88d;Tratado de el Sol Negro;Morgana Vance;Alquimia Teórica;1397;861;3,32;19
689f0bb7-4c87;Tratado de las Almas de Plomo;Morgana Vance;Alquimia Teórica;1798;985;2,11;40
ee6e012e-3fa4;La Esencia de la Quintaesencia;Thalric Blackwood;Botánica Arcana;1303;859;1,22;0
9076cac4-73e5;El Enigma de las Almas de Plomo;Aurelius Flamel;Historia de la Piedra;1758;99;3,22;27
4609d1d0-08db;Códice de las Almas de Plomo;Aurelius Sterling;Filosofía Prohibida;1551;484;2,1;23
24ceb14c-bdbe;Espejos de la Quintaesencia;Morgana Nightshade;Filosofía Prohibida;1872;279;2,61;50
69ceeeb0-474b;Tratado de el Mercurio Rojo;Seraphine Sterling;Filosofía Prohibida;1195;1023;1,95;36
ad13c2fa-c454;Códice de el Sol Negro;Morgana Grimoire;Transmutación Metálica;1348;1315;2,06;15
b184b4ff-4839;El Enigma de el Mercurio Rojo;Balthazar Nightshade;Transmutación Metálica;1427;1139;1,55;40
8a0e6996-7750;El Enigma de el Sol Negro;Balthazar Flamel;Filosofía Prohibida;1871;1163;4,52;46
9d4559e6-f05a;El Aliento de el Mercurio Rojo;Balthazar Grimoire;Transmutación Metálica;1160;503;4,26;21
d7095434-2b14;Tratado de la Quintaesencia;Seraphine Crowley;Alquimia Teórica;1762;796;3,13;40
c23f44bd-97b8;Códice de la Quintaesencia;Balthazar Crowley;Transmutación Metálica;1269;731;4,73;17
0b6d4346-a699;El Aliento de la Quintaesencia;Isolde Blackwood;Botánica Arcana;1509;1026;1,08;14
d6b4acb7-1ce5;El Aliento de las Almas de Plomo;Elara Sterling;Transmutación Metálica;1198;1457;4,11;43
1fab507d-c8a2;Espejos de el Mercurio Rojo;Caspian Blackwood;Botánica Arcana;1276;1445;2,67;3
d78b45d6-9389;Vórtice de las Almas de Plomo;Morgana Blackwood;Alquimia Teórica;1237;682;4,5;40
3a9914ba-7b21;La Esencia de la Transmutación Infinitas;Balthazar Vance;Historia de la Piedra;1427;311;2,62;27
85522c23-f37e;Espejos de la Transmutación Infinitas;Caspian Nightshade;Botánica Arcana;1811;418;1,58;8
96bc9f66-b8ec;Vórtice de las Almas de Plomo;Caspian Flamel;Botánica Arcana;1198;1218;3,01;44
7a488da7-8759;Códice de el Mercurio Rojo;Isolde Blackwood;Historia de la Piedra;1242;222;3,04;8
95bafd04-3f4a;Sombras sobre el Sol Negro;Balthazar Flamel;Transmutación Metálica;1813;476;4,87;26
6c08a4a5-0f6b;El Enigma de el Azufre Sagrado;Aurelius Blackwood;Historia de la Piedra;1484;1072;1,96;48
c1fcd937-0004;El Aliento de las Almas de Plomo;Balthazar Blackwood;Transmutación Metálica;1883;300;1,3;8
36900060-fc04;El Enigma de las Almas de Plomo;Balthazar Nightshade;Transmutación Metálica;1593;1419;1,87;18
70da7cb9-776d;Espejos de la Quintaesencia;Elara Vance;Alquimia Teórica;1345;689;1,46;13
89842427-8d11;Espejos de el Mercurio Rojo;Caspian Crowley;Botánica Arcana;2014;1379;2,97;15
f2f4da15-b1dc;Espejos de las Almas de Plomo;Caspian Sterling;Alquimia Teórica;1884;1081;1,57;5
b61f17e9-621f;Códice de las Almas de Plomo;Elara Sterling;Botánica Arcana;1421;1209;4,31;17
cc578ab3-9922;Vórtice de el Azufre Sagrado;Morgana Vance;Filosofía Prohibida;1381;1489;1,68;50
ada8b0e5-d0e4;El Aliento de la Quintaesencia;Isolde Nightshade;Botánica Arcana;1118;898;4,21;44
bb50f667-c768;El Aliento de la Quintaesencia;Isolde Vance;Botánica Arcana;1945;1159;3,52;23
6a640ebe-3c6f;Vórtice de las Almas de Plomo;Isolde Nightshade;Transmutación Metálica;1125;576;3,59;16
b4e6f259-aa9e;La Esencia de la Transmutación Infinitas;Elara Blackwood;Transmutación Metálica;1607;934;2,03;50
ec038674-1a22;El Enigma de las Almas de Plomo;Thalric Vance;Filosofía Prohibida;1405;1144;3,33;18
e415dd60-7992;Sombras sobre la Transmutación Infinitas;Caspian Vance;Filosofía Prohibida;1324;888;2,15;14
a77d6b3d-6ea3;El Aliento de el Mercurio Rojo;Aurelius Nightshade;Alquimia Teórica;1168;180;2,45;7
35fe0a38-0109;Sombras sobre las Almas de Plomo;Elara Grimoire;Historia de la Piedra;1644;549;1,64;19
81a45cb5-5190;Tratado de las Almas de Plomo;Elara Nightshade;Filosofía Prohibida;1303;1354;2,19;41
d4d0caa1-70f8;Tratado de el Mercurio Rojo;Caspian Sterling;Historia de la Piedra;1480;1436;3,4;25
087dd20e-d8a1;Vórtice de el Azufre Sagrado;Aurelius Flamel;Alquimia Teórica;1304;1252;4,27;34
f961c7c5-4224;Espejos de el Azufre Sagrado;Elara Blackwood;Filosofía Prohibida;1637;174;4,14;21
7f6064b8-fa95;Códice de el Sol Negro;Caspian Vance;Historia de la Piedra;1909;1124;2,58;45
f9aabf0e-56da;El Aliento de la Transmutación Infinitas;Thalric Sterling;Transmutación Metálica;1757;471;4,44;0
e50ec52d-6034;Espejos de el Azufre Sagrado;Morgana Blackwood;Botánica Arcana;1696;619;1,48;44
6901b598-a182;Sombras sobre el Azufre Sagrado;Morgana Blackwood;Filosofía Prohibida;1820;1201;1,13;47
2e7e3698-e832;Vórtice de las Almas de Plomo;Balthazar Vance;Botánica Arcana;1323;692;4,5;1
bf870ee6-44d4;Tratado de la Transmutación Infinitas;Morgana Vance;Historia de la Piedra;1759;81;3,7;48
a290ba6d-88ea;El Aliento de la Transmutación Infinitas;Morgana Grimoire;Botánica Arcana;1939;791;1,71;5
cc23658c-87eb;El Enigma de las Almas de Plomo;Isolde Crowley;Transmutación Metálica;1506;1190;2,83;14
63e6fae9-1851;Códice de el Sol Negro;Seraphine Nightshade;Historia de la Piedra;1752;1162;2,78;16
187aec74-a9f7;La Esencia de la Transmutación Infinitas;Balthazar Grimoire;Filosofía Prohibida;1375;103;2,63;9
cf55a953-48b7;La Esencia de el Mercurio Rojo;Seraphine Blackwood;Transmutación Metálica;1520;1416;1,08;44
49a23266-1efc;El Aliento de el Sol Negro;Isolde Flamel;Historia de la Piedra;1643;252;4,54;7
7ef2ede4-8649;Tratado de las Almas de Plomo;Isolde Flamel;Filosofía Prohibida;1945;1058;1,36;12
c8c6ef44-fd63;El Aliento de las Almas de Plomo;Balthazar Blackwood;Filosofía Prohibida;2001;901;1,96;34
9e8c20fc-31cd;Códice de el Sol Negro;Elara Crowley;Historia de la Piedra;1140;1313;3,39;36
49c4ca55-df3d;Tratado de el Mercurio Rojo;Morgana Nightshade;Historia de la Piedra;2003;1302;1,19;39
0d7d8c3e-a6f8;El Enigma de el Azufre Sagrado;Balthazar Vance;Filosofía Prohibida;1321;450;2,92;18
30c677b4-966c;Tratado de el Mercurio Rojo;Balthazar Nightshade;Historia de la Piedra;1540;258;2,32;21
360d7d65-210f;Sombras sobre las Almas de Plomo;Isolde Crowley;Historia de la Piedra;1425;177;1,71;10
5b747390-fb8f;El Enigma de la Quintaesencia;Seraphine Flamel;Botánica Arcana;1960;1221;2,59;30
41da15db-e9e6;Espejos de el Mercurio Rojo;Seraphine Vance;Filosofía Prohibida;1330;656;3,79;7
9d370360-4782;Códice de el Azufre Sagrado;Seraphine Blackwood;Historia de la Piedra;1959;94;2,68;1
300fed3f-5f50;Tratado de el Mercurio Rojo;Isolde Blackwood;Botánica Arcana;1143;1370;4,35;1
18ec628b-d700;Espejos de la Quintaesencia;Thalric Flamel;Historia de la Piedra;1254;1012;3,14;9
a714af6f-5060;Tratado de el Sol Negro;Aurelius Flamel;Historia de la Piedra;1704;485;4,24;1
91b91b05-baef;Códice de la Quintaesencia;Seraphine Nightshade;Botánica Arcana;1707;295;4,9;7
9544d210-f888;El Enigma de la Transmutación Infinitas;Seraphine Nightshade;Historia de la Piedra;1346;1301;1,91;43
4d351e02-5b15;La Esencia de la Quintaesencia;Seraphine Grimoire;Transmutación Metálica;1280;392;4,15;39
38bb184c-6329;La Esencia de la Transmutación Infinitas;Aurelius Flamel;Botánica Arcana;1403;848;4,69;22
afb0e75b-2391;Sombras sobre las Almas de Plomo;Thalric Nightshade;Transmutación Metálica;1178;691;4,97;9
8ae2bbad-e304;Espejos de el Azufre Sagrado;Elara Flamel;Historia de la Piedra;1419;428;4,15;26
f962577f-7491;El Aliento de la Transmutación Infinitas;Seraphine Nightshade;Filosofía Prohibida;1298;1217;3,75;2
c6f7eede-fea6;Espejos de la Transmutación Infinitas;Aurelius Sterling;Historia de la Piedra;1949;246;1,84;50
f48a4ec8-cf33;Vórtice de la Transmutación Infinitas;Balthazar Sterling;Botánica Arcana;1709;565;4,89;3
58ba9cb2-735e;Tratado de la Quintaesencia;Balthazar Blackwood;Botánica Arcana;1491;364;4,96;22
ae9c88c3-7690;Códice de las Almas de Plomo;Morgana Grimoire;Alquimia Teórica;1889;1129;2,92;1
5748a8c2-dca7;El Enigma de la Transmutación Infinitas;Balthazar Vance;Transmutación Metálica;1839;182;3,27;7
c21fa408-97b8;Espejos de las Almas de Plomo;Morgana Flamel;Botánica Arcana;1957;905;3,53;2
80707305-7c05;El Aliento de el Mercurio Rojo;Caspian Vance;Transmutación Metálica;1603;407;1,65;15
6e4fdef2-9cb8;El Enigma de la Transmutación Infinitas;Thalric Sterling;Transmutación Metálica;1527;570;2,99;43
c7add775-00b3;Vórtice de el Mercurio Rojo;Thalric Sterling;Historia de la Piedra;1215;1021;4,52;24
6e777cfa-2e43;Tratado de la Transmutación Infinitas;Elara Grimoire;Filosofía Prohibida;1182;1226;2,98;27
2fd143a0-edaf;Vórtice de la Transmutación Infinitas;Seraphine Crowley;Filosofía Prohibida;1897;322;2,71;0
df67e990-228c;La Esencia de el Azufre Sagrado;Aurelius Crowley;Alquimia Teórica;1763;1184;4,26;6
a4dbcf9d-c904;El Enigma de la Transmutación Infinitas;Caspian Grimoire;Transmutación Metálica;1970;874;4,08;45
c39a68f3-a9ba;Sombras sobre la Quintaesencia;Isolde Flamel;Historia de la Piedra;1515;515;4,33;2
6dcdc881-bd22;Espejos de el Mercurio Rojo;Elara Grimoire;Botánica Arcana;1830;519;4,24;1
17412c6c-4fee;El Enigma de el Azufre Sagrado;Isolde Nightshade;Historia de la Piedra;1339;473;1,81;24
4b587d62-fbc0;La Esencia de la Quintaesencia;Aurelius Flamel;Alquimia Teórica;1262;487;4,08;33
eee48d14-0676;El Aliento de las Almas de Plomo;Balthazar Flamel;Transmutación Metálica;1399;419;3,85;34
68ee0231-4d88;Vórtice de el Mercurio Rojo;Elara Crowley;Botánica Arcana;1432;598;2,13;45
f98e5b38-480e;Vórtice de la Quintaesencia;Isolde Sterling;Alquimia Teórica;1745;625;2,07;48
10025aca-a558;El Aliento de el Mercurio Rojo;Caspian Crowley;Filosofía Prohibida;1367;1269;1,73;12
a1d649ee-fa3d;Vórtice de el Mercurio Rojo;Isolde Crowley;Filosofía Prohibida;1473;1285;3,11;18
a3f0e07a-e719;Vórtice de el Sol Negro;Isolde Crowley;Transmutación Metálica;1698;433;1,06;2
c8c30af2-060a;El Enigma de el Sol Negro;Thalric Crowley;Historia de la Piedra;1155;1067;2,23;21
e5055be8-8c33;Códice de el Azufre Sagrado;Seraphine Blackwood;Transmutación Metálica;1382;848;1,39;15
edfb239a-63e9;El Enigma de la Transmutación Infinitas;Thalric Crowley;Transmutación Metálica;1779;1364;1,28;9
5057a336-6592;Sombras sobre el Mercurio Rojo;Thalric Crowley;Filosofía Prohibida;1591;486;3,81;30
96211940-02a3;Espejos de la Quintaesencia;Elara Blackwood;Botánica Arcana;1654;776;3,4;32
105e3fe6-b44b;Sombras sobre el Mercurio Rojo;Seraphine Blackwood;Transmutación Metálica;1910;900;2,77;31
78ce5496-173b;Vórtice de el Azufre Sagrado;Balthazar Grimoire;Botánica Arcana;1297;1330;4,87;47
8299fbc9-acf7;Códice de la Transmutación Infinitas;Aurelius Nightshade;Filosofía Prohibida;1437;1339;3,46;37
f26b79ad-4681;El Aliento de el Mercurio Rojo;Elara Vance;Historia de la Piedra;1606;555;3,95;19
39e0cb98-fcd5;Espejos de la Transmutación Infinitas;Thalric Crowley;Transmutación Metálica;1983;214;1,83;48
b3dfc967-80e9;Tratado de la Quintaesencia;Seraphine Nightshade;Filosofía Prohibida;1966;1315;2,1;3
c6315807-dfbd;Vórtice de la Quintaesencia;Balthazar Vance;Transmutación Metálica;1186;118;4,45;6
94be6c91-e19f;Espejos de la Quintaesencia;Balthazar Vance;Transmutación Metálica;1526;1084;4,57;34
5d5846d9-0fd1;Tratado de el Mercurio Rojo;Seraphine Flamel;Filosofía Prohibida;1432;1359;2,72;15
74ce393a-31cb;Espejos de las Almas de Plomo;Seraphine Nightshade;Alquimia Teórica;1220;1330;4,86;24
73601eed-0b03;Espejos de las Almas de Plomo;Aurelius Blackwood;Historia de la Piedra;1287;709;3,24;4
c1af2340-4a2e;El Aliento de el Sol Negro;Aurelius Flamel;Transmutación Metálica;1158;1337;1,17;16
2e6e99e9-6d56;Vórtice de el Sol Negro;Thalric Sterling;Historia de la Piedra;1638;365;1,62;22
c59e78c9-2996;El Aliento de las Almas de Plomo;Morgana Nightshade;Alquimia Teórica;1681;804;2,44;26
c94e25c0-765b;Tratado de el Sol Negro;Morgana Grimoire;Alquimia Teórica;1487;404;1,8;18
0e496c7d-cdbb;Vórtice de el Azufre Sagrado;Morgana Grimoire;Filosofía Prohibida;1934;1406;2,56;50
cd80003b-0462;Códice de las Almas de Plomo;Balthazar Grimoire;Transmutación Metálica;1196;929;3,24;20
64dd70e2-b069;Espejos de las Almas de Plomo;Seraphine Sterling;Filosofía Prohibida;1695;1420;3,74;35
b4db63fe-7dfa;Espejos de el Mercurio Rojo;Morgana Blackwood;Filosofía Prohibida;1205;372;3,29;27
a23a4586-eea8;Tratado de el Sol Negro;Thalric Grimoire;Filosofía Prohibida;1343;131;3,37;30
f28a0445-5fc0;El Aliento de el Azufre Sagrado;Caspian Sterling;Alquimia Teórica;1168;1156;2,99;46
752cef6e-cfdb;La Esencia de la Quintaesencia;Balthazar Nightshade;Botánica Arcana;1839;671;4,3;24
a5569bfa-39e8;Códice de la Transmutación Infinitas;Seraphine Vance;Filosofía Prohibida;1409;1360;1,16;28
7288f016-450b;El Enigma de el Azufre Sagrado;Balthazar Blackwood;Transmutación Metálica;1223;1466;3,96;6
c0b6ca47-3c84;Códice de la Quintaesencia;Morgana Flamel;Historia de la Piedra;2026;359;2,6;1
def8924a-b098;Tratado de las Almas de Plomo;Elara Grimoire;Botánica Arcana;1218;134;3,73;25
8bc7e8ea-c41f;Códice de el Azufre Sagrado;Seraphine Crowley;Transmutación Metálica;1812;246;3,93;13
9f45d073-5be0;La Esencia de la Quintaesencia;Morgana Crowley;Alquimia Teórica;1875;1000;1,7;9
11d96c10-8adb;Espejos de las Almas de Plomo;Aurelius Sterling;Historia de la Piedra;1641;1024;2,3;5
078c7cee-4941;Tratado de la Transmutación Infinitas;Isolde Crowley;Botánica Arcana;1284;354;3,28;13
97398130-2127;Códice de la Transmutación Infinitas;Morgana Flamel;Transmutación Metálica;1802;1038;4,28;33
b89478f3-92a2;El Aliento de la Quintaesencia;Aurelius Blackwood;Transmutación Metálica;1704;547;3,79;41
c548576b-275b;El Enigma de el Mercurio Rojo;Seraphine Nightshade;Filosofía Prohibida;1924;516;2,76;26
7bb20a63-1b33;Códice de el Azufre Sagrado;Seraphine Sterling;Botánica Arcana;1833;925;2,38;32
3e5354e3-0ffb;Espejos de el Mercurio Rojo;Thalric Flamel;Transmutación Metálica;1675;1087;2,74;13
c9a4e2cc-4765;El Enigma de el Mercurio Rojo;Aurelius Flamel;Historia de la Piedra;1601;987;4,27;0
edfde4e0-4f07;Códice de la Transmutación Infinitas;Morgana Nightshade;Botánica Arcana;1595;1478;1,72;10
05860bcb-c5d6;Tratado de el Azufre Sagrado;Caspian Flamel;Transmutación Metálica;1606;673;1,32;46
e54f0109-b4b5;Vórtice de el Azufre Sagrado;Aurelius Grimoire;Historia de la Piedra;1164;923;4,69;37
5855181f-507f;Códice de el Mercurio Rojo;Caspian Grimoire;Transmutación Metálica;1577;610;2,36;30
faef06e9-2487;Espejos de la Quintaesencia;Aurelius Crowley;Alquimia Teórica;1677;1222;4,01;37
a05bc7db-bfe3;Espejos de el Mercurio Rojo;Morgana Sterling;Transmutación Metálica;1183;736;2,42;10
547c5689-ce29;Códice de el Azufre Sagrado;Seraphine Vance;Alquimia Teórica;1956;1321;1,17;10
12ed071c-62c8;El Enigma de el Azufre Sagrado;Caspian Sterling;Transmutación Metálica;1777;1435;4,35;45
62f94502-e2ce;Vórtice de el Sol Negro;Thalric Blackwood;Transmutación Metálica;1964;723;4,09;21
0b89f4f9-6092;La Esencia de el Sol Negro;Thalric Crowley;Alquimia Teórica;1615;768;4,71;9
85979c6a-1d89;Tratado de la Transmutación Infinitas;Aurelius Grimoire;Botánica Arcana;1563;104;1,58;48
e594375a-3d97;Códice de las Almas de Plomo;Caspian Blackwood;Botánica Arcana;1517;469;4,46;50
e4e66e32-ea80;La Esencia de la Transmutación Infinitas;Elara Blackwood;Alquimia Teórica;1877;1082;1,25;11
7d68ca2e-bcb7;Espejos de el Sol Negro;Elara Vance;Filosofía Prohibida;1395;990;2,22;9
ee617218-68c6;El Enigma de la Transmutación Infinitas;Isolde Nightshade;Filosofía Prohibida;1923;1274;3,49;35
871b30fc-30fc;Vórtice de la Quintaesencia;Isolde Blackwood;Filosofía Prohibida;1242;1101;1,01;38
a77f0244-db52;Espejos de la Transmutación Infinitas;Aurelius Grimoire;Filosofía Prohibida;1432;1363;2,65;24
56aac698-95aa;Tratado de la Quintaesencia;Balthazar Sterling;Historia de la Piedra;1597;868;3,52;20
cd2cbde1-b71a;La Esencia de la Quintaesencia;Morgana Blackwood;Alquimia Teórica;1155;270;2,29;7
96d80078-4d84;Vórtice de el Mercurio Rojo;Caspian Nightshade;Alquimia Teórica;1710;379;3,46;14
a07d6e5e-77db;Espejos de el Sol Negro;Seraphine Blackwood;Filosofía Prohibida;2015;256;4,98;12
9f914aa5-dd4a;Vórtice de la Transmutación Infinitas;Balthazar Sterling;Transmutación Metálica;1121;802;4,58;2
ec0800b4-2e28;El Aliento de la Quintaesencia;Elara Flamel;Botánica Arcana;1589;1112;2,59;4
6cdf53c1-14ab;El Aliento de el Azufre Sagrado;Thalric Blackwood;Botánica Arcana;1386;377;4,06;32
4e8731ee-bd5f;Tratado de el Sol Negro;Aurelius Flamel;Filosofía Prohibida;1755;1374;4,22;49
3f9c7896-3052;Sombras sobre la Transmutación Infinitas;Seraphine Vance;Filosofía Prohibida;1271;438;2,66;15
ea9a2683-2e02;Espejos de el Sol Negro;Caspian Vance;Historia de la Piedra;1723;1447;3,25;35
e760639d-a77f;Sombras sobre la Quintaesencia;Seraphine Flamel;Botánica Arcana;1302;1012;3,93;19
af7edd8e-7044;El Enigma de el Mercurio Rojo;Isolde Grimoire;Alquimia Teórica;1325;1057;1,8;19
2dfad2fa-1a46;Vórtice de las Almas de Plomo;Caspian Nightshade;Botánica Arcana;1865;695;2,02;8
5573a456-7819;Códice de el Sol Negro;Elara Flamel;Historia de la Piedra;1176;647;2,5;1
530e7466-d238;El Aliento de el Sol Negro;Balthazar Crowley;Filosofía Prohibida;1590;713;4,21;48
f8a9a842-7b8c;La Esencia de la Quintaesencia;Thalric Sterling;Alquimia Teórica;1235;948;1,62;32
2cca5999-e6f8;Espejos de las Almas de Plomo;Morgana Nightshade;Transmutación Metálica;1159;814;2,44;31
dcc25560-e2b9;La Esencia de las Almas de Plomo;Seraphine Grimoire;Filosofía Prohibida;1988;1450;2,02;22
21fdd609-7fad;El Aliento de la Quintaesencia;Isolde Flamel;Botánica Arcana;1108;1253;2,29;31
de394222-3041;Vórtice de el Sol Negro;Elara Flamel;Alquimia Teórica;1876;1355;2,44;1
0ffdf11f-7960;El Enigma de el Mercurio Rojo;Elara Sterling;Botánica Arcana;1432;1105;2,96;16
666db3f4-3bf9;Vórtice de el Azufre Sagrado;Aurelius Sterling;Alquimia Teórica;1606;867;1,25;7
b3a2c0b4-a3aa;El Enigma de el Mercurio Rojo;Aurelius Crowley;Filosofía Prohibida;1970;866;3,02;42
fe5c2b01-bc30;Vórtice de el Sol Negro;Isolde Sterling;Alquimia Teórica;1215;1177;4,35;42
a79374ae-c7dd;La Esencia de la Quintaesencia;Caspian Sterling;Transmutación Metálica;1899;602;2,96;17
fc963062-1183;Espejos de la Transmutación Infinitas;Aurelius Blackwood;Historia de la Piedra;1416;458;4,46;24
63da6c2c-ea35;El Enigma de el Sol Negro;Caspian Sterling;Botánica Arcana;1518;725;2,65;9
6a73ed8a-cedc;Vórtice de el Sol Negro;Seraphine Vance;Alquimia Teórica;1352;1005;4,5;30
1abbbb31-b05c;Vórtice de la Quintaesencia;Elara Crowley;Alquimia Teórica;1191;1425;4,02;27
575db570-55f8;La Esencia de la Quintaesencia;Caspian Vance;Filosofía Prohibida;1297;993;3,72;22
81bb5a4f-8005;La Esencia de el Azufre Sagrado;Balthazar Sterling;Botánica Arcana;1944;102;1,89;11
1ac4c2a7-1bab;El Enigma de el Mercurio Rojo;Seraphine Grimoire;Alquimia Teórica;1362;818;4,99;18
18d7cbe4-7d42;El Enigma de la Quintaesencia;Isolde Blackwood;Transmutación Metálica;1951;217;1,81;30
1e3afef6-b101;El Aliento de las Almas de Plomo;Isolde Blackwood;Botánica Arcana;1837;1420;4,3;50
083f7120-6f52;Vórtice de el Azufre Sagrado;Aurelius Grimoire;Filosofía Prohibida;1385;1040;3,29;0
be6621c4-ff87;Espejos de la Transmutación Infinitas;Caspian Flamel;Alquimia Teórica;1640;129;2,6;27
19ac232d-f87d;Códice de el Sol Negro;Morgana Nightshade;Alquimia Teórica;1480;1217;4,8;15
77146031-51c5;El Aliento de el Azufre Sagrado;Aurelius Flamel;Alquimia Teórica;1219;139;4,23;13
0ca4a36b-bdba;Espejos de el Sol Negro;Elara Grimoire;Filosofía Prohibida;1475;137;3,06;45
4270374e-f557;La Esencia de la Transmutación Infinitas;Isolde Blackwood;Historia de la Piedra;1589;181;3,78;1
1d85fd49-3e1a;El Aliento de la Transmutación Infinitas;Morgana Crowley;Alquimia Teórica;1172;576;3,61;34
8b4dbb14-86e3;El Enigma de la Transmutación Infinitas;Balthazar Nightshade;Historia de la Piedra;1885;669;3,39;49
c0353182-682d;Sombras sobre el Mercurio Rojo;Caspian Nightshade;Alquimia Teórica;1100;1271;4,27;31
14ca10f1-d129;El Aliento de la Quintaesencia;Aurelius Crowley;Transmutación Metálica;1974;819;1,46;10
6452b9b5-7c2a;Códice de el Sol Negro;Isolde Flamel;Transmutación Metálica;2020;970;4,26;13
e9e6b4d1-092b;Vórtice de el Sol Negro;Thalric Blackwood;Alquimia Teórica;1242;453;4,52;19
2b02026b-33ce;Códice de el Azufre Sagrado;Morgana Nightshade;Alquimia Teórica;1564;1494;4,6;42
26dfed60-74f6;Vórtice de las Almas de Plomo;Balthazar Sterling;Transmutación Metálica;1785;688;3,84;12
bd82b1ce-4b23;Sombras sobre la Quintaesencia;Aurelius Sterling;Botánica Arcana;1913;1203;2,68;22
535009ee-abdc;Sombras sobre el Sol Negro;Isolde Sterling;Botánica Arcana;1525;1300;1,22;25
2152c979-7a0b;Espejos de el Azufre Sagrado;Balthazar Nightshade;Alquimia Teórica;2012;480;4,32;40
110a83e8-9cdd;Tratado de el Mercurio Rojo;Morgana Nightshade;Filosofía Prohibida;1700;874;1,89;42
ae4947e2-5684;Vórtice de el Mercurio Rojo;Isolde Nightshade;Filosofía Prohibida;1951;490;1,77;41
52344302-3a04;Tratado de el Sol Negro;Balthazar Flamel;Historia de la Piedra;1512;247;1,81;22
70fe3c07-02a9;Vórtice de la Transmutación Infinitas;Aurelius Crowley;Alquimia Teórica;1302;290;3,12;12
811d06b7-8583;Sombras sobre el Mercurio Rojo;Elara Sterling;Botánica Arcana;1351;1173;1,98;45
b3102ddf-233f;Vórtice de el Azufre Sagrado;Thalric Vance;Botánica Arcana;1143;283;1,27;2
a4f96ab1-34b2;El Enigma de la Transmutación Infinitas;Aurelius Grimoire;Filosofía Prohibida;1938;693;3,49;31
25b6df8d-ffd2;La Esencia de el Mercurio Rojo;Balthazar Crowley;Botánica Arcana;1563;1118;2,37;34
3945bb90-8b8f;El Aliento de el Sol Negro;Seraphine Crowley;Filosofía Prohibida;1116;562;2,37;6
f104b6cf-09a6;Códice de el Azufre Sagrado;Morgana Blackwood;Historia de la Piedra;1712;339;2,67;43
929ba460-40f1;Espejos de la Quintaesencia;Caspian Blackwood;Transmutación Metálica;1192;331;4,55;23
68761f2a-286f;Tratado de la Quintaesencia;Morgana Blackwood;Transmutación Metálica;1965;454;4,19;5
9504ef3f-5703;Tratado de el Azufre Sagrado;Thalric Flamel;Historia de la Piedra;1267;1049;2,07;7
73ba09c2-a895;El Aliento de la Transmutación Infinitas;Aurelius Crowley;Transmutación Metálica;1425;201;1,03;8
c5a0220d-b339;Tratado de el Sol Negro;Seraphine Sterling;Botánica Arcana;2002;287;2,58;43
45b79cb1-7634;Espejos de las Almas de Plomo;Balthazar Grimoire;Botánica Arcana;1205;364;2,64;39
d91821e2-8f4f;La Esencia de el Sol Negro;Isolde Blackwood;Transmutación Metálica;1112;331;3,53;4
91ab3b32-e2e1;La Esencia de las Almas de Plomo;Caspian Nightshade;Botánica Arcana;1947;431;3,45;50
d7617b0e-062a;La Esencia de el Sol Negro;Thalric Grimoire;Botánica Arcana;2001;1219;4,26;16
e4548519-4e82;Códice de la Transmutación Infinitas;Balthazar Flamel;Alquimia Teórica;1492;91;2,24;7
76b0a8dc-80dd;Sombras sobre las Almas de Plomo;Thalric Crowley;Botánica Arcana;1250;350;4,55;3
26be2d7d-4bf8;Vórtice de el Sol Negro;Elara Flamel;Filosofía Prohibida;1587;1367;3,42;3
243ad196-544b;Códice de la Transmutación Infinitas;Isolde Vance;Historia de la Piedra;1528;931;3,69;34
1d8df5f9-1ed7;Tratado de el Mercurio Rojo;Caspian Nightshade;Transmutación Metálica;1470;956;1,38;44
87b520a3-9e34;Vórtice de la Transmutación Infinitas;Elara Grimoire;Historia de la Piedra;1101;816;1,01;26
d6fa088f-1f72;Espejos de el Mercurio Rojo;Isolde Vance;Historia de la Piedra;1767;927;1,9;3
65b9ac5a-6e39;Tratado de el Mercurio Rojo;Isolde Vance;Filosofía Prohibida;1669;718;3,5;24
b39a1e8b-1ac5;La Esencia de el Azufre Sagrado;Aurelius Nightshade;Botánica Arcana;1612;615;1,82;22
ee946fe0-b25b;Vórtice de el Azufre Sagrado;Morgana Flamel;Transmutación Metálica;1986;295;1,34;20
b02f4f37-98ed;Códice de la Quintaesencia;Elara Blackwood;Filosofía Prohibida;1429;607;1,86;25
ef19bdb4-90f7;El Enigma de la Quintaesencia;Isolde Vance;Filosofía Prohibida;1526;714;1,38;33
271438af-b3d6;La Esencia de el Azufre Sagrado;Aurelius Crowley;Transmutación Metálica;1548;462;3,2;41
122afd60-6dd8;Vórtice de el Azufre Sagrado;Caspian Crowley;Alquimia Teórica;1308;293;2,51;31
f19a157a-81b7;La Esencia de las Almas de Plomo;Isolde Crowley;Alquimia Teórica;1454;1048;4,66;35
504d7f64-8902;Vórtice de el Azufre Sagrado;Aurelius Crowley;Alquimia Teórica;1677;918;1,3;21
0a41636b-d837;El Aliento de el Mercurio Rojo;Balthazar Grimoire;Historia de la Piedra;1122;470;2,95;5
d7813f7f-17d7;Sombras sobre la Quintaesencia;Thalric Vance;Historia de la Piedra;1574;542;4,23;24
ce8a40b1-37f2;El Aliento de las Almas de Plomo;Thalric Blackwood;Historia de la Piedra;1994;358;1,32;21
e772074b-345b;El Enigma de el Mercurio Rojo;Morgana Blackwood;Alquimia Teórica;1883;480;2,82;48
b34787f1-9eb7;Espejos de la Quintaesencia;Caspian Flamel;Botánica Arcana;1991;94;1,81;15
77482b3d-fccd;Vórtice de el Azufre Sagrado;Seraphine Flamel;Filosofía Prohibida;1927;289;4,02;2
5cf002f7-d129;Sombras sobre el Sol Negro;Elara Grimoire;Botánica Arcana;1421;1044;2,15;21
e486eb8a-4071;El Enigma de la Quintaesencia;Aurelius Vance;Historia de la Piedra;1608;490;4,38;16
928b0ce6-ce06;Tratado de la Transmutación Infinitas;Morgana Sterling;Botánica Arcana;1497;605;2,94;34
327ec895-9ec2;Vórtice de el Sol Negro;Balthazar Crowley;Filosofía Prohibida;1623;838;4,17;22
a5fc4bb5-10fd;La Esencia de las Almas de Plomo;Isolde Nightshade;Transmutación Metálica;1664;942;2,25;33
ed3cbc21-2d1c;El Enigma de el Azufre Sagrado;Seraphine Sterling;Historia de la Piedra;1327;307;2,99;10
07025b9d-541f;Espejos de la Transmutación Infinitas;Aurelius Blackwood;Filosofía Prohibida;1474;354;4,85;46
ea2ff96e-d585;Espejos de el Azufre Sagrado;Isolde Nightshade;Filosofía Prohibida;1837;1077;2,12;27
be343452-5b05;Sombras sobre la Quintaesencia;Thalric Nightshade;Filosofía Prohibida;1213;301;1,04;22
39a2c39a-4203;Tratado de el Azufre Sagrado;Caspian Grimoire;Historia de la Piedra;1863;1094;3,82;30
4e7da394-19b1;El Enigma de el Sol Negro;Thalric Flamel;Botánica Arcana;1170;84;2,37;41
c8079d68-680d;La Esencia de la Quintaesencia;Morgana Sterling;Botánica Arcana;1695;967;4,38;3
3321df5c-e144;Vórtice de el Mercurio Rojo;Isolde Sterling;Alquimia Teórica;1788;1173;2,8;13
7abd52d5-36f6;La Esencia de la Quintaesencia;Aurelius Grimoire;Transmutación Metálica;1269;1310;2,21;45
e5da529a-7a93;Sombras sobre el Sol Negro;Balthazar Sterling;Filosofía Prohibida;1260;1186;2,72;33
e3beec85-5f90;La Esencia de la Quintaesencia;Morgana Vance;Botánica Arcana;1305;474;4,31;28
44255d38-5bab;Espejos de la Quintaesencia;Aurelius Blackwood;Historia de la Piedra;1110;431;4,25;36
9b9700f0-4407;El Aliento de el Mercurio Rojo;Aurelius Vance;Historia de la Piedra;2017;610;2,75;45
c3792075-ebd3;Tratado de la Transmutación Infinitas;Elara Crowley;Historia de la Piedra;1184;388;4,21;35
907f486a-45d4;El Aliento de la Transmutación Infinitas;Aurelius Sterling;Alquimia Teórica;1598;789;1,83;20
e1b1b647-8f41;Códice de la Transmutación Infinitas;Elara Flamel;Transmutación Metálica;1719;998;2,02;24
37cba986-cbed;Vórtice de las Almas de Plomo;Aurelius Sterling;Transmutación Metálica;1246;1248;1,71;40
bbbc82bc-87bd;Espejos de las Almas de Plomo;Aurelius Grimoire;Filosofía Prohibida;1146;1437;1,32;3
7accdcf2-d537;El Aliento de el Sol Negro;Elara Blackwood;Filosofía Prohibida;1730;451;2,04;8
64b6d357-8480;El Aliento de el Mercurio Rojo;Isolde Nightshade;Filosofía Prohibida;1861;1213;1,5;48
44d6310a-a288;La Esencia de la Quintaesencia;Morgana Vance;Alquimia Teórica;1204;618;4,4;13
ffc4b3e0-05be;El Aliento de la Transmutación Infinitas;Caspian Sterling;Alquimia Teórica;1195;431;2,31;18
e550413a-a988;Espejos de el Mercurio Rojo;Aurelius Vance;Transmutación Metálica;1238;691;1,96;32
ef0bc829-0890;Sombras sobre el Azufre Sagrado;Seraphine Crowley;Transmutación Metálica;1317;1080;4,81;22
f825ab65-c7ff;Vórtice de el Azufre Sagrado;Isolde Flamel;Transmutación Metálica;1567;786;1,54;11
f4e72c97-f21b;La Esencia de el Mercurio Rojo;Thalric Sterling;Alquimia Teórica;1122;265;1,28;20
f1931f07-0322;El Aliento de las Almas de Plomo;Isolde Vance;Transmutación Metálica;1942;991;1,91;9
44483027-12ae;Códice de las Almas de Plomo;Elara Crowley;Transmutación Metálica;1519;337;1,07;4
69903f3b-85f2;Tratado de el Azufre Sagrado;Seraphine Blackwood;Botánica Arcana;1628;1280;1,22;10
26722f89-c1e9;El Aliento de el Azufre Sagrado;Morgana Crowley;Filosofía Prohibida;1171;1049;4,44;17
eb2c7ba5-4543;Vórtice de el Mercurio Rojo;Elara Grimoire;Transmutación Metálica;1927;1033;2,77;37
bceb38c0-1a55;Sombras sobre las Almas de Plomo;Caspian Grimoire;Alquimia Teórica;1944;1276;1,83;10
4b55347b-ff5e;La Esencia de las Almas de Plomo;Aurelius Blackwood;Transmutación Metálica;1521;295;3,52;19
ab7829ac-4351;Vórtice de el Sol Negro;Morgana Grimoire;Botánica Arcana;1548;1100;3,3;24
27a88dbb-9eb8;Tratado de las Almas de Plomo;Isolde Vance;Botánica Arcana;1234;1406;3,25;15
bd284619-c42d;Códice de la Quintaesencia;Elara Crowley;Transmutación Metálica;1208;1344;1,81;15
6e4da3a7-d9fc;Sombras sobre la Transmutación Infinitas;Thalric Flamel;Transmutación Metálica;1891;1152;4,14;16
9be8b9b8-4207;Tratado de las Almas de Plomo;Caspian Nightshade;Botánica Arcana;1742;1093;1,23;39
fb0eb090-7d72;Códice de la Transmutación Infinitas;Elara Vance;Filosofía Prohibida;1693;329;1,23;29
00f39eb9-84af;Sombras sobre el Sol Negro;Elara Nightshade;Historia de la Piedra;1361;941;3,71;26
5de89e3f-c23d;El Enigma de el Sol Negro;Isolde Flamel;Historia de la Piedra;1432;320;2,75;1
b2acec7d-c1ac;El Enigma de el Azufre Sagrado;Isolde Flamel;Botánica Arcana;1531;878;3,71;33
bce0b48f-d4d9;La Esencia de la Quintaesencia;Elara Grimoire;Filosofía Prohibida;1668;1167;3,8;3
fd3bf54c-3184;Tratado de la Transmutación Infinitas;Seraphine Flamel;Alquimia Teórica;1932;924;4,25;30
70f8bf4c-ceca;Códice de la Quintaesencia;Balthazar Sterling;Transmutación Metálica;1133;815;2,17;32
751ccfa8-4b12;Espejos de la Transmutación Infinitas;Seraphine Nightshade;Transmutación Metálica;1711;220;4,91;12
72d9ea09-f15f;Sombras sobre el Sol Negro;Balthazar Grimoire;Transmutación Metálica;1448;1453;2,9;32
3105b9ae-65e0;Códice de el Azufre Sagrado;Balthazar Crowley;Filosofía Prohibida;1524;294;4,17;27
2f2cec1c-a4e4;El Aliento de el Mercurio Rojo;Elara Nightshade;Alquimia Teórica;1577;1061;1,79;15
fb3b1175-6785;Vórtice de el Azufre Sagrado;Morgana Nightshade;Transmutación Metálica;1440;725;3,09;47
ac408939-d68f;El Aliento de el Azufre Sagrado;Aurelius Grimoire;Historia de la Piedra;1707;1348;1,88;13
7d49b6ef-84d0;El Enigma de el Sol Negro;Seraphine Grimoire;Botánica Arcana;1444;673;1,08;1
85ba0103-67a1;El Aliento de el Mercurio Rojo;Elara Grimoire;Transmutación Metálica;1288;973;2,36;50
41fe5280-97f9;Espejos de el Mercurio Rojo;Isolde Vance;Historia de la Piedra;1393;1251;1,98;35
686f1727-a0d3;La Esencia de el Azufre Sagrado;Balthazar Sterling;Transmutación Metálica;2009;317;4,04;47
a9858943-f8f5;Tratado de la Transmutación Infinitas;Balthazar Grimoire;Transmutación Metálica;1794;142;4,14;3
63219e00-8d2b;Espejos de la Quintaesencia;Morgana Blackwood;Alquimia Teórica;1713;178;1,59;46
8f5765a2-c60a;Códice de el Mercurio Rojo;Seraphine Crowley;Transmutación Metálica;1640;1176;4,91;2
d39fe869-f2ae;Vórtice de la Transmutación Infinitas;Balthazar Grimoire;Filosofía Prohibida;1642;1137;4;36
158a7d5f-7593;Espejos de la Quintaesencia;Seraphine Flamel;Historia de la Piedra;1396;665;3,14;27
a3df71fc-fc4b;Espejos de el Azufre Sagrado;Thalric Grimoire;Alquimia Teórica;1602;792;2,09;1
04af7749-ece7;El Aliento de el Sol Negro;Elara Blackwood;Alquimia Teórica;1441;504;4,97;24
529a4d63-27c8;Espejos de la Transmutación Infinitas;Seraphine Sterling;Botánica Arcana;1796;744;4,46;32
c4d617d9-c75a;Sombras sobre el Azufre Sagrado;Isolde Nightshade;Historia de la Piedra;1902;1432;2,87;9
1c5c1258-5c95;La Esencia de la Transmutación Infinitas;Seraphine Crowley;Alquimia Teórica;1342;1323;4,17;47
2d75882f-d31b;Códice de las Almas de Plomo;Seraphine Nightshade;Alquimia Teórica;1720;798;3,26;3
b4bfdf53-86db;La Esencia de el Azufre Sagrado;Aurelius Grimoire;Botánica Arcana;1217;915;2,42;20
5f9b6c8b-daf6;Tratado de el Sol Negro;Seraphine Sterling;Transmutación Metálica;1743;221;4,33;46
163ebec1-15dd;Espejos de la Quintaesencia;Balthazar Sterling;Botánica Arcana;1572;1141;1,73;32
c0c1d275-c00b;Códice de la Quintaesencia;Isolde Sterling;Historia de la Piedra;1453;684;4,5;24
662e5e53-265d;Códice de el Mercurio Rojo;Caspian Flamel;Filosofía Prohibida;1961;1276;3,48;37
5e1bd629-9f3c;Tratado de la Transmutación Infinitas;Morgana Crowley;Filosofía Prohibida;1312;1056;3,06;42
53e8761b-7f46;Códice de el Azufre Sagrado;Caspian Vance;Historia de la Piedra;1136;1006;3,38;8
dc65afa4-30e4;Tratado de las Almas de Plomo;Aurelius Flamel;Historia de la Piedra;1339;831;3,91;6
7443efe4-5fe3;Vórtice de la Quintaesencia;Balthazar Nightshade;Alquimia Teórica;1419;517;3,07;34
92aac430-65bc;Tratado de la Quintaesencia;Isolde Flamel;Alquimia Teórica;1204;778;4,2;37
390f01e2-2cac;Vórtice de el Mercurio Rojo;Aurelius Flamel;Historia de la Piedra;1416;324;4,37;39
f86edb36-34d3;Tratado de las Almas de Plomo;Morgana Blackwood;Botánica Arcana;1449;232;4,45;15
87e78670-51bd;El Aliento de la Quintaesencia;Thalric Nightshade;Botánica Arcana;1735;392;1,25;21
00967f50-a6fc;Tratado de el Sol Negro;Seraphine Sterling;Botánica Arcana;1494;852;2,99;11
7c91f65c-a695;Sombras sobre la Transmutación Infinitas;Isolde Vance;Filosofía Prohibida;1824;1440;1,59;44
d77765be-f229;Códice de el Sol Negro;Morgana Blackwood;Botánica Arcana;2017;926;3;6
a4754ebe-35c8;Vórtice de el Sol Negro;Morgana Crowley;Alquimia Teórica;1691;882;4,98;20
53d6a616-9b3d;El Aliento de las Almas de Plomo;Thalric Flamel;Transmutación Metálica;1360;815;1,31;9
42e30474-a1bd;El Enigma de las Almas de Plomo;Seraphine Grimoire;Botánica Arcana;1668;121;2,78;6
6dd129db-82ac;El Enigma de la Quintaesencia;Morgana Flamel;Filosofía Prohibida;1168;1057;3,73;44
abfab1af-6ce1;El Enigma de la Transmutación Infinitas;Caspian Sterling;Transmutación Metálica;1836;1344;2,75;28
f0db51d7-9127;Sombras sobre las Almas de Plomo;Morgana Crowley;Historia de la Piedra;1498;753;2,04;43
e47e5891-413d;Sombras sobre la Transmutación Infinitas;Elara Grimoire;Alquimia Teórica;1163;724;3,9;10
73d58056-0ed3;Vórtice de el Azufre Sagrado;Aurelius Nightshade;Alquimia Teórica;1565;1337;1,31;44
ab75ef86-f0bb;Espejos de la Quintaesencia;Thalric Flamel;Botánica Arcana;1532;710;3,86;2
f65b24f8-ad9c;El Enigma de la Quintaesencia;Caspian Nightshade;Filosofía Prohibida;1467;999;1,98;37
63a3e9d2-e12e;Sombras sobre la Quintaesencia;Aurelius Vance;Botánica Arcana;1945;1376;3,68;46
632b2bad-6d15;El Aliento de la Quintaesencia;Balthazar Sterling;Alquimia Teórica;1585;796;4,83;50
46a7a96c-750f;Sombras sobre el Azufre Sagrado;Aurelius Crowley;Alquimia Teórica;1535;909;3,91;2
7afa572b-272b;El Enigma de la Quintaesencia;Caspian Vance;Botánica Arcana;1903;238;3,06;38
976711d7-1d7c;Espejos de el Mercurio Rojo;Aurelius Nightshade;Botánica Arcana;1815;1226;2,16;2
cd5163f4-df68;La Esencia de el Sol Negro;Thalric Nightshade;Botánica Arcana;1410;281;1,08;10
e91b10d4-834c;Vórtice de el Azufre Sagrado;Balthazar Blackwood;Alquimia Teórica;1330;249;2,04;18
09313521-abc0;Espejos de las Almas de Plomo;Thalric Crowley;Filosofía Prohibida;1459;899;4,92;41
1c8f02ac-32ee;El Enigma de el Sol Negro;Isolde Sterling;Botánica Arcana;1249;1141;2,72;14
94b01741-8bec;El Enigma de las Almas de Plomo;Morgana Blackwood;Alquimia Teórica;1434;865;1,27;4
3b3c882a-c36b;Tratado de el Mercurio Rojo;Morgana Grimoire;Historia de la Piedra;1131;956;1,35;32
a0b78db9-baf4;Vórtice de el Sol Negro;Balthazar Sterling;Botánica Arcana;1593;1462;4,08;24
90e5287a-e48b;Códice de la Quintaesencia;Seraphine Crowley;Filosofía Prohibida;1641;1183;3,12;31
9b869bdd-707a;Códice de la Quintaesencia;Thalric Grimoire;Botánica Arcana;2021;819;2,79;19
ef1e4e9b-f9ae;Tratado de la Transmutación Infinitas;Elara Vance;Transmutación Metálica;1974;668;2,18;14
c19e6821-7bcc;Espejos de el Sol Negro;Thalric Blackwood;Transmutación Metálica;1655;407;4,89;29
9bfb4e5d-1c7e;El Aliento de el Azufre Sagrado;Isolde Flamel;Botánica Arcana;1466;663;3,7;19
94a5a18c-b747;Vórtice de el Mercurio Rojo;Elara Flamel;Historia de la Piedra;1334;1171;1,83;11
aba33054-0840;Sombras sobre el Azufre Sagrado;Balthazar Blackwood;Transmutación Metálica;1412;670;4,93;5
f1c36a0e-a8f9;Tratado de el Mercurio Rojo;Caspian Grimoire;Filosofía Prohibida;1538;1152;4,16;24
5009bd70-0f92;El Enigma de las Almas de Plomo;Seraphine Nightshade;Botánica Arcana;1797;455;2,89;44
a5492f7e-e0be;Tratado de las Almas de Plomo;Caspian Crowley;Botánica Arcana;1409;966;1,43;34
62144bfc-ab2b;Sombras sobre las Almas de Plomo;Elara Blackwood;Filosofía Prohibida;1228;627;1,44;12
520d07ee-9e68;El Aliento de la Transmutación Infinitas;Elara Nightshade;Botánica Arcana;1312;1220;3,28;1
0b014f4a-df4a;Espejos de la Transmutación Infinitas;Caspian Vance;Alquimia Teórica;1674;1086;4,45;13
6dfc0f2e-cc0f;La Esencia de el Mercurio Rojo;Aurelius Grimoire;Botánica Arcana;1555;440;4,75;19
679fa9a6-4496;El Enigma de la Transmutación Infinitas;Thalric Blackwood;Transmutación Metálica;1567;1456;4,23;24
ae78e822-cb02;Sombras sobre el Sol Negro;Aurelius Grimoire;Botánica Arcana;1179;1020;4,27;26
150d145c-8905;Vórtice de la Transmutación Infinitas;Caspian Grimoire;Historia de la Piedra;1416;1469;2,97;12
842b840c-986a;Espejos de el Sol Negro;Seraphine Flamel;Botánica Arcana;1977;672;1,53;33
17002cb9-19e0;Espejos de el Mercurio Rojo;Caspian Grimoire;Historia de la Piedra;1255;735;2,62;49
cc4b0a8c-d4e2;Tratado de el Mercurio Rojo;Thalric Sterling;Filosofía Prohibida;1195;214;2,53;11
3d072b88-2dce;El Enigma de el Sol Negro;Balthazar Sterling;Botánica Arcana;1646;352;4,44;24
e2ddbc9d-0b7c;Espejos de el Mercurio Rojo;Thalric Blackwood;Transmutación Metálica;1720;1376;2,91;7
2b274e53-796e;El Enigma de el Azufre Sagrado;Isolde Grimoire;Alquimia Teórica;1565;1452;3,75;50
2d812e38-7da9;La Esencia de las Almas de Plomo;Seraphine Grimoire;Filosofía Prohibida;1478;470;1,56;19
232bd6a2-c954;Espejos de la Transmutación Infinitas;Aurelius Flamel;Botánica Arcana;1550;1284;3,53;25
5d998af0-e280;Espejos de la Transmutación Infinitas;Balthazar Grimoire;Filosofía Prohibida;1203;1040;1,97;5
5c104f3c-f591;Espejos de las Almas de Plomo;Morgana Flamel;Botánica Arcana;1932;1107;3;43
f31d1c16-b550;Sombras sobre la Transmutación Infinitas;Aurelius Nightshade;Filosofía Prohibida;1495;856;3,14;40
dd904877-0365;Espejos de el Sol Negro;Aurelius Sterling;Alquimia Teórica;1225;670;2,91;22
31d8cca8-1f4f;Códice de el Azufre Sagrado;Elara Blackwood;Transmutación Metálica;1102;144;2,82;41
51f02af9-12d1;Sombras sobre las Almas de Plomo;Aurelius Sterling;Transmutación Metálica;1813;694;1,04;12
18fe12ef-1153;El Enigma de la Transmutación Infinitas;Isolde Grimoire;Alquimia Teórica;1995;782;3,08;7
3aca1e43-990e;El Enigma de la Quintaesencia;Thalric Nightshade;Alquimia Teórica;1984;944;4,09;41
35fefdff-3c6b;El Aliento de el Sol Negro;Caspian Flamel;Filosofía Prohibida;1572;1396;1,15;26
3a83098b-e1ae;Espejos de la Transmutación Infinitas;Seraphine Vance;Alquimia Teórica;1777;203;4,44;1
0ccdac12-62de;Códice de las Almas de Plomo;Seraphine Blackwood;Alquimia Teórica;1524;691;4,15;31
f8a893dd-a57d;Espejos de la Quintaesencia;Isolde Blackwood;Historia de la Piedra;1411;1241;2,46;8
88d97413-85f8;El Enigma de las Almas de Plomo;Thalric Grimoire;Botánica Arcana;1688;467;1,1;46
42ac6890-317c;El Enigma de la Quintaesencia;Balthazar Sterling;Botánica Arcana;1887;790;3,03;18
2786b4d3-0079;La Esencia de las Almas de Plomo;Caspian Crowley;Botánica Arcana;1962;816;2,03;50
2444db1c-5d14;Códice de el Sol Negro;Morgana Blackwood;Filosofía Prohibida;1635;466;2,94;19
307e284f-5847;El Enigma de el Azufre Sagrado;Caspian Vance;Transmutación Metálica;1362;1298;4,07;6
0e0de55b-d2ca;Tratado de el Sol Negro;Morgana Grimoire;Botánica Arcana;1474;336;3,29;45
f59e2dfa-c164;Sombras sobre el Azufre Sagrado;Elara Flamel;Transmutación Metálica;1455;959;2,07;13
c5134ce2-7ebf;El Aliento de el Mercurio Rojo;Elara Nightshade;Alquimia Teórica;1320;1319;2,94;6
d94b05cc-32c2;Espejos de el Mercurio Rojo;Seraphine Grimoire;Historia de la Piedra;1414;1409;4,95;35
138241e1-a957;La Esencia de el Azufre Sagrado;Caspian Grimoire;Filosofía Prohibida;1470;178;1,43;9
a7825a4b-6ef7;Sombras sobre el Sol Negro;Aurelius Crowley;Filosofía Prohibida;1292;953;2,93;42
17319f84-6826;Sombras sobre las Almas de Plomo;Aurelius Grimoire;Filosofía Prohibida;1428;968;3,89;6
f75e36e4-72f2;Sombras sobre la Quintaesencia;Thalric Nightshade;Filosofía Prohibida;1478;927;2,44;12
34a04783-6a57;Sombras sobre el Sol Negro;Balthazar Blackwood;Transmutación Metálica;1183;215;3,76;42
613ccd4b-669d;La Esencia de la Quintaesencia;Seraphine Crowley;Transmutación Metálica;1169;1303;3,77;29
4b9da4c0-7932;La Esencia de el Mercurio Rojo;Thalric Vance;Alquimia Teórica;1226;1318;1,04;5
b5ac8dad-aa77;La Esencia de la Transmutación Infinitas;Aurelius Vance;Alquimia Teórica;1452;159;4,88;35
998aebcd-9e54;El Aliento de el Azufre Sagrado;Balthazar Crowley;Botánica Arcana;1481;762;4,4;45
85ee218f-08f8;El Aliento de el Mercurio Rojo;Caspian Grimoire;Alquimia Teórica;1791;516;4,47;40
3c64a660-3a4d;Sombras sobre la Quintaesencia;Isolde Vance;Filosofía Prohibida;1203;1496;2,06;34
3185b5d6-c20b;Códice de el Sol Negro;Caspian Nightshade;Botánica Arcana;1641;833;2,37;5
3608bdf5-2296;Códice de el Sol Negro;Seraphine Sterling;Historia de la Piedra;1422;1452;4,62;43
85e9fcfa-30bd;Vórtice de el Azufre Sagrado;Morgana Vance;Alquimia Teórica;1212;380;3,09;47
a3f0061f-482f;Códice de la Quintaesencia;Aurelius Blackwood;Alquimia Teórica;1237;84;3,77;4
725ad7c1-d394;El Aliento de el Sol Negro;Thalric Nightshade;Historia de la Piedra;1357;98;2,4;4
f2408717-4088;Sombras sobre la Transmutación Infinitas;Thalric Nightshade;Filosofía Prohibida;1469;574;2,31;3
cd5215a2-522f;Sombras sobre la Quintaesencia;Seraphine Sterling;Filosofía Prohibida;1219;1298;1,69;4
33b071eb-bbcb;La Esencia de la Transmutación Infinitas;Isolde Crowley;Alquimia Teórica;1505;1029;1,42;49
ba59cc9e-0d63;Vórtice de la Transmutación Infinitas;Aurelius Crowley;Filosofía Prohibida;1231;156;2,81;14
8cd3805e-cee6;El Aliento de la Quintaesencia;Elara Blackwood;Transmutación Metálica;1673;1492;4,96;37
9085d5f3-cddd;La Esencia de el Azufre Sagrado;Caspian Crowley;Transmutación Metálica;1625;1185;2,65;30
57b9891f-da4f;Espejos de la Quintaesencia;Balthazar Flamel;Filosofía Prohibida;1984;397;1,71;41
29f7d474-05e4;Sombras sobre la Quintaesencia;Elara Nightshade;Botánica Arcana;1476;1358;2,06;38
7aa2749f-bceb;El Enigma de el Mercurio Rojo;Seraphine Crowley;Transmutación Metálica;1599;90;3,69;22
3a6d2cd6-f735;Códice de el Mercurio Rojo;Seraphine Nightshade;Transmutación Metálica;1332;471;3,4;30
15274662-3db0;El Aliento de las Almas de Plomo;Thalric Grimoire;Filosofía Prohibida;1776;516;2,12;37
111b13cb-f718;Sombras sobre la Transmutación Infinitas;Elara Blackwood;Historia de la Piedra;1904;226;2,56;25
29668541-8949;Espejos de la Quintaesencia;Aurelius Flamel;Historia de la Piedra;1668;518;3,33;15
be775573-4f6b;Códice de las Almas de Plomo;Caspian Flamel;Filosofía Prohibida;1774;1262;4,43;4
fb3a2232-1bf3;Tratado de la Quintaesencia;Elara Flamel;Historia de la Piedra;1393;1067;4,43;22
9b10d558-6f3e;Espejos de la Transmutación Infinitas;Aurelius Crowley;Botánica Arcana;1310;827;3,99;28
618ab806-7e21;Tratado de el Sol Negro;Isolde Nightshade;Alquimia Teórica;1269;905;1,65;28
f3b9c8c1-06f8;Tratado de la Quintaesencia;Seraphine Crowley;Alquimia Teórica;1562;1440;3,48;17
b59abddf-45a3;Sombras sobre el Sol Negro;Aurelius Blackwood;Transmutación Metálica;1799;1073;4,16;27
bad58759-eb1f;Códice de el Mercurio Rojo;Thalric Sterling;Alquimia Teórica;2020;1362;2,35;8
74235bf1-6151;El Enigma de la Quintaesencia;Aurelius Nightshade;Transmutación Metálica;1837;1499;2,3;10
5b9fc606-267c;El Enigma de la Quintaesencia;Balthazar Sterling;Historia de la Piedra;1644;249;4,29;8
f94c04a6-97eb;Espejos de las Almas de Plomo;Seraphine Grimoire;Botánica Arcana;1777;896;3,48;26
feb9386f-653f;El Aliento de el Sol Negro;Elara Crowley;Transmutación Metálica;1256;291;4,32;43
d786df8d-0c3d;Sombras sobre la Quintaesencia;Thalric Grimoire;Botánica Arcana;1688;1494;4,56;30
f6f9f79b-3ff5;El Enigma de la Quintaesencia;Elara Nightshade;Historia de la Piedra;1902;714;2,45;35
6110e61c-d184;Sombras sobre el Mercurio Rojo;Aurelius Nightshade;Historia de la Piedra;1516;505;1,01;5
71b0482e-96f8;Sombras sobre las Almas de Plomo;Aurelius Vance;Historia de la Piedra;1759;336;1,28;9
7b7e51a9-f0c7;Sombras sobre las Almas de Plomo;Thalric Crowley;Botánica Arcana;1427;411;4,43;1
b607e948-8a4d;Vórtice de el Azufre Sagrado;Morgana Flamel;Botánica Arcana;1509;118;3,76;35
351aa519-885f;Tratado de la Quintaesencia;Elara Flamel;Botánica Arcana;1435;1323;1,57;17
ae0c7ee6-143e;Vórtice de el Azufre Sagrado;Seraphine Sterling;Historia de la Piedra;1332;1308;3,08;19
a1ec85b9-7dfb;Espejos de el Azufre Sagrado;Morgana Crowley;Transmutación Metálica;1846;934;1,77;20
b335c419-901c;Vórtice de el Azufre Sagrado;Morgana Vance;Filosofía Prohibida;1170;704;1,47;15
306e3955-66c0;El Aliento de el Sol Negro;Isolde Nightshade;Botánica Arcana;1253;1268;4,49;43
2e60dec2-afc9;El Aliento de la Transmutación Infinitas;Aurelius Flamel;Alquimia Teórica;1686;1026;3,83;13
efd21a5e-d31c;Espejos de el Sol Negro;Seraphine Blackwood;Botánica Arcana;1881;1095;1,73;5
86c83948-0e6b;Tratado de el Mercurio Rojo;Thalric Sterling;Transmutación Metálica;1113;695;1,38;34
d37168c4-b976;La Esencia de las Almas de Plomo;Isolde Vance;Transmutación Metálica;1414;812;4,65;41
d18fbe0b-04f5;Vórtice de el Mercurio Rojo;Balthazar Vance;Filosofía Prohibida;1571;380;4,95;31
5d683db3-6e6d;Vórtice de el Azufre Sagrado;Morgana Blackwood;Historia de la Piedra;1349;895;3,42;14
7b6ab5d6-3905;Vórtice de el Azufre Sagrado;Isolde Vance;Filosofía Prohibida;1684;572;4,6;19
b40499c2-4a77;Sombras sobre el Sol Negro;Isolde Blackwood;Filosofía Prohibida;1758;1374;4,66;47
225ccae9-a120;Espejos de la Transmutación Infinitas;Morgana Sterling;Alquimia Teórica;2006;245;1,55;9
86faf20c-0226;Sombras sobre la Quintaesencia;Thalric Nightshade;Historia de la Piedra;1135;1228;4,53;49
758f190d-675e;El Aliento de el Mercurio Rojo;Thalric Nightshade;Filosofía Prohibida;1326;1436;3,75;43
d91890a9-5f31;La Esencia de la Transmutación Infinitas;Balthazar Blackwood;Filosofía Prohibida;1814;908;2,63;49
18e19c7c-b296;El Enigma de el Azufre Sagrado;Caspian Vance;Filosofía Prohibida;1143;969;3,57;3
c78d97f8-b9d7;Vórtice de el Mercurio Rojo;Thalric Vance;Transmutación Metálica;1490;743;4,96;22
35f6e936-4a42;El Enigma de el Sol Negro;Caspian Blackwood;Alquimia Teórica;1538;1171;4,37;25
288b0d76-4731;Vórtice de las Almas de Plomo;Aurelius Blackwood;Filosofía Prohibida;1362;1369;3,96;34
b0d3922e-62da;Códice de el Sol Negro;Morgana Nightshade;Alquimia Teórica;1933;548;2,14;20
9dd1afd4-38ee;Vórtice de el Mercurio Rojo;Caspian Sterling;Botánica Arcana;1292;380;3,8;43
9782754f-b3d7;Vórtice de el Sol Negro;Aurelius Nightshade;Botánica Arcana;1179;395;3,64;14
7a43c469-df56;Espejos de el Azufre Sagrado;Thalric Sterling;Botánica Arcana;1727;596;3,47;32
30bb5550-4fb0;El Enigma de las Almas de Plomo;Isolde Crowley;Botánica Arcana;1360;256;4,21;31
d71570c5-c3bf;Espejos de el Mercurio Rojo;Balthazar Vance;Historia de la Piedra;1132;874;2,02;30
a25ba79e-7e3a;Vórtice de la Quintaesencia;Seraphine Flamel;Transmutación Metálica;1535;758;1,56;32
48560950-dc69;Vórtice de la Transmutación Infinitas;Isolde Blackwood;Botánica Arcana;1228;1319;4,72;0
e66d2362-6810;El Aliento de el Mercurio Rojo;Balthazar Sterling;Botánica Arcana;1503;1375;2,2;33
4698156d-7022;Códice de el Azufre Sagrado;Isolde Blackwood;Alquimia Teórica;1459;891;3,22;18
f1ff1049-ac3e;Vórtice de la Transmutación Infinitas;Elara Crowley;Alquimia Teórica;1633;155;3,97;18
92516a82-68b0;El Enigma de la Transmutación Infinitas;Seraphine Sterling;Botánica Arcana;2002;1102;1,74;14
59344ab0-8b2d;La Esencia de las Almas de Plomo;Elara Flamel;Historia de la Piedra;1624;226;2,92;7
7772e5e3-c01d;Espejos de el Sol Negro;Balthazar Vance;Transmutación Metálica;1925;363;1,38;14
f173da1b-6554;La Esencia de el Mercurio Rojo;Balthazar Grimoire;Filosofía Prohibida;1824;216;1,16;18
4936eabe-58b3;El Enigma de el Sol Negro;Morgana Grimoire;Filosofía Prohibida;1515;511;2,5;24
113a5259-1f8b;Vórtice de la Transmutación Infinitas;Elara Grimoire;Alquimia Teórica;1605;228;2,63;28
5e7f331e-05ef;Sombras sobre la Transmutación Infinitas;Isolde Crowley;Botánica Arcana;1885;520;2,56;37
22718e95-d50f;Tratado de el Sol Negro;Morgana Crowley;Alquimia Teórica;1863;235;1,41;22
8bc089ca-2f4e;Tratado de el Azufre Sagrado;Morgana Nightshade;Alquimia Teórica;1136;533;2,8;44
48f19125-8ddc;El Enigma de el Azufre Sagrado;Balthazar Grimoire;Transmutación Metálica;1546;103;3,91;39
de0f4551-b3d0;Sombras sobre el Mercurio Rojo;Seraphine Grimoire;Historia de la Piedra;1664;1201;2,49;30
3b9e32c4-3b7c;El Enigma de el Sol Negro;Elara Blackwood;Botánica Arcana;1496;250;3,18;9
03d3b4c2-696c;El Enigma de el Mercurio Rojo;Elara Blackwood;Filosofía Prohibida;1697;120;2,64;23
2b88b886-cad2;Códice de el Sol Negro;Morgana Flamel;Filosofía Prohibida;1837;560;3,43;25
dea2af66-0e5e;Vórtice de el Azufre Sagrado;Thalric Sterling;Botánica Arcana;1975;839;1,02;41
26b22b1b-4684;Vórtice de el Sol Negro;Isolde Grimoire;Transmutación Metálica;1861;476;3,27;45
5472c667-cf28;Espejos de el Mercurio Rojo;Thalric Vance;Filosofía Prohibida;1191;338;4,04;27
492efb2e-8c13;Tratado de el Mercurio Rojo;Caspian Nightshade;Historia de la Piedra;1668;439;2,16;20
17d1e77c-c734;Tratado de la Quintaesencia;Aurelius Crowley;Historia de la Piedra;1215;398;4,54;47
a704fd55-1da1;Códice de la Transmutación Infinitas;Morgana Blackwood;Botánica Arcana;1636;936;1,21;4
46a3023d-b5e3;Tratado de la Quintaesencia;Seraphine Flamel;Alquimia Teórica;1418;946;1,05;50
1298ee7a-be9c;Espejos de las Almas de Plomo;Balthazar Grimoire;Transmutación Metálica;1734;853;4,41;22
ca8e135b-2410;Tratado de las Almas de Plomo;Seraphine Blackwood;Filosofía Prohibida;1247;595;3,25;44
c95b49e8-cfb7;Tratado de el Mercurio Rojo;Aurelius Grimoire;Botánica Arcana;1432;1358;1,87;14
49c62d49-a257;El Aliento de las Almas de Plomo;Thalric Flamel;Botánica Arcana;1183;1285;1,87;12
664f18f7-2e4e;Sombras sobre el Azufre Sagrado;Elara Nightshade;Filosofía Prohibida;1672;352;1,06;12
fd107df7-de86;Tratado de el Mercurio Rojo;Thalric Nightshade;Transmutación Metálica;1731;1131;4,46;17
ff2500e8-5847;Códice de el Sol Negro;Morgana Grimoire;Botánica Arcana;1510;674;4,35;4
1cbb914a-f861;El Enigma de la Transmutación Infinitas;Morgana Blackwood;Alquimia Teórica;1125;1011;4,55;13
ee2fad48-d00d;El Enigma de el Sol Negro;Aurelius Vance;Historia de la Piedra;1293;531;3,71;18
22bcbdc8-cb5f;Espejos de el Sol Negro;Aurelius Sterling;Transmutación Metálica;1937;1328;4,13;8
12a43545-7deb;La Esencia de las Almas de Plomo;Elara Sterling;Botánica Arcana;1655;676;2,87;12
04a1a8d5-86a0;El Enigma de las Almas de Plomo;Thalric Blackwood;Transmutación Metálica;1879;993;2,42;19
961d400d-3dd8;El Enigma de las Almas de Plomo;Caspian Flamel;Alquimia Teórica;1724;458;2,07;14
cef3d8be-2cc5;La Esencia de el Sol Negro;Thalric Blackwood;Filosofía Prohibida;1109;176;2,91;9
c5b62de2-2f9b;El Aliento de las Almas de Plomo;Seraphine Vance;Alquimia Teórica;1347;801;4,95;24
b568c607-df0a;Sombras sobre las Almas de Plomo;Elara Flamel;Filosofía Prohibida;1848;1440;1,28;8
7d28170b-be16;El Enigma de el Sol Negro;Aurelius Grimoire;Transmutación Metálica;1660;641;1,29;19
076b61ea-2b91;La Esencia de el Mercurio Rojo;Caspian Grimoire;Botánica Arcana;1843;105;3,54;33
8647bfed-8570;Sombras sobre el Mercurio Rojo;Isolde Flamel;Botánica Arcana;1261;1266;4,03;3
051a897b-f387;Vórtice de el Sol Negro;Elara Blackwood;Filosofía Prohibida;1924;1157;2,85;32
379a0225-36cf;La Esencia de el Sol Negro;Caspian Nightshade;Filosofía Prohibida;1157;1198;3,53;9
3ff1f623-8e9e;El Aliento de las Almas de Plomo;Thalric Blackwood;Botánica Arcana;1961;167;4,03;48
9d4d75d2-0da3;El Enigma de el Mercurio Rojo;Balthazar Grimoire;Botánica Arcana;1546;1053;4,02;37
8a55ffec-a744;La Esencia de la Quintaesencia;Morgana Grimoire;Alquimia Teórica;1779;381;4,03;36
6d19a38a-eb6f;La Esencia de el Sol Negro;Thalric Crowley;Botánica Arcana;1456;1349;1,86;20
6811da0e-f88b;Vórtice de las Almas de Plomo;Caspian Blackwood;Alquimia Teórica;1165;583;1,06;40
0b08ce8b-58a2;Espejos de la Transmutación Infinitas;Elara Blackwood;Filosofía Prohibida;1301;547;1,89;29
a0e7cf00-f28e;La Esencia de las Almas de Plomo;Thalric Sterling;Alquimia Teórica;1392;1306;3,83;32
1b97a3b3-b452;Espejos de el Mercurio Rojo;Balthazar Crowley;Historia de la Piedra;1726;1410;2,35;29
ad32349c-a362;El Aliento de el Mercurio Rojo;Aurelius Flamel;Historia de la Piedra;1540;1264;3,85;26
bec4b583-1711;Tratado de el Mercurio Rojo;Elara Sterling;Alquimia Teórica;1562;1073;4,68;47
dda61d3a-d1f4;Códice de las Almas de Plomo;Seraphine Crowley;Alquimia Teórica;1182;1294;2,51;15
2e7e85ab-d40b;El Enigma de el Azufre Sagrado;Elara Grimoire;Transmutación Metálica;1680;1455;4,98;22
2059bcf5-be40;El Enigma de la Transmutación Infinitas;Thalric Blackwood;Alquimia Teórica;1281;430;4,64;12
ebbbcd73-3f49;El Enigma de el Azufre Sagrado;Isolde Crowley;Filosofía Prohibida;1274;965;1,37;33
1ca46f1a-32ec;Espejos de las Almas de Plomo;Thalric Blackwood;Transmutación Metálica;1544;480;4,53;26
f4f6fd2c-0697;El Aliento de las Almas de Plomo;Aurelius Nightshade;Alquimia Teórica;1627;420;1,27;26
1504b215-da7a;El Enigma de la Quintaesencia;Thalric Sterling;Alquimia Teórica;1417;264;1,96;39
3a30f7fe-463f;El Aliento de la Transmutación Infinitas;Morgana Nightshade;Historia de la Piedra;1149;681;4,38;25
04cccb5c-b16c;Sombras sobre la Transmutación Infinitas;Thalric Vance;Transmutación Metálica;1456;1034;3,97;28
1e8fd2ac-ab05;Vórtice de la Quintaesencia;Aurelius Crowley;Historia de la Piedra;1746;687;3,59;17
105600e6-fdec;El Aliento de la Quintaesencia;Aurelius Blackwood;Transmutación Metálica;1846;780;2,39;39
c52fddf4-1c48;Sombras sobre el Sol Negro;Morgana Nightshade;Transmutación Metálica;1783;1307;3,47;31
5cea4764-d70d;Sombras sobre la Quintaesencia;Elara Flamel;Filosofía Prohibida;1257;1351;4,12;13
6286846f-84dc;Sombras sobre la Quintaesencia;Isolde Flamel;Historia de la Piedra;1565;187;2,24;41
6160c3dd-6769;Códice de la Quintaesencia;Balthazar Nightshade;Alquimia Teórica;1221;501;2,22;31
a49a3e1b-73c5;Sombras sobre el Sol Negro;Seraphine Grimoire;Transmutación Metálica;1128;327;1,2;11
835b4308-9cff;Códice de el Mercurio Rojo;Thalric Crowley;Historia de la Piedra;1794;839;1,74;1
634db075-540d;Espejos de el Mercurio Rojo;Thalric Vance;Filosofía Prohibida;1692;961;3,72;11
4c212e76-9940;El Enigma de la Quintaesencia;Isolde Vance;Transmutación Metálica;1255;1164;4,7;49
966c6362-8573;Espejos de las Almas de Plomo;Elara Nightshade;Alquimia Teórica;1346;116;1,33;48
0a8b351d-5237;El Aliento de la Transmutación Infinitas;Elara Sterling;Transmutación Metálica;1212;273;3,31;2
37366a0c-b877;El Enigma de el Mercurio Rojo;Morgana Nightshade;Botánica Arcana;1992;242;2,76;23
ea1994b9-e27b;La Esencia de las Almas de Plomo;Seraphine Crowley;Botánica Arcana;1192;159;3,66;16
f4585b36-3ef1;Tratado de la Quintaesencia;Morgana Blackwood;Historia de la Piedra;2014;1265;4,98;16
3a01f344-a026;Vórtice de el Mercurio Rojo;Seraphine Blackwood;Historia de la Piedra;1671;323;2,39;44
cc33f5b7-4112;Códice de el Mercurio Rojo;Seraphine Nightshade;Botánica Arcana;1178;1009;3;33
d6bdf892-7309;Vórtice de las Almas de Plomo;Balthazar Flamel;Transmutación Metálica;1109;808;4,01;36
8bfcc9d7-def2;La Esencia de el Mercurio Rojo;Aurelius Flamel;Botánica Arcana;1250;1042;4,77;26
bca00d71-566d;El Enigma de las Almas de Plomo;Aurelius Sterling;Botánica Arcana;1302;156;4,88;11
182f4ca0-f9d5;La Esencia de el Sol Negro;Thalric Vance;Transmutación Metálica;1491;320;3,1;40
79d5fda1-69b6;Códice de el Sol Negro;Thalric Flamel;Historia de la Piedra;1985;308;1,69;8
85e28d81-f08a;El Aliento de el Mercurio Rojo;Seraphine Sterling;Alquimia Teórica;1488;799;4,34;5
dadb3fce-5d69;Sombras sobre la Quintaesencia;Thalric Crowley;Historia de la Piedra;1142;594;4,45;35
ba511acf-a75c;Vórtice de el Mercurio Rojo;Morgana Flamel;Historia de la Piedra;1679;947;4,16;36
ea765d4c-bb8e;Vórtice de la Transmutación Infinitas;Caspian Vance;Alquimia Teórica;1703;1259;2,76;16
a0c9ceaf-e119;Vórtice de el Sol Negro;Elara Blackwood;Historia de la Piedra;1969;443;2,89;41
aba5cdc4-08c2;El Enigma de el Mercurio Rojo;Thalric Sterling;Transmutación Metálica;1644;1226;4,8;34
d91ed137-a523;La Esencia de el Sol Negro;Morgana Nightshade;Historia de la Piedra;1108;1118;1,95;8
4297af93-de1e;Tratado de el Mercurio Rojo;Isolde Sterling;Botánica Arcana;1673;1244;2,47;45
79387551-a847;Sombras sobre la Transmutación Infinitas;Morgana Grimoire;Historia de la Piedra;1106;1410;4,45;43
86c93409-fe04;El Aliento de el Mercurio Rojo;Caspian Crowley;Alquimia Teórica;1609;687;1,61;33
984a2c31-1174;Sombras sobre las Almas de Plomo;Caspian Grimoire;Alquimia Teórica;1303;918;1,28;35
dc863cb0-0414;Códice de el Sol Negro;Aurelius Grimoire;Historia de la Piedra;1887;119;1,6;3
1cc43304-e467;Espejos de el Sol Negro;Isolde Sterling;Transmutación Metálica;1658;301;1,48;36
16056fc5-ac99;Tratado de la Quintaesencia;Seraphine Blackwood;Botánica Arcana;1878;1318;3,95;50
ed6d4f4f-ba05;Tratado de el Azufre Sagrado;Thalric Blackwood;Filosofía Prohibida;1861;553;3,69;11
cdcd6ba6-b6d0;La Esencia de las Almas de Plomo;Elara Blackwood;Filosofía Prohibida;1228;1179;2,98;0
0db6e96d-7045;La Esencia de la Quintaesencia;Balthazar Vance;Alquimia Teórica;1377;1062;1,31;33
5b83b1b0-3116;Tratado de el Sol Negro;Morgana Vance;Alquimia Teórica;1836;668;1,16;40
4bd8e7d3-1d29;Espejos de el Sol Negro;Aurelius Flamel;Historia de la Piedra;1570;593;2,77;22
b9760123-06cc;Sombras sobre el Azufre Sagrado;Caspian Vance;Transmutación Metálica;1591;735;1,66;28
8db598de-c606;Sombras sobre la Quintaesencia;Morgana Blackwood;Filosofía Prohibida;1754;1457;2,57;24
40f9674b-af23;Vórtice de la Transmutación Infinitas;Aurelius Flamel;Filosofía Prohibida;1903;1246;4,11;0
327c98a8-df68;Tratado de el Sol Negro;Balthazar Sterling;Filosofía Prohibida;1677;1440;2,32;31
d416999c-2343;Espejos de las Almas de Plomo;Thalric Blackwood;Botánica Arcana;1676;1480;4,94;45
5b59fa41-2ee9;Espejos de el Mercurio Rojo;Elara Flamel;Filosofía Prohibida;1287;1187;1,35;37
c2f29233-5c23;Sombras sobre el Azufre Sagrado;Seraphine Grimoire;Historia de la Piedra;1632;942;4,71;38
5a041959-6277;El Enigma de las Almas de Plomo;Seraphine Flamel;Botánica Arcana;1349;243;4,33;44
d6deab87-8e4c;Espejos de las Almas de Plomo;Isolde Grimoire;Historia de la Piedra;1286;1071;4,64;9
e546b0ac-f8ce;El Aliento de el Mercurio Rojo;Isolde Blackwood;Botánica Arcana;1979;1209;3,56;31
25fb22db-5ba3;Vórtice de el Sol Negro;Aurelius Vance;Alquimia Teórica;1221;953;2,33;0
8b2750ce-17ec;Códice de la Quintaesencia;Morgana Blackwood;Transmutación Metálica;1278;992;2;3
84d8dbcc-edcc;La Esencia de la Transmutación Infinitas;Seraphine Vance;Historia de la Piedra;1222;595;1,25;21
375dd58d-5f43;Sombras sobre el Sol Negro;Elara Vance;Transmutación Metálica;1439;533;3,51;23
caadd5d5-f51a;Espejos de la Transmutación Infinitas;Caspian Sterling;Filosofía Prohibida;1600;262;4,87;35
c4b54caf-8671;El Aliento de la Quintaesencia;Morgana Grimoire;Historia de la Piedra;1573;1231;2,52;31
4d401034-486e;El Enigma de la Transmutación Infinitas;Isolde Crowley;Botánica Arcana;1402;459;1,3;21
756c08d8-3330;El Aliento de la Quintaesencia;Seraphine Blackwood;Botánica Arcana;1837;1423;4,16;4
d477f042-a314;Tratado de las Almas de Plomo;Isolde Blackwood;Botánica Arcana;1647;1307;1,78;28
892c72b3-2a0f;La Esencia de el Azufre Sagrado;Aurelius Vance;Alquimia Teórica;1864;866;4,6;0
3f27e96c-7fba;Códice de la Quintaesencia;Caspian Crowley;Transmutación Metálica;1223;469;3,64;18
c2d0af38-1c59;El Aliento de el Mercurio Rojo;Morgana Flamel;Alquimia Teórica;2026;1139;4,72;17
f7c743d0-6c51;Tratado de las Almas de Plomo;Isolde Crowley;Alquimia Teórica;1478;253;4,7;6
dae403a6-feaf;Vórtice de las Almas de Plomo;Balthazar Crowley;Transmutación Metálica;1838;1415;3,14;44
7b4ec2b5-4d43;Sombras sobre la Quintaesencia;Thalric Nightshade;Botánica Arcana;1224;1063;1,32;49
f0377311-61ba;Vórtice de la Quintaesencia;Elara Flamel;Filosofía Prohibida;1436;327;1,72;2
8f12d993-a8bd;Espejos de el Azufre Sagrado;Isolde Grimoire;Filosofía Prohibida;1164;937;2,5;8
5507c3a2-9ebc;El Aliento de la Transmutación Infinitas;Isolde Crowley;Historia de la Piedra;1765;1308;3,26;26
7303dde0-c802;La Esencia de las Almas de Plomo;Thalric Crowley;Filosofía Prohibida;1464;802;1,43;1
97a105a8-0321;El Aliento de el Azufre Sagrado;Seraphine Blackwood;Transmutación Metálica;1496;1438;3,25;41
729a566f-848f;Tratado de el Mercurio Rojo;Caspian Blackwood;Transmutación Metálica;1290;898;4,56;33
f2e1ccca-30c7;Códice de el Azufre Sagrado;Caspian Flamel;Transmutación Metálica;1375;408;4,29;15
551391d6-a923;Sombras sobre la Quintaesencia;Balthazar Sterling;Historia de la Piedra;1338;962;2,83;10
f4740165-a1a9;Códice de la Quintaesencia;Aurelius Vance;Historia de la Piedra;1487;1176;3,09;48
c19a1864-7e4d;La Esencia de las Almas de Plomo;Isolde Flamel;Filosofía Prohibida;1726;585;4,14;48
4189495d-cd28;Espejos de el Sol Negro;Isolde Sterling;Alquimia Teórica;1301;741;2,46;23
1921c80a-0d83;El Enigma de la Quintaesencia;Balthazar Sterling;Filosofía Prohibida;1381;1022;1,25;19
a97e355c-9718;Espejos de la Quintaesencia;Balthazar Vance;Filosofía Prohibida;1768;782;2,31;32
fb1500ff-9fe4;El Enigma de las Almas de Plomo;Balthazar Crowley;Transmutación Metálica;1223;275;2,18;19
3851cba5-dc2e;El Enigma de el Azufre Sagrado;Caspian Crowley;Filosofía Prohibida;1534;1462;2,31;3
cb18a27c-c183;La Esencia de el Azufre Sagrado;Elara Flamel;Botánica Arcana;1982;1158;4,08;22
bf70d6a6-2702;Tratado de el Mercurio Rojo;Caspian Nightshade;Transmutación Metálica;1833;564;2,56;26
40f5bb6d-28e6;Códice de las Almas de Plomo;Seraphine Grimoire;Historia de la Piedra;1999;343;4,96;42
c97f329e-da20;La Esencia de el Sol Negro;Seraphine Grimoire;Transmutación Metálica;1230;935;2,95;31
2433ca51-618d;Códice de las Almas de Plomo;Morgana Grimoire;Historia de la Piedra;1259;245;2,04;35
1be13fac-c24d;Espejos de el Sol Negro;Elara Flamel;Transmutación Metálica;1491;922;2,24;9
bc735ae9-248c;El Enigma de el Sol Negro;Isolde Sterling;Alquimia Teórica;1434;1008;3,07;42
7beaa670-785c;Espejos de la Quintaesencia;Isolde Grimoire;Filosofía Prohibida;1831;1404;3,56;33
ff0eb907-af8d;Tratado de la Transmutación Infinitas;Elara Nightshade;Botánica Arcana;1701;1387;4,72;15
207d52aa-29d9;La Esencia de el Sol Negro;Elara Vance;Historia de la Piedra;1127;1134;4,44;9
66f5ed1c-90d4;El Aliento de el Mercurio Rojo;Elara Blackwood;Filosofía Prohibida;1888;448;3,44;39
fa076178-90bf;Códice de la Transmutación Infinitas;Elara Nightshade;Alquimia Teórica;1585;1276;1,57;8
7f7cd1ae-2c85;Tratado de el Sol Negro;Caspian Grimoire;Transmutación Metálica;1573;1183;2,63;31
7000c4a5-78d5;Vórtice de el Mercurio Rojo;Aurelius Grimoire;Historia de la Piedra;1719;1424;4,28;19
6a26d9bf-fae5;Espejos de el Sol Negro;Balthazar Crowley;Historia de la Piedra;1403;557;3,04;47
626a741f-896e;Códice de la Quintaesencia;Isolde Grimoire;Historia de la Piedra;1650;1191;4,17;50
8f11fe7a-01a3;El Enigma de el Azufre Sagrado;Elara Crowley;Transmutación Metálica;1567;227;1,19;9
0837641f-fb46;La Esencia de las Almas de Plomo;Thalric Grimoire;Transmutación Metálica;1758;178;1,06;28
3aca6fad-bafb;Códice de la Quintaesencia;Morgana Vance;Historia de la Piedra;1289;1118;2,27;31
0b3a087a-a965;Espejos de la Transmutación Infinitas;Balthazar Sterling;Historia de la Piedra;1258;511;1,24;17
3382a4b4-23f6;Códice de el Azufre Sagrado;Isolde Flamel;Transmutación Metálica;1223;1082;3,78;35
4ff32249-5937;Vórtice de la Transmutación Infinitas;Seraphine Sterling;Transmutación Metálica;1594;670;1,8;47
9572a5a2-4351;Espejos de la Transmutación Infinitas;Morgana Nightshade;Filosofía Prohibida;1409;1219;1,75;44
42bee856-b6d6;Códice de la Transmutación Infinitas;Isolde Nightshade;Botánica Arcana;1252;1329;1,6;39
8acea37d-38b5;El Aliento de las Almas de Plomo;Isolde Nightshade;Botánica Arcana;1292;490;1,58;45
4a5e770d-b020;Vórtice de la Quintaesencia;Balthazar Crowley;Filosofía Prohibida;1692;417;4,18;21
4be58fef-0789;Espejos de el Sol Negro;Balthazar Crowley;Transmutación Metálica;1394;1260;1,84;31
af7f91f6-a7e5;Tratado de la Quintaesencia;Seraphine Grimoire;Filosofía Prohibida;1458;254;1,81;36
11e4374c-7581;Sombras sobre la Transmutación Infinitas;Morgana Vance;Transmutación Metálica;1983;1379;3,02;1
c8a8d5d6-3829;Tratado de el Mercurio Rojo;Caspian Sterling;Transmutación Metálica;1498;945;1,4;26
56388c73-45fd;Vórtice de el Azufre Sagrado;Caspian Grimoire;Historia de la Piedra;1670;865;2,42;35
0c89985c-2c9e;Sombras sobre el Mercurio Rojo;Caspian Sterling;Botánica Arcana;1848;1496;2,2;22
1fe3067a-8f98;El Enigma de el Sol Negro;Thalric Nightshade;Transmutación Metálica;1951;318;2,97;1
d2fe484b-f779;Espejos de el Mercurio Rojo;Balthazar Sterling;Historia de la Piedra;1465;1045;3,66;42
fdbdbe0a-fac3;El Enigma de las Almas de Plomo;Elara Blackwood;Alquimia Teórica;1481;464;3,75;2
31c9d29e-2518;Vórtice de la Quintaesencia;Morgana Crowley;Filosofía Prohibida;2010;648;4,4;7
bb848684-c006;Vórtice de el Mercurio Rojo;Caspian Grimoire;Alquimia Teórica;1985;1202;2,46;17
2b9f2a64-b9fc;El Enigma de las Almas de Plomo;Caspian Sterling;Filosofía Prohibida;1549;1436;1,88;37
820bee05-2cb9;Sombras sobre el Mercurio Rojo;Aurelius Crowley;Filosofía Prohibida;1380;112;2,75;40
c7baeb8e-ffc3;La Esencia de la Transmutación Infinitas;Thalric Crowley;Transmutación Metálica;1365;518;1,66;14
fdea1ae9-302b;Tratado de el Mercurio Rojo;Balthazar Nightshade;Filosofía Prohibida;1450;1484;1,26;29
28bc246d-2266;El Aliento de el Sol Negro;Morgana Blackwood;Historia de la Piedra;1460;712;4,87;44
4997f1af-2935;El Enigma de el Azufre Sagrado;Aurelius Blackwood;Alquimia Teórica;1606;462;1,89;32
644de141-b54d;Vórtice de el Azufre Sagrado;Caspian Vance;Filosofía Prohibida;1599;1344;1,66;18
82f39643-9d45;Vórtice de el Azufre Sagrado;Isolde Blackwood;Transmutación Metálica;1168;1152;4,54;41
e767dc99-9353;Códice de la Quintaesencia;Thalric Blackwood;Transmutación Metálica;1213;886;1,89;36
b0e9064f-f450;La Esencia de el Mercurio Rojo;Isolde Blackwood;Alquimia Teórica;1975;1424;1,69;24
a0d22403-b7fc;Vórtice de el Mercurio Rojo;Isolde Nightshade;Historia de la Piedra;1812;1302;2,82;50
1962c9dd-e620;Códice de la Transmutación Infinitas;Morgana Crowley;Transmutación Metálica;1185;455;1,69;44
8c7bc2ec-9734;Espejos de el Mercurio Rojo;Isolde Flamel;Botánica Arcana;1211;1363;1,24;49
4bb42773-a4ef;El Enigma de el Azufre Sagrado;Morgana Nightshade;Transmutación Metálica;2000;614;4,16;19
05a8d1fd-60d1;La Esencia de el Sol Negro;Seraphine Vance;Botánica Arcana;1680;117;4,44;26
141ebf0b-8f7c;Vórtice de el Sol Negro;Aurelius Vance;Filosofía Prohibida;1158;1213;1,15;38
29440aa5-2001;El Aliento de el Azufre Sagrado;Morgana Vance;Transmutación Metálica;1684;253;1,01;0
2ea73852-23f4;Tratado de el Azufre Sagrado;Thalric Crowley;Botánica Arcana;1279;478;2,52;13
e2bee72a-2838;Códice de la Transmutación Infinitas;Balthazar Crowley;Historia de la Piedra;2001;425;3,12;0
3347226c-b938;La Esencia de la Quintaesencia;Morgana Blackwood;Filosofía Prohibida;1334;1363;1,65;36
3af84fc0-7737;Vórtice de el Azufre Sagrado;Seraphine Sterling;Alquimia Teórica;1623;267;2,6;38
476c9484-a697;Espejos de la Transmutación Infinitas;Thalric Vance;Alquimia Teórica;1497;466;3,41;41
4f708acb-6311;Sombras sobre las Almas de Plomo;Balthazar Blackwood;Historia de la Piedra;1858;1092;4,44;41
bf00be3b-59a4;El Aliento de las Almas de Plomo;Aurelius Grimoire;Filosofía Prohibida;1758;590;4,09;16
bb05f5a2-3ef6;El Enigma de la Transmutación Infinitas;Seraphine Crowley;Botánica Arcana;1518;1080;3,63;23
2b9bd2ed-c6c6;Códice de el Mercurio Rojo;Caspian Vance;Historia de la Piedra;1922;452;2,62;13
4da6da1d-d5df;Espejos de el Mercurio Rojo;Caspian Vance;Alquimia Teórica;1556;486;3,64;3
036ced34-9e1c;Sombras sobre el Mercurio Rojo;Seraphine Blackwood;Alquimia Teórica;1478;472;1,89;28
3aa34b5f-690c;La Esencia de el Azufre Sagrado;Morgana Crowley;Transmutación Metálica;1106;725;4,21;20
53bf0f7c-415a;El Aliento de la Transmutación Infinitas;Isolde Blackwood;Alquimia Teórica;1601;1115;2,98;49
b34a7392-9df6;Espejos de las Almas de Plomo;Caspian Crowley;Historia de la Piedra;1702;236;4,28;12
fe251ff9-2783;Tratado de la Transmutación Infinitas;Thalric Blackwood;Filosofía Prohibida;1935;675;2,48;12
e27337b5-a198;Tratado de la Quintaesencia;Morgana Nightshade;Botánica Arcana;1709;344;3,61;32
36dc710a-3c41;El Enigma de el Mercurio Rojo;Aurelius Grimoire;Filosofía Prohibida;1131;1190;1,86;47
043fe748-65fe;El Enigma de el Sol Negro;Thalric Sterling;Alquimia Teórica;1976;1415;4,16;15
68bf0f70-db2e;Tratado de el Mercurio Rojo;Aurelius Nightshade;Historia de la Piedra;1653;335;1,41;32
92bc1710-be45;Sombras sobre el Sol Negro;Seraphine Nightshade;Filosofía Prohibida;1464;591;3,07;37
17dab7a1-de67;Espejos de la Quintaesencia;Elara Grimoire;Alquimia Teórica;1990;810;4,87;15
61605f76-af9b;Vórtice de las Almas de Plomo;Thalric Grimoire;Filosofía Prohibida;1209;148;1,43;25
94e12c04-ab52;Vórtice de las Almas de Plomo;Morgana Sterling;Botánica Arcana;1346;1422;3,53;15
b9b27503-546a;Espejos de el Sol Negro;Elara Flamel;Botánica Arcana;2023;890;1,67;28
e4faf1fe-79bd;El Enigma de la Transmutación Infinitas;Balthazar Flamel;Transmutación Metálica;1132;104;1,97;42
75204234-26ff;Tratado de el Azufre Sagrado;Balthazar Grimoire;Botánica Arcana;1223;1486;3,76;23
2b2bd7de-08d8;Tratado de el Mercurio Rojo;Thalric Nightshade;Botánica Arcana;1692;509;2,7;13
9902cd7a-e611;La Esencia de la Transmutación Infinitas;Elara Blackwood;Botánica Arcana;1647;1479;1,8;2
45d450d9-1ce3;El Aliento de el Azufre Sagrado;Thalric Flamel;Alquimia Teórica;1544;604;4,26;9
d42ea6d5-a623;Sombras sobre el Mercurio Rojo;Seraphine Crowley;Alquimia Teórica;1603;1379;2,81;46
63221c44-55fe;El Enigma de el Sol Negro;Balthazar Vance;Alquimia Teórica;1860;352;1,53;5
e8f91acf-e5c9;Sombras sobre el Mercurio Rojo;Caspian Grimoire;Alquimia Teórica;1970;513;4,04;49
16c382f4-7c47;El Aliento de el Mercurio Rojo;Balthazar Grimoire;Transmutación Metálica;2005;1327;1,81;29
8f83aa3e-f6d3;Tratado de la Quintaesencia;Aurelius Grimoire;Botánica Arcana;1304;1256;2,32;40
0e4c25b7-b812;La Esencia de las Almas de Plomo;Thalric Blackwood;Filosofía Prohibida;1300;180;4,89;38
a2e712d8-91e9;La Esencia de las Almas de Plomo;Caspian Grimoire;Alquimia Teórica;1288;1393;3,63;44
a7e91682-3e8c;El Aliento de la Quintaesencia;Caspian Sterling;Filosofía Prohibida;1233;808;4,33;48
a747f464-64b6;Códice de la Quintaesencia;Aurelius Vance;Transmutación Metálica;1551;646;2,85;17
043b8e2e-f5af;Espejos de las Almas de Plomo;Elara Sterling;Botánica Arcana;1323;321;3,82;5
d5cf01d3-8fe2;El Enigma de el Sol Negro;Aurelius Crowley;Transmutación Metálica;2011;1147;3,91;24
c81d2d7e-5d0a;La Esencia de el Mercurio Rojo;Thalric Flamel;Transmutación Metálica;1820;511;2,47;47
6f30b869-3b13;Espejos de la Transmutación Infinitas;Seraphine Blackwood;Historia de la Piedra;1992;456;3,58;45
cb42fcad-aa98;Tratado de el Azufre Sagrado;Morgana Flamel;Alquimia Teórica;1651;337;4,51;8
e3e87330-2c82;El Aliento de el Mercurio Rojo;Caspian Flamel;Botánica Arcana;2012;939;4,2;18
3f5d42b3-5cf4;Sombras sobre el Azufre Sagrado;Isolde Crowley;Historia de la Piedra;1486;154;2,69;43
aa9e1545-df67;Códice de el Mercurio Rojo;Caspian Flamel;Alquimia Teórica;1673;1386;1,65;14
ac295a6d-a4df;Vórtice de el Mercurio Rojo;Caspian Vance;Alquimia Teórica;1327;705;2,3;14
459cbed3-cca5;Espejos de el Azufre Sagrado;Thalric Crowley;Botánica Arcana;1801;1035;4,27;15
083c98eb-aa84;La Esencia de el Sol Negro;Seraphine Blackwood;Transmutación Metálica;1328;467;4,81;31
622dc015-0ad9;Sombras sobre el Azufre Sagrado;Isolde Sterling;Filosofía Prohibida;1677;703;3,64;24
53f240e0-1caf;Vórtice de las Almas de Plomo;Isolde Vance;Filosofía Prohibida;1363;962;1,9;22
68dd09aa-28d9;El Enigma de el Azufre Sagrado;Aurelius Crowley;Botánica Arcana;1189;499;2,17;26
121bfbc6-4cc1;El Enigma de la Transmutación Infinitas;Seraphine Flamel;Filosofía Prohibida;1407;784;4,47;32
c489fabc-0a48;Códice de la Quintaesencia;Aurelius Flamel;Filosofía Prohibida;1518;374;1,72;22
a6af81f1-76ad;La Esencia de el Mercurio Rojo;Caspian Blackwood;Transmutación Metálica;1818;1058;2,9;6
4946884d-de6f;Vórtice de la Transmutación Infinitas;Isolde Vance;Botánica Arcana;1185;731;1,81;46
bc579398-d46f;La Esencia de la Transmutación Infinitas;Balthazar Flamel;Alquimia Teórica;1187;795;4,33;7
746d210f-e2df;Sombras sobre el Azufre Sagrado;Morgana Vance;Botánica Arcana;1676;845;2,23;0
ca10e7c6-4048;Tratado de la Transmutación Infinitas;Thalric Vance;Transmutación Metálica;1506;236;2,06;44
d5dfbcc3-2541;El Aliento de la Transmutación Infinitas;Aurelius Sterling;Transmutación Metálica;1749;537;4,47;33
9e1db82b-8c0b;La Esencia de las Almas de Plomo;Thalric Flamel;Alquimia Teórica;1930;722;3,77;16
5bfbe012-61c5;El Aliento de el Sol Negro;Thalric Nightshade;Filosofía Prohibida;1545;1423;2,33;29
16eb495d-4ba8;Vórtice de la Quintaesencia;Elara Blackwood;Botánica Arcana;1177;1187;4,86;35
70a3f773-c6b8;Tratado de el Sol Negro;Isolde Blackwood;Filosofía Prohibida;1388;98;3,76;43
1223a5ee-c6ef;El Enigma de la Quintaesencia;Elara Flamel;Historia de la Piedra;2023;962;2,6;44
614e33cd-1ff2;Sombras sobre el Mercurio Rojo;Aurelius Flamel;Transmutación Metálica;1689;734;4,82;23
3afdd085-7797;La Esencia de el Mercurio Rojo;Elara Nightshade;Filosofía Prohibida;1394;1412;1,63;9
334b779b-fdff;Códice de la Quintaesencia;Aurelius Vance;Historia de la Piedra;1460;586;2,58;15
fc29a185-8d9f;La Esencia de la Quintaesencia;Caspian Crowley;Filosofía Prohibida;1960;852;4,03;2
27dad2bc-1956;Tratado de el Mercurio Rojo;Aurelius Sterling;Botánica Arcana;1169;217;4,45;22
1c3a73b1-f0f7;La Esencia de las Almas de Plomo;Morgana Vance;Filosofía Prohibida;1286;612;3,58;42
414b27f2-fe23;Códice de el Mercurio Rojo;Caspian Blackwood;Filosofía Prohibida;1752;849;2,87;21
eb7f3737-f24e;Tratado de el Sol Negro;Thalric Crowley;Alquimia Teórica;1133;491;2,36;21
65fb6d55-6ea6;Sombras sobre el Sol Negro;Thalric Vance;Botánica Arcana;1149;761;1,69;23
969dc647-bbbf;Sombras sobre la Quintaesencia;Seraphine Crowley;Transmutación Metálica;1488;1132;1,46;50
e3e322dd-f713;Códice de la Transmutación Infinitas;Morgana Grimoire;Transmutación Metálica;2006;903;1,48;7
1b2e0526-c050;El Aliento de el Sol Negro;Caspian Flamel;Alquimia Teórica;1734;696;2,78;8
522c99f0-af0c;Tratado de el Azufre Sagrado;Seraphine Grimoire;Alquimia Teórica;1965;1234;4,83;26
8920e038-0261;El Aliento de el Sol Negro;Thalric Blackwood;Alquimia Teórica;1407;1258;4,33;6
0d707421-44c0;La Esencia de la Quintaesencia;Thalric Nightshade;Alquimia Teórica;1464;289;3,06;42
a0175c21-5b93;Códice de el Mercurio Rojo;Elara Crowley;Transmutación Metálica;1420;586;4,56;24
585b8595-62d7;Tratado de el Mercurio Rojo;Balthazar Blackwood;Alquimia Teórica;1154;1454;3,01;14
e47a31f0-5eba;El Aliento de el Mercurio Rojo;Aurelius Nightshade;Botánica Arcana;1477;554;1,41;13
b2eadf65-67bf;El Enigma de la Transmutación Infinitas;Elara Nightshade;Transmutación Metálica;1362;201;3,18;38
d9913a8e-00a2;Espejos de el Sol Negro;Morgana Vance;Botánica Arcana;1486;1400;3,08;47
ae7a44be-8c05;Tratado de la Quintaesencia;Seraphine Nightshade;Botánica Arcana;1378;172;1,08;40
9134bf52-431e;La Esencia de las Almas de Plomo;Balthazar Grimoire;Historia de la Piedra;1363;416;2,17;45
ec633538-205f;La Esencia de la Quintaesencia;Thalric Crowley;Historia de la Piedra;1123;591;4,98;18
c737a699-82fb;Códice de la Quintaesencia;Caspian Vance;Historia de la Piedra;1624;273;2,97;42
a5b9a4d8-f03b;Sombras sobre el Azufre Sagrado;Isolde Crowley;Transmutación Metálica;1252;246;3,2;33
1a4edfb0-b9fd;Códice de la Quintaesencia;Seraphine Flamel;Filosofía Prohibida;1517;736;3,87;7
52657b7f-47fc;Espejos de el Azufre Sagrado;Thalric Flamel;Transmutación Metálica;1331;1499;2,71;17
4c9e09fa-8cf0;El Aliento de el Sol Negro;Seraphine Flamel;Alquimia Teórica;1848;501;4,69;6
700448fa-ed1d;Tratado de el Azufre Sagrado;Caspian Vance;Botánica Arcana;1132;559;3,36;22
2740440a-fadf;Espejos de la Transmutación Infinitas;Elara Vance;Filosofía Prohibida;1532;1324;1,89;5
29d00d9c-9135;El Enigma de las Almas de Plomo;Aurelius Grimoire;Historia de la Piedra;1720;516;2,22;45
ddc599bb-14d4;Códice de el Azufre Sagrado;Seraphine Vance;Botánica Arcana;1562;1183;4,1;14
6ba74e61-a0e4;Espejos de la Transmutación Infinitas;Elara Flamel;Botánica Arcana;1805;914;2,29;17
338a3320-b8fc;El Enigma de la Transmutación Infinitas;Isolde Sterling;Alquimia Teórica;1588;200;3,47;34
b8a8bfa1-2d75;Códice de el Sol Negro;Thalric Grimoire;Historia de la Piedra;1262;1410;1,69;43
b5f0c20a-252b;El Enigma de la Quintaesencia;Balthazar Sterling;Alquimia Teórica;1201;147;3,19;48
09a70354-c916;La Esencia de el Azufre Sagrado;Aurelius Sterling;Filosofía Prohibida;1432;1425;4,12;40
e5dd387e-f429;Códice de el Mercurio Rojo;Balthazar Blackwood;Historia de la Piedra;1825;359;4,81;11
b1f572d0-65c9;Tratado de el Mercurio Rojo;Isolde Vance;Historia de la Piedra;1547;566;2,52;46
01fce60a-d273;Vórtice de la Quintaesencia;Aurelius Nightshade;Botánica Arcana;1756;229;1,23;11
da7d00e0-2efe;El Enigma de la Quintaesencia;Elara Nightshade;Filosofía Prohibida;1158;1075;4,48;9
76547862-f88a;El Aliento de el Sol Negro;Caspian Crowley;Filosofía Prohibida;1769;528;4,11;31
eee07433-8b5a;La Esencia de la Quintaesencia;Balthazar Crowley;Transmutación Metálica;1395;1196;3,66;8
c544be5c-a552;Vórtice de el Azufre Sagrado;Isolde Flamel;Filosofía Prohibida;1874;993;3,67;5
fd21bfdc-dc68;El Aliento de el Azufre Sagrado;Morgana Grimoire;Alquimia Teórica;1508;1451;4,45;14
640ca1c3-0d0d;Tratado de la Transmutación Infinitas;Balthazar Vance;Transmutación Metálica;1668;832;3,26;49
01f8e3b7-6492;Vórtice de la Quintaesencia;Seraphine Grimoire;Historia de la Piedra;1827;1213;1,4;41
db283cf4-11c5;El Aliento de las Almas de Plomo;Elara Crowley;Botánica Arcana;1724;972;3,39;28
99a707cb-3751;Vórtice de las Almas de Plomo;Thalric Nightshade;Transmutación Metálica;1581;1002;2,27;13
6bda7778-f8ca;El Aliento de el Sol Negro;Isolde Grimoire;Filosofía Prohibida;1108;687;4,23;28
ff2a858a-049a;Sombras sobre la Quintaesencia;Aurelius Nightshade;Historia de la Piedra;1776;862;4,93;44
66cda670-edf9;Sombras sobre el Sol Negro;Aurelius Nightshade;Historia de la Piedra;2007;686;2,12;11
580af948-e763;Sombras sobre la Quintaesencia;Seraphine Flamel;Filosofía Prohibida;1486;141;4,33;36
f4e78f27-c9a1;Sombras sobre el Sol Negro;Seraphine Sterling;Botánica Arcana;1161;446;4,03;40
4ef66659-0ee2;El Enigma de el Mercurio Rojo;Aurelius Blackwood;Historia de la Piedra;2006;173;4,12;3
781473ff-d459;Vórtice de la Quintaesencia;Thalric Crowley;Alquimia Teórica;1326;699;1,58;3
96591957-fc99;Códice de las Almas de Plomo;Seraphine Crowley;Transmutación Metálica;1117;604;2,34;31
c4a97d82-a162;Espejos de la Quintaesencia;Aurelius Flamel;Transmutación Metálica;1157;134;3,84;13
33771155-21cf;Sombras sobre el Azufre Sagrado;Isolde Blackwood;Alquimia Teórica;1703;694;4,42;23
6c80a231-3da5;Espejos de las Almas de Plomo;Aurelius Flamel;Alquimia Teórica;1753;546;3,03;39
a9163a67-bcd7;Códice de la Quintaesencia;Elara Vance;Filosofía Prohibida;1524;888;2,24;23
a3c9e698-dd66;El Aliento de las Almas de Plomo;Balthazar Flamel;Transmutación Metálica;1592;870;2,02;13
18acead5-f080;Códice de las Almas de Plomo;Caspian Blackwood;Filosofía Prohibida;1610;780;1,65;21
5fd20e3b-b519;Espejos de la Quintaesencia;Elara Flamel;Filosofía Prohibida;1717;154;2,82;15
5b8cb6a7-a851;Espejos de el Mercurio Rojo;Morgana Flamel;Historia de la Piedra;1224;244;2,2;34
9e3530b1-4c1f;Sombras sobre el Azufre Sagrado;Isolde Sterling;Filosofía Prohibida;1401;1051;3,99;28
d976e917-06bf;Tratado de el Sol Negro;Isolde Sterling;Transmutación Metálica;1765;524;1,52;4
4120238d-d04d;Espejos de la Transmutación Infinitas;Thalric Sterling;Transmutación Metálica;1611;1220;3,25;49
8d4ec947-4c26;El Enigma de el Mercurio Rojo;Balthazar Nightshade;Botánica Arcana;1430;486;3,72;50
7fd25e9a-8ca9;La Esencia de el Azufre Sagrado;Elara Blackwood;Transmutación Metálica;1641;454;2,44;50
ed5c9e50-393e;Códice de el Azufre Sagrado;Balthazar Blackwood;Historia de la Piedra;1624;445;2,45;30
a2dedc0c-4f21;Vórtice de la Transmutación Infinitas;Seraphine Flamel;Botánica Arcana;1180;1221;3,7;2
a724647f-e715;Sombras sobre las Almas de Plomo;Balthazar Grimoire;Historia de la Piedra;1875;810;2,02;33
ced9373a-d78d;Sombras sobre la Quintaesencia;Seraphine Nightshade;Filosofía Prohibida;1569;1396;3,62;35
4bed2e3d-51ce;El Aliento de la Transmutación Infinitas;Thalric Blackwood;Alquimia Teórica;1753;1332;2,17;8
b7a5b1fa-ce1c;Sombras sobre el Azufre Sagrado;Elara Blackwood;Filosofía Prohibida;1685;225;1,81;18
b906bad1-328b;El Enigma de el Sol Negro;Seraphine Flamel;Transmutación Metálica;1730;579;4,2;47
a5816d9a-895d;Códice de las Almas de Plomo;Caspian Crowley;Filosofía Prohibida;1756;218;2,5;47
e1a69861-f16e;El Enigma de el Mercurio Rojo;Caspian Sterling;Filosofía Prohibida;1415;1207;2,59;28
37c9b2b0-268d;La Esencia de la Transmutación Infinitas;Caspian Blackwood;Filosofía Prohibida;1887;631;3,99;8
f9d8ada0-b7ae;Sombras sobre las Almas de Plomo;Morgana Crowley;Filosofía Prohibida;1941;1240;4,99;3
fa4d9740-8da8;El Enigma de el Azufre Sagrado;Aurelius Flamel;Alquimia Teórica;1983;639;2,13;45
d2696ae0-c0c2;Espejos de las Almas de Plomo;Caspian Flamel;Botánica Arcana;1769;1367;4,12;17
f2d64605-5840;Sombras sobre las Almas de Plomo;Balthazar Vance;Botánica Arcana;1978;1447;4,2;20
7883212e-68d1;La Esencia de el Mercurio Rojo;Aurelius Flamel;Filosofía Prohibida;1311;1115;2,15;12
25d01a8e-b117;Vórtice de la Quintaesencia;Isolde Blackwood;Transmutación Metálica;1840;341;3,9;9
f4c0b399-d72c;Sombras sobre el Azufre Sagrado;Caspian Nightshade;Botánica Arcana;1317;1230;3,04;23
2c8f4836-ef4c;Sombras sobre la Transmutación Infinitas;Caspian Grimoire;Alquimia Teórica;1604;449;4,04;39
38e07db9-6fa4;Vórtice de el Mercurio Rojo;Seraphine Vance;Botánica Arcana;1919;405;1,72;19
17723837-7767;La Esencia de el Sol Negro;Thalric Grimoire;Alquimia Teórica;1461;376;3,28;46
97ad885e-0deb;La Esencia de el Azufre Sagrado;Aurelius Vance;Transmutación Metálica;1785;1153;1,3;27
586ae4d5-81cc;El Aliento de las Almas de Plomo;Aurelius Nightshade;Alquimia Teórica;1229;846;2,77;38
7c1243b3-8c55;El Aliento de la Transmutación Infinitas;Caspian Nightshade;Botánica Arcana;1263;1109;3,4;44
b252646b-3092;Tratado de la Quintaesencia;Caspian Crowley;Historia de la Piedra;1951;316;3,56;13
41ae1a7d-7786;Sombras sobre la Transmutación Infinitas;Isolde Grimoire;Botánica Arcana;1666;1444;2,15;26
f731aece-8fed;Espejos de el Azufre Sagrado;Morgana Sterling;Filosofía Prohibida;1178;336;3,73;38
b2976961-a420;La Esencia de la Transmutación Infinitas;Aurelius Vance;Botánica Arcana;1294;345;3,89;42
ffbd294b-78b4;Espejos de la Quintaesencia;Caspian Vance;Historia de la Piedra;1251;164;1,26;1
6afea4a8-7af3;El Aliento de las Almas de Plomo;Caspian Sterling;Alquimia Teórica;1602;102;3,86;33
ec443b05-26f0;Códice de la Quintaesencia;Isolde Flamel;Historia de la Piedra;1625;677;2,15;5
d2f765d3-f35c;Espejos de el Azufre Sagrado;Balthazar Blackwood;Alquimia Teórica;1898;615;4,93;43
b14fb0fc-0789;La Esencia de el Azufre Sagrado;Isolde Blackwood;Filosofía Prohibida;1214;1466;2,02;37
cef5c683-fb24;Sombras sobre las Almas de Plomo;Elara Crowley;Filosofía Prohibida;1292;129;4,14;24
cb8936f6-6133;Espejos de la Transmutación Infinitas;Aurelius Nightshade;Filosofía Prohibida;1204;811;3,36;1
a030c426-5fb5;Tratado de el Azufre Sagrado;Morgana Nightshade;Transmutación Metálica;1146;460;2,4;8
1642577c-e40c;Sombras sobre la Transmutación Infinitas;Seraphine Blackwood;Botánica Arcana;1531;213;3,93;50
26f01d69-c9e8;Vórtice de el Mercurio Rojo;Elara Blackwood;Filosofía Prohibida;1527;618;4,65;38
4406f2a2-2510;Sombras sobre el Azufre Sagrado;Seraphine Blackwood;Transmutación Metálica;1866;716;1,76;36
0c3524de-c3ba;Espejos de el Sol Negro;Seraphine Grimoire;Historia de la Piedra;1614;776;4,53;45
3d322023-91e2;Vórtice de el Sol Negro;Thalric Crowley;Historia de la Piedra;1828;765;2,63;20
049cb758-868d;El Aliento de el Azufre Sagrado;Aurelius Sterling;Filosofía Prohibida;1708;1008;1,67;16
22b92c87-a733;Sombras sobre la Quintaesencia;Isolde Crowley;Alquimia Teórica;1221;395;2,97;35
aee96d9f-e3a9;Vórtice de la Transmutación Infinitas;Elara Nightshade;Botánica Arcana;1634;1004;4,54;33
5efc6540-8458;El Aliento de la Transmutación Infinitas;Morgana Nightshade;Transmutación Metálica;1607;203;1,44;26
67bc0464-22bc;La Esencia de la Transmutación Infinitas;Morgana Flamel;Transmutación Metálica;1705;619;4,18;4
d71d5992-5a2a;El Enigma de la Quintaesencia;Seraphine Blackwood;Botánica Arcana;2005;230;1,54;37
83fa8f7d-22f5;La Esencia de el Mercurio Rojo;Elara Vance;Historia de la Piedra;1333;101;1,58;43
fd246dd1-0018;Vórtice de el Azufre Sagrado;Balthazar Vance;Historia de la Piedra;1742;1054;1,58;42
8dbf5f32-d9cf;El Aliento de las Almas de Plomo;Seraphine Crowley;Historia de la Piedra;1389;731;2,9;11
e2e3b159-09d9;La Esencia de la Quintaesencia;Isolde Vance;Filosofía Prohibida;1754;487;2,83;16
2c5bcebc-9df8;Espejos de las Almas de Plomo;Caspian Nightshade;Transmutación Metálica;1886;1010;2,19;12
dd11fbe1-8159;Tratado de la Quintaesencia;Aurelius Blackwood;Historia de la Piedra;1936;1176;4,5;47
08c239bf-0d16;Sombras sobre la Transmutación Infinitas;Morgana Nightshade;Historia de la Piedra;1231;589;2,67;21
83377f96-fe79;Vórtice de la Transmutación Infinitas;Caspian Crowley;Botánica Arcana;2018;1070;1,07;36
89e7444e-89d1;Códice de la Transmutación Infinitas;Thalric Sterling;Botánica Arcana;2023;1242;1,28;6
901780e0-399c;El Enigma de el Mercurio Rojo;Seraphine Grimoire;Botánica Arcana;1494;1366;4,86;37
0fd3e35b-f6ba;Tratado de el Mercurio Rojo;Isolde Crowley;Botánica Arcana;1190;1054;2,47;48
df835740-c3e7;Sombras sobre la Transmutación Infinitas;Balthazar Grimoire;Historia de la Piedra;1415;417;1,36;44
90228a1a-1ad1;La Esencia de el Mercurio Rojo;Caspian Crowley;Filosofía Prohibida;1599;363;2,94;12
41a11d74-5881;Tratado de el Azufre Sagrado;Aurelius Nightshade;Filosofía Prohibida;1737;347;4,87;33
7e08594d-d7fb;El Aliento de la Quintaesencia;Caspian Nightshade;Transmutación Metálica;1479;854;4,25;19
191cc7ba-8a22;Códice de la Transmutación Infinitas;Balthazar Vance;Alquimia Teórica;1493;771;1,45;8
b46a61f0-8e96;El Enigma de la Transmutación Infinitas;Thalric Grimoire;Historia de la Piedra;1958;1254;2,39;27
25ad4f26-1520;Códice de la Transmutación Infinitas;Balthazar Blackwood;Historia de la Piedra;1756;242;2,15;29
2f579348-7ef0;Espejos de el Mercurio Rojo;Elara Blackwood;Botánica Arcana;2007;1295;3,56;47
cfcee988-3495;Tratado de el Sol Negro;Morgana Sterling;Alquimia Teórica;1656;521;1,34;31
ffff62f5-5276;Vórtice de la Quintaesencia;Caspian Grimoire;Filosofía Prohibida;1139;228;2,26;12
877f85d6-a625;Vórtice de el Azufre Sagrado;Elara Nightshade;Filosofía Prohibida;1111;1453;2,53;24
43702a6c-46d9;Códice de la Transmutación Infinitas;Seraphine Grimoire;Botánica Arcana;1647;88;3,38;41
d361fc9e-3845;La Esencia de el Mercurio Rojo;Thalric Vance;Filosofía Prohibida;1883;1013;1,53;47
3b128644-e30c;La Esencia de la Quintaesencia;Elara Grimoire;Historia de la Piedra;1236;394;2,75;48
0076b22d-acac;La Esencia de el Sol Negro;Elara Vance;Transmutación Metálica;1333;244;4,59;12
d552a04e-8b97;La Esencia de el Mercurio Rojo;Morgana Sterling;Filosofía Prohibida;1936;600;4,16;23
2d7eb69a-5752;Códice de la Quintaesencia;Caspian Nightshade;Alquimia Teórica;1448;255;3,13;50
5557c47c-fc54;Códice de las Almas de Plomo;Morgana Flamel;Botánica Arcana;1581;248;3,08;17
794b72a6-3bfd;El Enigma de el Azufre Sagrado;Aurelius Blackwood;Botánica Arcana;1591;1165;1,41;24
ed7b5fde-036e;Espejos de la Quintaesencia;Morgana Blackwood;Filosofía Prohibida;1296;673;2,15;32
8fcb1561-4456;Códice de la Quintaesencia;Aurelius Crowley;Historia de la Piedra;1735;825;1,41;15
6bca36bc-612e;La Esencia de la Quintaesencia;Caspian Vance;Historia de la Piedra;2019;953;4,77;35
42f7a0ff-7d8c;El Aliento de la Transmutación Infinitas;Caspian Flamel;Alquimia Teórica;1602;360;1,18;26
373f5112-0e44;La Esencia de el Azufre Sagrado;Isolde Nightshade;Transmutación Metálica;1725;711;3,73;4
e7b5fbd4-f6cb;El Enigma de el Mercurio Rojo;Thalric Vance;Botánica Arcana;1975;424;3,51;28
d9efbbf3-3c81;Códice de la Quintaesencia;Balthazar Blackwood;Historia de la Piedra;1150;980;3,46;18
9cebe3ac-1cf2;Tratado de la Quintaesencia;Isolde Grimoire;Alquimia Teórica;1450;711;3,22;45
137f3230-a0eb;El Aliento de la Transmutación Infinitas;Thalric Sterling;Transmutación Metálica;1251;1216;2,18;37
7ca4e59a-ffa6;El Enigma de la Quintaesencia;Caspian Nightshade;Transmutación Metálica;1278;1275;1,36;24
1bdbbba6-0534;Tratado de la Transmutación Infinitas;Isolde Sterling;Transmutación Metálica;1326;617;4,99;8
0a66401f-76e1;La Esencia de las Almas de Plomo;Seraphine Flamel;Botánica Arcana;1255;1368;1,75;37
f122f2bb-59f1;Vórtice de el Mercurio Rojo;Balthazar Crowley;Historia de la Piedra;1516;1309;1,59;11
3cb14ec8-8f23;Vórtice de el Sol Negro;Morgana Grimoire;Transmutación Metálica;1424;175;4,23;6
7ef6cc08-6998;La Esencia de las Almas de Plomo;Thalric Sterling;Transmutación Metálica;1327;1495;2,98;43
5a8d8271-08ce;Códice de el Sol Negro;Morgana Flamel;Historia de la Piedra;1180;1463;1,89;36
8f402293-5893;Vórtice de el Mercurio Rojo;Elara Nightshade;Historia de la Piedra;1326;970;3,4;40
6cf3fd75-123c;Códice de las Almas de Plomo;Seraphine Sterling;Filosofía Prohibida;1511;85;2,77;30
8a89d388-a287;El Enigma de la Transmutación Infinitas;Isolde Vance;Historia de la Piedra;1932;1499;2,09;4
bb724528-3a0b;Espejos de el Azufre Sagrado;Thalric Nightshade;Botánica Arcana;1627;864;4,16;35
0f810166-3f8d;La Esencia de la Quintaesencia;Elara Nightshade;Historia de la Piedra;1174;284;1,37;36
bf822f7b-5ef3;Tratado de la Transmutación Infinitas;Isolde Flamel;Filosofía Prohibida;1937;1044;4,81;47
a9ea259a-0040;Vórtice de el Mercurio Rojo;Caspian Flamel;Transmutación Metálica;1976;1305;4,65;6
bf6cbda8-9f99;El Aliento de la Transmutación Infinitas;Elara Vance;Botánica Arcana;1617;650;1,46;27
155e935d-6f5a;Vórtice de las Almas de Plomo;Elara Blackwood;Alquimia Teórica;1578;851;4,97;9
72d1726e-c066;Códice de las Almas de Plomo;Isolde Crowley;Botánica Arcana;1122;1312;4,61;40
8a80f3e7-db9e;Códice de la Transmutación Infinitas;Thalric Flamel;Historia de la Piedra;1475;1301;2,32;10
235478ed-efb8;La Esencia de la Transmutación Infinitas;Seraphine Flamel;Historia de la Piedra;1662;892;3,58;31
f44af03a-db66;El Aliento de la Quintaesencia;Seraphine Crowley;Transmutación Metálica;1232;1128;4,55;13
6f3c87a8-38ff;El Aliento de el Azufre Sagrado;Aurelius Sterling;Alquimia Teórica;1599;579;4,17;38
9b9c1ae7-5888;Tratado de el Azufre Sagrado;Aurelius Blackwood;Transmutación Metálica;1178;1142;3,95;40
4d720d32-204d;Códice de el Azufre Sagrado;Morgana Blackwood;Alquimia Teórica;1349;1122;2,57;10
5cd30020-3a8d;Espejos de el Azufre Sagrado;Elara Blackwood;Alquimia Teórica;1244;1262;3,31;48
f8bec962-0bd5;El Enigma de la Transmutación Infinitas;Balthazar Crowley;Transmutación Metálica;1785;425;3,61;8
e3d6f7e3-1f4f;Códice de el Mercurio Rojo;Thalric Nightshade;Historia de la Piedra;1813;1094;1,5;28
6d95b194-5d74;Espejos de el Sol Negro;Thalric Crowley;Alquimia Teórica;1102;1206;1,79;2
a1fa442b-b9ab;Códice de la Transmutación Infinitas;Morgana Grimoire;Filosofía Prohibida;2021;1173;2,24;6
eb770f16-36bb;El Enigma de la Quintaesencia;Elara Flamel;Filosofía Prohibida;1185;1219;2,03;12
14803101-2986;Sombras sobre las Almas de Plomo;Morgana Flamel;Transmutación Metálica;1265;318;4,33;32
68a08ef1-b62d;El Aliento de la Quintaesencia;Caspian Grimoire;Transmutación Metálica;1861;1283;2,73;42
4daf962b-19c7;Espejos de el Azufre Sagrado;Thalric Vance;Alquimia Teórica;1881;1353;2,92;24
c2eaa585-d853;Tratado de la Quintaesencia;Aurelius Flamel;Historia de la Piedra;1796;1023;2,95;45
143910b4-e350;Tratado de el Azufre Sagrado;Elara Blackwood;Transmutación Metálica;1272;880;1,73;19
43e22486-c1e1;Códice de el Sol Negro;Seraphine Crowley;Filosofía Prohibida;1486;1441;3,81;36
e2aea420-f14d;Códice de el Sol Negro;Aurelius Grimoire;Historia de la Piedra;1452;1144;3,27;38
c7c14433-6abe;Sombras sobre el Sol Negro;Aurelius Grimoire;Filosofía Prohibida;1362;108;1,89;43
c19a38c2-ceb9;Códice de el Azufre Sagrado;Thalric Crowley;Transmutación Metálica;1657;347;4;35
e54f1099-330e;Sombras sobre la Quintaesencia;Elara Blackwood;Botánica Arcana;1150;744;2,1;33
4b14861a-483d;Códice de la Quintaesencia;Isolde Crowley;Botánica Arcana;1464;1062;4,48;30
50d327ac-4fcd;Códice de el Mercurio Rojo;Isolde Blackwood;Botánica Arcana;1207;714;1,48;11
7b600660-8b7b;La Esencia de las Almas de Plomo;Balthazar Nightshade;Transmutación Metálica;1597;588;1,35;11
7ec95e4c-6c45;El Enigma de la Transmutación Infinitas;Aurelius Grimoire;Botánica Arcana;1304;979;1,96;20
a55e2345-3731;Espejos de el Sol Negro;Balthazar Blackwood;Filosofía Prohibida;1986;143;3,11;0
45c467fb-bef6;Tratado de la Transmutación Infinitas;Elara Flamel;Historia de la Piedra;1861;413;2,31;9
84bd43b9-88b8;La Esencia de las Almas de Plomo;Thalric Grimoire;Transmutación Metálica;1958;1100;4,63;48
144f2810-a853;La Esencia de el Sol Negro;Balthazar Sterling;Transmutación Metálica;1653;87;2,89;16
ea9abbe5-986d;Espejos de el Mercurio Rojo;Seraphine Flamel;Filosofía Prohibida;1105;577;1,62;22
aee64d42-525c;El Aliento de las Almas de Plomo;Thalric Grimoire;Transmutación Metálica;1355;1119;3,69;30
3a35620c-423e;La Esencia de el Sol Negro;Balthazar Nightshade;Botánica Arcana;1762;390;3,92;37
c2c91357-12b6;Espejos de el Azufre Sagrado;Thalric Flamel;Transmutación Metálica;1800;1425;4,63;29
f8ed06ca-2417;Espejos de el Sol Negro;Isolde Grimoire;Transmutación Metálica;1772;339;3,67;28
ec96e0e9-f35c;El Enigma de el Mercurio Rojo;Thalric Vance;Alquimia Teórica;1473;1322;1,9;31
92555db1-8ebe;Códice de el Mercurio Rojo;Aurelius Nightshade;Filosofía Prohibida;1455;1029;3,03;18
d842fad3-ed92;Tratado de las Almas de Plomo;Thalric Sterling;Transmutación Metálica;1776;1145;4,21;40
3259c8b5-d57b;Vórtice de las Almas de Plomo;Morgana Flamel;Filosofía Prohibida;1103;273;4,75;25
e6f717ba-3bed;Sombras sobre el Azufre Sagrado;Elara Nightshade;Transmutación Metálica;1554;1026;4,83;12
19914097-3e1b;La Esencia de las Almas de Plomo;Aurelius Sterling;Transmutación Metálica;1933;220;2,7;1
86c35f58-44a0;Tratado de la Quintaesencia;Seraphine Vance;Historia de la Piedra;1175;866;3,12;21
e2d55b46-664a;Vórtice de la Quintaesencia;Isolde Vance;Alquimia Teórica;1571;372;4,81;30
0d075847-d14c;El Aliento de el Azufre Sagrado;Aurelius Grimoire;Botánica Arcana;1484;578;3,61;15
b48ff8cd-a121;Tratado de las Almas de Plomo;Isolde Sterling;Transmutación Metálica;1123;365;4,88;8
13100996-4aeb;Vórtice de las Almas de Plomo;Caspian Nightshade;Botánica Arcana;1789;207;4,9;33
de137307-95dc;Vórtice de las Almas de Plomo;Seraphine Blackwood;Alquimia Teórica;1997;857;3,42;38
215e1958-f549;Tratado de la Transmutación Infinitas;Aurelius Grimoire;Transmutación Metálica;1570;1387;1,05;50
6d5a4d75-79ae;El Aliento de el Azufre Sagrado;Seraphine Sterling;Alquimia Teórica;1406;872;2,95;44
c6f3c2ea-567d;El Aliento de la Quintaesencia;Thalric Blackwood;Alquimia Teórica;1919;1158;3,75;36
0279d439-4582;Tratado de el Azufre Sagrado;Elara Flamel;Alquimia Teórica;1457;1278;4,72;38
0adf4aa6-8723;Sombras sobre la Quintaesencia;Balthazar Crowley;Filosofía Prohibida;1341;756;1,78;50
161346a4-a588;Tratado de el Sol Negro;Isolde Sterling;Filosofía Prohibida;1555;1330;2,87;19
9358f6c6-4adc;Sombras sobre la Transmutación Infinitas;Isolde Crowley;Historia de la Piedra;1503;693;3,4;16
f0a9709c-91d8;Vórtice de la Transmutación Infinitas;Seraphine Vance;Historia de la Piedra;1187;82;2,13;45
00ac58ca-264a;Espejos de las Almas de Plomo;Elara Flamel;Botánica Arcana;1925;1092;2,56;25
441f12f3-ce05;Vórtice de el Mercurio Rojo;Thalric Nightshade;Botánica Arcana;1687;660;2,25;43
ef5016cd-6023;El Enigma de el Azufre Sagrado;Isolde Vance;Filosofía Prohibida;1405;524;2,44;22
76e3a08f-fd72;Tratado de las Almas de Plomo;Aurelius Grimoire;Botánica Arcana;1122;727;2,11;5
ddc20d06-2fb2;El Aliento de la Transmutación Infinitas;Aurelius Grimoire;Botánica Arcana;1496;1088;3,07;28
85b80fdf-0f83;Tratado de la Quintaesencia;Thalric Blackwood;Alquimia Teórica;1566;710;3,09;37
ff6a20d6-c593;Vórtice de la Transmutación Infinitas;Aurelius Crowley;Historia de la Piedra;1338;617;1,99;29
bda4e03a-6543;Vórtice de las Almas de Plomo;Balthazar Grimoire;Botánica Arcana;1593;984;1,86;19
150a63fb-8ae9;El Aliento de las Almas de Plomo;Morgana Nightshade;Filosofía Prohibida;1456;699;2,45;38
1009e0f1-7910;Sombras sobre el Mercurio Rojo;Seraphine Vance;Filosofía Prohibida;1999;311;3,65;5
f1d84e45-bfc0;Códice de el Sol Negro;Thalric Vance;Transmutación Metálica;1561;1393;3,64;29
ddcfa6fc-9788;Códice de el Azufre Sagrado;Morgana Crowley;Botánica Arcana;1295;878;4,79;49
1962fd58-3f02;Tratado de el Azufre Sagrado;Thalric Sterling;Historia de la Piedra;1651;546;4,11;43
7d968db4-a13b;Códice de el Azufre Sagrado;Aurelius Flamel;Botánica Arcana;1155;109;4,26;22
4ffdf1e9-63fb;El Aliento de la Transmutación Infinitas;Isolde Blackwood;Alquimia Teórica;1419;254;4,49;40
d4c7e676-7d53;Sombras sobre el Sol Negro;Isolde Crowley;Filosofía Prohibida;1942;627;1,77;30
9f9fa8bd-f049;El Enigma de el Sol Negro;Thalric Flamel;Alquimia Teórica;1922;525;2,41;15
33b315e2-7bb3;La Esencia de la Transmutación Infinitas;Thalric Vance;Historia de la Piedra;1718;633;4,13;37
3c4dc77d-17b2;Tratado de la Quintaesencia;Caspian Vance;Alquimia Teórica;1651;1236;1,95;38
74e07731-ae25;El Aliento de el Azufre Sagrado;Seraphine Crowley;Alquimia Teórica;1404;670;1,81;39
a788b6f9-d89a;Espejos de la Transmutación Infinitas;Aurelius Vance;Transmutación Metálica;1655;435;4,28;9
fe4ba84a-662b;Espejos de las Almas de Plomo;Aurelius Crowley;Historia de la Piedra;1941;1264;1,58;9
0ee68121-9ae8;Vórtice de el Mercurio Rojo;Thalric Nightshade;Botánica Arcana;1671;1013;1,66;27
8a60d9e4-7fc2;El Aliento de el Mercurio Rojo;Seraphine Nightshade;Alquimia Teórica;1708;373;1,07;6
deb541aa-3577;El Enigma de el Mercurio Rojo;Seraphine Grimoire;Alquimia Teórica;1640;326;2,53;0
d332497d-e8b9;Tratado de el Mercurio Rojo;Elara Nightshade;Transmutación Metálica;2003;191;2,15;9
d6cb9b18-6844;El Enigma de la Quintaesencia;Morgana Flamel;Alquimia Teórica;1713;1077;2,39;21
d3d907cb-9754;El Aliento de el Azufre Sagrado;Morgana Crowley;Alquimia Teórica;1591;388;3,9;3
909ebb23-f5e7;Códice de el Sol Negro;Thalric Vance;Botánica Arcana;1522;1439;3,04;38
717f8f49-a62d;Vórtice de las Almas de Plomo;Elara Nightshade;Alquimia Teórica;1715;737;1,89;17
4a4d62ce-c786;La Esencia de la Transmutación Infinitas;Seraphine Sterling;Historia de la Piedra;1816;1250;4,17;41
279f8404-64e9;El Aliento de el Azufre Sagrado;Balthazar Flamel;Filosofía Prohibida;1710;183;4,26;7
bf555cae-bdab;La Esencia de la Transmutación Infinitas;Seraphine Nightshade;Alquimia Teórica;1622;1411;3,44;26
821633ba-9427;Sombras sobre el Azufre Sagrado;Isolde Flamel;Filosofía Prohibida;1983;1139;2,84;8
144cf4d3-7bc0;La Esencia de el Mercurio Rojo;Aurelius Crowley;Alquimia Teórica;1886;414;1,88;37
6497c251-69b7;Vórtice de el Mercurio Rojo;Isolde Sterling;Historia de la Piedra;1136;913;4,49;27
4f4e43b0-3a13;Sombras sobre la Quintaesencia;Caspian Flamel;Filosofía Prohibida;1937;296;2,86;42
51c5d8e8-b4a5;Sombras sobre el Mercurio Rojo;Balthazar Blackwood;Filosofía Prohibida;1505;328;1,75;8
52d5d294-72be;Espejos de la Transmutación Infinitas;Seraphine Grimoire;Botánica Arcana;1819;136;2,98;13
fd2b845f-7385;Espejos de el Mercurio Rojo;Elara Nightshade;Botánica Arcana;1727;1466;1,23;9
d4e511ff-3545;Espejos de el Azufre Sagrado;Caspian Grimoire;Transmutación Metálica;1700;465;2,18;24
8581ce05-6191;Sombras sobre el Sol Negro;Balthazar Crowley;Historia de la Piedra;1184;350;3,94;45
fe8034c8-2dd4;El Enigma de el Mercurio Rojo;Caspian Vance;Botánica Arcana;2012;658;1,7;35
24c229b7-ab8c;Tratado de el Sol Negro;Morgana Blackwood;Botánica Arcana;1534;965;2,61;37
a8b1667a-a7b7;Tratado de las Almas de Plomo;Seraphine Nightshade;Botánica Arcana;1354;757;4,8;39
84fa81ba-e2a3;El Aliento de el Azufre Sagrado;Morgana Flamel;Alquimia Teórica;1899;1483;2,36;25
ada501f2-1aeb;Códice de la Quintaesencia;Balthazar Vance;Botánica Arcana;1320;920;1;30
3cb28260-9c4f;Vórtice de la Quintaesencia;Aurelius Nightshade;Botánica Arcana;1348;853;4,36;39
7d25e1d2-a5f9;Tratado de el Mercurio Rojo;Thalric Vance;Historia de la Piedra;1573;666;3,14;15
f24c8cba-7490;Vórtice de las Almas de Plomo;Morgana Grimoire;Botánica Arcana;1519;937;4,19;2
53480877-dc92;La Esencia de la Transmutación Infinitas;Aurelius Vance;Historia de la Piedra;1256;987;2,88;47
ac48a695-6399;Tratado de la Transmutación Infinitas;Seraphine Sterling;Historia de la Piedra;1228;1042;2,39;27
5b224809-8934;Sombras sobre la Transmutación Infinitas;Isolde Sterling;Historia de la Piedra;1205;801;4,75;13
72b77828-99fe;Vórtice de la Quintaesencia;Thalric Flamel;Alquimia Teórica;1598;237;3;44
44105e5e-667c;La Esencia de el Mercurio Rojo;Thalric Nightshade;Historia de la Piedra;1513;770;1,73;38
5f640642-b89e;Espejos de el Azufre Sagrado;Isolde Blackwood;Botánica Arcana;1814;709;3,34;13
66553faa-e35c;Tratado de el Sol Negro;Thalric Sterling;Transmutación Metálica;1375;124;3,02;29
33dc6bad-fd63;La Esencia de la Transmutación Infinitas;Morgana Blackwood;Alquimia Teórica;1130;366;4,42;5
c1a72e83-4f38;Vórtice de la Transmutación Infinitas;Elara Nightshade;Filosofía Prohibida;1423;1335;4,28;48
4f6166d8-060b;El Aliento de la Quintaesencia;Seraphine Blackwood;Filosofía Prohibida;1538;700;4,86;21
e60cda26-9cbe;Vórtice de el Sol Negro;Seraphine Grimoire;Alquimia Teórica;1741;239;4,87;32
8c84b19e-a75c;Tratado de el Mercurio Rojo;Elara Flamel;Botánica Arcana;1640;373;4,34;29
34846b28-495e;Espejos de el Azufre Sagrado;Morgana Grimoire;Filosofía Prohibida;1773;749;3,78;49
9f3d78fa-002f;Espejos de el Sol Negro;Caspian Vance;Filosofía Prohibida;1392;1235;4,72;48
467e7f95-f227;Espejos de el Azufre Sagrado;Thalric Grimoire;Filosofía Prohibida;1980;134;2,13;33
6ed37100-aa95;El Aliento de el Azufre Sagrado;Elara Blackwood;Filosofía Prohibida;1962;469;2,69;12
ee9c7832-17e4;La Esencia de las Almas de Plomo;Caspian Vance;Filosofía Prohibida;1417;244;1,03;31
84b3286b-c40f;Vórtice de las Almas de Plomo;Aurelius Grimoire;Botánica Arcana;1257;798;3,8;31
3888e4f8-a95e;La Esencia de el Azufre Sagrado;Seraphine Sterling;Filosofía Prohibida;1129;711;4,97;33
b7849b27-a5c9;Códice de la Quintaesencia;Thalric Grimoire;Filosofía Prohibida;1771;1243;4,11;42
30ec980c-c595;Sombras sobre el Mercurio Rojo;Seraphine Crowley;Alquimia Teórica;1875;643;1,73;13
5538cfb4-bf55;Sombras sobre las Almas de Plomo;Elara Sterling;Transmutación Metálica;1245;1226;4,69;42
90651b26-3a5f;La Esencia de el Azufre Sagrado;Aurelius Blackwood;Filosofía Prohibida;1573;1340;2,64;39
08ff07c9-4118;Tratado de el Sol Negro;Aurelius Crowley;Botánica Arcana;1330;499;1,21;30
72b1a69e-e12e;El Enigma de la Quintaesencia;Thalric Blackwood;Transmutación Metálica;1538;1271;3,31;22
81315887-7178;Espejos de el Mercurio Rojo;Thalric Vance;Historia de la Piedra;2025;212;1,94;8
276f13c8-37a1;El Aliento de el Sol Negro;Elara Sterling;Botánica Arcana;1480;227;3,47;13
3d4bdd02-7ba1;El Enigma de el Mercurio Rojo;Balthazar Crowley;Transmutación Metálica;1763;1236;1,46;11
593da146-2fa0;Vórtice de el Sol Negro;Isolde Crowley;Alquimia Teórica;1709;1136;1,21;28
538cb9a4-4827;La Esencia de el Azufre Sagrado;Aurelius Blackwood;Filosofía Prohibida;1249;855;3,75;30
48973a21-fec0;Códice de el Sol Negro;Aurelius Flamel;Filosofía Prohibida;1292;1369;1,85;2
82ba7873-6654;El Aliento de la Quintaesencia;Aurelius Flamel;Historia de la Piedra;1722;777;3,53;46
ec11a90c-9061;Espejos de el Mercurio Rojo;Caspian Sterling;Historia de la Piedra;1704;1084;3,79;19
185dd169-c825;Espejos de el Sol Negro;Seraphine Vance;Historia de la Piedra;1926;662;2,34;25
5076735a-fd75;Códice de las Almas de Plomo;Aurelius Flamel;Botánica Arcana;1492;1368;3,35;9
2eb1b024-834e;El Aliento de el Azufre Sagrado;Elara Crowley;Alquimia Teórica;1518;1486;2,61;44
158b4ab5-5ac6;Espejos de las Almas de Plomo;Elara Sterling;Filosofía Prohibida;1447;703;2;42
02a40aa1-54ef;La Esencia de las Almas de Plomo;Isolde Blackwood;Alquimia Teórica;1713;1220;4,97;34
a69c168c-4f40;El Aliento de la Transmutación Infinitas;Elara Vance;Filosofía Prohibida;1866;637;1,89;48
674979ec-4e9b;Espejos de el Mercurio Rojo;Morgana Nightshade;Transmutación Metálica;1551;540;1,2;38
95ab87e8-5be1;Códice de el Azufre Sagrado;Morgana Blackwood;Filosofía Prohibida;1203;1479;3,12;38
bebbcebd-f5a9;Códice de el Mercurio Rojo;Elara Flamel;Transmutación Metálica;1558;735;4,51;48
e09203cf-fe2f;El Enigma de el Mercurio Rojo;Seraphine Blackwood;Transmutación Metálica;1626;724;4,21;27
fca6c569-1279;El Aliento de la Quintaesencia;Morgana Blackwood;Alquimia Teórica;1761;307;2,94;22
410c8a67-5f36;Tratado de el Azufre Sagrado;Caspian Sterling;Alquimia Teórica;1740;964;1,57;29
cdafbfe0-ee26;Vórtice de la Quintaesencia;Thalric Flamel;Transmutación Metálica;1563;1306;4,1;39
1609fd21-6617;El Aliento de el Mercurio Rojo;Balthazar Crowley;Botánica Arcana;1390;1265;4,44;38
22865578-a54e;Vórtice de el Mercurio Rojo;Caspian Nightshade;Botánica Arcana;1312;750;2,9;19
e41314de-b283;Códice de la Transmutación Infinitas;Seraphine Flamel;Botánica Arcana;1843;651;1,43;27
64384cfd-8337;Espejos de la Transmutación Infinitas;Elara Grimoire;Transmutación Metálica;1986;1210;1,68;42
e0074a05-1279;Códice de el Sol Negro;Isolde Blackwood;Alquimia Teórica;1344;1324;1,07;39
601cb8d1-448a;Códice de las Almas de Plomo;Balthazar Vance;Filosofía Prohibida;1719;765;3,45;18
1fd36271-5dac;Tratado de las Almas de Plomo;Caspian Grimoire;Botánica Arcana;1210;1005;4,96;45
8277eeff-ab7f;El Aliento de la Transmutación Infinitas;Caspian Flamel;Transmutación Metálica;1153;1179;4,33;22
6c8fc6ed-2613;Sombras sobre la Quintaesencia;Balthazar Nightshade;Filosofía Prohibida;1832;1385;1,98;4
7a531185-7bfb;El Aliento de el Mercurio Rojo;Balthazar Nightshade;Alquimia Teórica;1141;796;3,55;25
6d209f2e-9b43;Vórtice de el Mercurio Rojo;Thalric Flamel;Historia de la Piedra;1121;1099;4,45;33
c3f58b76-09d1;El Enigma de el Sol Negro;Aurelius Nightshade;Transmutación Metálica;1990;892;4,89;21
5f136b54-32f8;La Esencia de la Quintaesencia;Seraphine Crowley;Alquimia Teórica;1410;242;3,88;19
c541e62e-7054;El Aliento de la Transmutación Infinitas;Thalric Grimoire;Filosofía Prohibida;1182;1081;4,5;23
b7b6cdab-a0b7;Sombras sobre la Transmutación Infinitas;Morgana Crowley;Alquimia Teórica;1324;1143;2,96;49
03209351-6b39;Tratado de la Quintaesencia;Aurelius Flamel;Transmutación Metálica;1523;486;2,94;47
5587492c-f46e;Vórtice de las Almas de Plomo;Thalric Grimoire;Transmutación Metálica;1495;1349;2,54;27
adca59b9-5a9f;Sombras sobre la Transmutación Infinitas;Caspian Vance;Transmutación Metálica;1451;459;2,63;43
4f001100-a00f;El Enigma de el Sol Negro;Thalric Vance;Transmutación Metálica;1810;845;3,21;44
6818dabc-ac57;El Aliento de la Quintaesencia;Isolde Crowley;Historia de la Piedra;2013;613;4,98;12
fbc58073-5cf9;Vórtice de el Sol Negro;Morgana Grimoire;Transmutación Metálica;1409;1437;4,07;27
36da2626-a3a0;Sombras sobre la Transmutación Infinitas;Caspian Blackwood;Alquimia Teórica;1174;1106;3,48;25
56e29f95-5397;Tratado de el Azufre Sagrado;Elara Crowley;Alquimia Teórica;1609;527;1,84;15
466b9ca5-e6ff;Tratado de la Transmutación Infinitas;Balthazar Blackwood;Historia de la Piedra;1638;1473;4,88;20
b52af9d7-44b1;Tratado de el Azufre Sagrado;Aurelius Vance;Transmutación Metálica;1179;139;4,49;0
47d759f4-844f;La Esencia de la Quintaesencia;Elara Vance;Botánica Arcana;1191;784;2,34;26
f41ac0bb-aa89;Sombras sobre la Quintaesencia;Balthazar Grimoire;Transmutación Metálica;1511;457;1,1;43
8622bd74-fa2b;Sombras sobre el Mercurio Rojo;Seraphine Nightshade;Transmutación Metálica;1199;228;1,95;22
f4589f5d-717e;La Esencia de las Almas de Plomo;Caspian Flamel;Alquimia Teórica;1454;1063;4,33;45
e0eba7f5-a008;Códice de el Sol Negro;Isolde Crowley;Filosofía Prohibida;1194;1383;1,47;23
84ab4c62-4da4;Espejos de la Transmutación Infinitas;Isolde Vance;Filosofía Prohibida;1318;891;2,47;6
685d2f56-56a0;Espejos de el Azufre Sagrado;Isolde Flamel;Filosofía Prohibida;1593;250;4,26;15
b8cdb06b-cd9a;El Enigma de la Quintaesencia;Isolde Nightshade;Transmutación Metálica;1445;1033;3,24;19
1a72170f-0b2f;Códice de el Sol Negro;Caspian Nightshade;Historia de la Piedra;1697;1432;4,46;2
f35948f8-726b;Sombras sobre el Sol Negro;Caspian Grimoire;Alquimia Teórica;1879;1192;2,03;46
fe9315fc-bc32;El Enigma de la Quintaesencia;Isolde Crowley;Botánica Arcana;1191;671;2,34;45
517d4806-4282;El Aliento de la Transmutación Infinitas;Isolde Vance;Historia de la Piedra;1769;1053;1,01;47
a0caba29-c4dd;Tratado de el Mercurio Rojo;Seraphine Crowley;Historia de la Piedra;1656;1255;2,99;8
93f63b14-84d6;Tratado de las Almas de Plomo;Balthazar Crowley;Filosofía Prohibida;1238;592;1,69;14
02992e55-9eae;El Enigma de la Quintaesencia;Balthazar Vance;Historia de la Piedra;1960;906;3,23;23
a65628f6-0460;Códice de la Transmutación Infinitas;Morgana Vance;Botánica Arcana;1335;1229;2,53;4
6b9c3516-a053;Tratado de el Mercurio Rojo;Elara Vance;Botánica Arcana;1789;181;4,42;47
13dc3224-f2dc;Espejos de el Mercurio Rojo;Elara Sterling;Botánica Arcana;1726;437;1,33;4
75408326-8fc1;El Aliento de el Azufre Sagrado;Thalric Flamel;Filosofía Prohibida;1299;1228;4,7;35
0fa58dfd-b1fb;El Aliento de las Almas de Plomo;Balthazar Sterling;Historia de la Piedra;1155;248;3,99;22
d8941db2-a54f;La Esencia de el Azufre Sagrado;Elara Vance;Botánica Arcana;1447;704;1,49;5
93f87fc9-bdba;Vórtice de el Mercurio Rojo;Thalric Sterling;Alquimia Teórica;1102;1223;3,48;18
07f33349-2574;Vórtice de la Quintaesencia;Aurelius Flamel;Historia de la Piedra;1178;526;4,46;1
79148096-b845;El Enigma de el Azufre Sagrado;Isolde Crowley;Historia de la Piedra;1199;138;3,34;9
6a949618-59bf;Tratado de el Sol Negro;Caspian Crowley;Transmutación Metálica;1923;694;1,04;45
2ab24be9-2a6f;El Enigma de la Quintaesencia;Balthazar Nightshade;Botánica Arcana;1517;609;3,41;33
97c446e0-045b;Tratado de la Quintaesencia;Morgana Sterling;Alquimia Teórica;1203;81;2,04;50
165f9f6e-17e5;El Enigma de el Sol Negro;Morgana Nightshade;Historia de la Piedra;1301;1335;3,74;5
d2d033ce-c350;Vórtice de el Mercurio Rojo;Caspian Sterling;Transmutación Metálica;1811;256;2,01;38
c1b0dfa4-824d;Vórtice de las Almas de Plomo;Balthazar Sterling;Historia de la Piedra;1976;386;2,51;48
8132aa25-651e;Sombras sobre la Transmutación Infinitas;Aurelius Vance;Alquimia Teórica;1943;760;4,42;45
cdcd5a14-50cf;Sombras sobre la Transmutación Infinitas;Balthazar Crowley;Botánica Arcana;1359;1445;2,39;38
38133feb-76a4;El Enigma de la Transmutación Infinitas;Thalric Blackwood;Filosofía Prohibida;1115;1251;4,22;20
659e9124-b413;El Enigma de la Quintaesencia;Isolde Nightshade;Filosofía Prohibida;1466;1412;4,08;50
e02592a7-25d6;Sombras sobre la Transmutación Infinitas;Elara Nightshade;Alquimia Teórica;1303;534;3,28;44
e63846be-e043;La Esencia de la Transmutación Infinitas;Isolde Flamel;Transmutación Metálica;1773;1137;4,06;38
89821dce-b7a2;Vórtice de las Almas de Plomo;Aurelius Vance;Alquimia Teórica;1347;970;2,62;29
5fc0da41-a758;El Aliento de la Transmutación Infinitas;Morgana Blackwood;Alquimia Teórica;1956;1001;1,32;12
b6ead221-5b73;Tratado de el Mercurio Rojo;Morgana Flamel;Alquimia Teórica;2024;484;3,09;24
3d543c72-24bc;Vórtice de el Sol Negro;Morgana Flamel;Botánica Arcana;1539;767;3,01;28
fc5d8535-5e14;El Aliento de las Almas de Plomo;Balthazar Nightshade;Botánica Arcana;1957;446;2,52;50
471cb890-ecb2;Sombras sobre el Sol Negro;Balthazar Sterling;Filosofía Prohibida;1884;706;3,24;34
8e6db8be-01dd;Espejos de el Sol Negro;Isolde Grimoire;Filosofía Prohibida;1430;927;3,6;12
1b8d5343-3aa9;Espejos de la Quintaesencia;Thalric Crowley;Historia de la Piedra;1966;289;2,35;7
ae585c04-41ea;Vórtice de la Transmutación Infinitas;Seraphine Nightshade;Alquimia Teórica;1386;272;2,1;14
3343b015-ab50;Vórtice de las Almas de Plomo;Aurelius Flamel;Alquimia Teórica;1328;1107;1,38;33
ac0e2d01-4ced;Tratado de el Sol Negro;Morgana Blackwood;Botánica Arcana;1534;1187;1,56;19
5a6be77b-e947;Códice de la Transmutación Infinitas;Elara Nightshade;Alquimia Teórica;1718;111;1,29;12
e0c82dcf-aedc;Espejos de las Almas de Plomo;Caspian Sterling;Filosofía Prohibida;1200;263;3,89;12
9b8d8e17-68ce;Códice de la Transmutación Infinitas;Balthazar Sterling;Transmutación Metálica;1578;720;1,34;12
784614d3-2f75;Sombras sobre el Mercurio Rojo;Balthazar Crowley;Historia de la Piedra;1120;715;4,38;26
f1445503-3b89;La Esencia de las Almas de Plomo;Aurelius Sterling;Botánica Arcana;1279;768;3,51;32
60babb65-89cb;Espejos de el Sol Negro;Aurelius Vance;Botánica Arcana;1520;392;3,7;28
49214aee-375c;Tratado de las Almas de Plomo;Thalric Nightshade;Botánica Arcana;1346;1283;3,31;9
7eec98ac-df3e;La Esencia de el Mercurio Rojo;Seraphine Nightshade;Historia de la Piedra;1141;1208;4,17;13
3628c4c3-7ae3;El Aliento de el Sol Negro;Thalric Sterling;Historia de la Piedra;1889;645;4,72;43
f19a9685-9be5;La Esencia de la Quintaesencia;Thalric Vance;Filosofía Prohibida;1439;330;4,87;9
865254ea-8c43;Espejos de el Sol Negro;Elara Vance;Alquimia Teórica;1928;144;1,73;18
b8019074-700b;Vórtice de la Transmutación Infinitas;Thalric Grimoire;Alquimia Teórica;1527;88;1,69;11
7bdebe1d-8031;El Enigma de el Sol Negro;Caspian Crowley;Botánica Arcana;1456;815;4,06;15
b447ac2e-db85;La Esencia de las Almas de Plomo;Morgana Flamel;Botánica Arcana;1308;794;1,88;32
492ee40c-4a17;Vórtice de el Mercurio Rojo;Morgana Blackwood;Botánica Arcana;1194;603;4,41;33
5a2d1651-812e;Espejos de la Transmutación Infinitas;Balthazar Sterling;Alquimia Teórica;1883;479;4,42;1
e5dd1faf-92f8;Sombras sobre el Mercurio Rojo;Caspian Flamel;Historia de la Piedra;1298;1357;1,64;3
6cbb4e70-83c0;Tratado de la Quintaesencia;Seraphine Vance;Historia de la Piedra;1177;1070;1,69;40
1e83446e-9fc3;Códice de el Mercurio Rojo;Thalric Sterling;Alquimia Teórica;1729;1402;2,6;2
5d82b02c-ac1f;La Esencia de la Transmutación Infinitas;Morgana Vance;Alquimia Teórica;1676;558;2,37;11
47e02cda-5ada;La Esencia de el Mercurio Rojo;Morgana Crowley;Alquimia Teórica;1352;1488;1,71;13
c7c5b68e-92e2;La Esencia de la Quintaesencia;Morgana Flamel;Transmutación Metálica;1443;686;1,38;11
b6bdf670-b751;Tratado de la Quintaesencia;Caspian Blackwood;Historia de la Piedra;1706;1167;3,31;39
739ee3ec-ae1c;Vórtice de la Transmutación Infinitas;Isolde Flamel;Historia de la Piedra;1177;1444;1,72;44
c19a51d2-2636;La Esencia de la Quintaesencia;Isolde Flamel;Historia de la Piedra;1505;999;3,03;27
cb79065c-eb8a;Tratado de las Almas de Plomo;Caspian Sterling;Filosofía Prohibida;1659;1303;3,2;26
bfb5b042-cfaa;El Aliento de el Mercurio Rojo;Morgana Crowley;Alquimia Teórica;1758;655;3,42;30
4a268813-99cd;Vórtice de la Quintaesencia;Caspian Sterling;Alquimia Teórica;1481;1132;1,11;20
e878be06-be2b;Tratado de el Azufre Sagrado;Isolde Nightshade;Historia de la Piedra;1473;1473;1,6;0
b9ed5819-2291;El Aliento de el Mercurio Rojo;Elara Nightshade;Botánica Arcana;1402;406;2,36;25
e25d5d31-c3bd;El Aliento de el Sol Negro;Aurelius Grimoire;Transmutación Metálica;1527;311;2,82;12
f310c2f5-ee30;Sombras sobre el Azufre Sagrado;Elara Nightshade;Historia de la Piedra;1699;1122;3,24;50
b5f190c9-1f51;El Aliento de la Quintaesencia;Morgana Grimoire;Filosofía Prohibida;1876;667;2,82;13
b66b6d64-3e4b;Sombras sobre el Mercurio Rojo;Aurelius Crowley;Filosofía Prohibida;1261;1485;1,56;44
404f2c7c-67b7;Espejos de la Quintaesencia;Morgana Flamel;Alquimia Teórica;1550;202;3,02;15
5d6383eb-d396;El Enigma de el Azufre Sagrado;Isolde Crowley;Botánica Arcana;1470;256;2,42;14
4108d6b9-de5b;Sombras sobre la Transmutación Infinitas;Morgana Vance;Botánica Arcana;1738;800;4,63;35
e699e885-69f2;Vórtice de la Transmutación Infinitas;Balthazar Sterling;Alquimia Teórica;1572;1059;3,67;9
6197dcec-27fa;Espejos de la Quintaesencia;Aurelius Flamel;Historia de la Piedra;1798;280;3,65;29
f1e48bf5-4059;Espejos de el Sol Negro;Balthazar Grimoire;Filosofía Prohibida;1316;1426;2,09;49
8e1ae072-87e2;Sombras sobre la Transmutación Infinitas;Thalric Flamel;Historia de la Piedra;2000;878;4,01;26
088d7d88-dfa6;Vórtice de la Transmutación Infinitas;Caspian Flamel;Transmutación Metálica;1121;367;2,14;44
3da15c5c-30cd;El Enigma de el Azufre Sagrado;Aurelius Sterling;Historia de la Piedra;1423;140;2,68;12
d9c4896c-4960;Códice de las Almas de Plomo;Caspian Blackwood;Transmutación Metálica;1220;1313;4,15;9
09bc6884-bf22;Espejos de la Quintaesencia;Caspian Blackwood;Alquimia Teórica;1475;701;4,31;8
7e7b55cf-1ccb;Tratado de el Mercurio Rojo;Elara Crowley;Alquimia Teórica;1363;1062;2,93;48
92e04c83-03c0;El Enigma de la Quintaesencia;Caspian Nightshade;Alquimia Teórica;1264;1295;1,1;23
14618374-1a25;La Esencia de el Azufre Sagrado;Morgana Vance;Filosofía Prohibida;1474;787;3,19;34
da8e3932-1ef2;El Aliento de la Quintaesencia;Caspian Grimoire;Alquimia Teórica;1317;677;3,2;41
befbd76c-9450;La Esencia de la Quintaesencia;Thalric Blackwood;Filosofía Prohibida;1728;240;1,69;18
45e3e490-ed1f;La Esencia de el Mercurio Rojo;Morgana Sterling;Filosofía Prohibida;1642;103;4,73;5
d176cedb-fc51;Espejos de el Mercurio Rojo;Caspian Nightshade;Historia de la Piedra;1648;877;3,54;10
2310dd06-f470;El Aliento de la Quintaesencia;Isolde Nightshade;Botánica Arcana;1138;530;2,08;41
5a85bd30-64b1;El Enigma de las Almas de Plomo;Seraphine Sterling;Filosofía Prohibida;1450;1033;2,22;37
e3239cf0-29db;Tratado de la Quintaesencia;Caspian Blackwood;Filosofía Prohibida;1738;142;1,43;22
a589a7fa-7eb3;Códice de el Azufre Sagrado;Caspian Nightshade;Botánica Arcana;2008;437;1,41;11
e68fc0c1-93fa;La Esencia de el Mercurio Rojo;Thalric Grimoire;Botánica Arcana;1619;1388;1,04;35
4edb1438-303a;Sombras sobre el Sol Negro;Balthazar Blackwood;Filosofía Prohibida;1499;440;2,83;13
1249a443-fcbb;El Aliento de el Mercurio Rojo;Aurelius Nightshade;Filosofía Prohibida;1297;972;1,05;8
f1cf0996-9b08;El Aliento de la Transmutación Infinitas;Caspian Flamel;Alquimia Teórica;2022;1470;3,35;27
4b95bba2-1fff;Tratado de el Azufre Sagrado;Morgana Nightshade;Historia de la Piedra;1523;771;2,21;22
060f561a-7129;Códice de la Transmutación Infinitas;Balthazar Crowley;Botánica Arcana;1964;1230;2,72;11
df5b0330-7c5e;Vórtice de las Almas de Plomo;Thalric Nightshade;Transmutación Metálica;1786;1011;4,74;10
6f145b90-4e53;El Aliento de el Mercurio Rojo;Isolde Blackwood;Alquimia Teórica;2009;371;2,62;2
9b040793-44b6;La Esencia de el Sol Negro;Balthazar Sterling;Filosofía Prohibida;1287;750;2,14;15
ecc3530d-886e;El Enigma de la Quintaesencia;Elara Sterling;Botánica Arcana;1169;1198;2,84;8
b905c50d-fe7e;El Aliento de la Transmutación Infinitas;Isolde Flamel;Historia de la Piedra;1409;444;2,76;24
dffdff09-dfd7;Tratado de el Sol Negro;Balthazar Vance;Historia de la Piedra;1229;494;3,75;27
9895669f-df60;Vórtice de la Transmutación Infinitas;Morgana Blackwood;Transmutación Metálica;2026;820;2,04;3
97d6746b-7aa8;Espejos de las Almas de Plomo;Isolde Vance;Botánica Arcana;1743;627;4,66;23
405240ec-b79f;Códice de la Quintaesencia;Morgana Grimoire;Alquimia Teórica;1480;686;1,98;22
150e1f2f-ce21;El Enigma de el Azufre Sagrado;Isolde Vance;Historia de la Piedra;1521;565;2,16;5
1c4d69fa-8374;Códice de el Sol Negro;Balthazar Sterling;Filosofía Prohibida;1295;718;3,73;24
112b5ce5-029e;El Enigma de la Transmutación Infinitas;Seraphine Blackwood;Filosofía Prohibida;1523;1214;1,27;45
0a0d325d-270d;Espejos de el Sol Negro;Aurelius Vance;Transmutación Metálica;1708;295;2,81;3
88648b83-e59b;Espejos de la Quintaesencia;Caspian Flamel;Botánica Arcana;1985;617;4,73;36
6d536b5e-88b9;Códice de el Azufre Sagrado;Isolde Nightshade;Transmutación Metálica;1931;289;2,71;24
a753fc9a-afac;Espejos de la Transmutación Infinitas;Caspian Grimoire;Historia de la Piedra;1493;704;3,5;36
006a96e8-898c;Códice de el Azufre Sagrado;Isolde Nightshade;Historia de la Piedra;1911;896;3,36;1
eac32957-544e;Códice de las Almas de Plomo;Seraphine Flamel;Filosofía Prohibida;1363;730;2,89;48
4a96c521-5f0c;El Enigma de el Mercurio Rojo;Morgana Blackwood;Alquimia Teórica;1268;908;3,98;20
bc4adfcc-2030;La Esencia de las Almas de Plomo;Elara Grimoire;Transmutación Metálica;1189;919;2,6;29
1dc660df-1077;Espejos de el Sol Negro;Caspian Blackwood;Alquimia Teórica;1559;1095;4,63;3
fbc6448e-4de7;El Enigma de el Mercurio Rojo;Balthazar Blackwood;Historia de la Piedra;1745;822;2,34;3
57887f2c-1000;El Enigma de el Azufre Sagrado;Balthazar Flamel;Filosofía Prohibida;1823;1464;3,66;14
a1ae0f80-59d5;Códice de las Almas de Plomo;Caspian Vance;Botánica Arcana;1732;602;3,71;37
d2754a42-a103;Espejos de el Sol Negro;Thalric Flamel;Botánica Arcana;1664;269;1,62;43
c8314686-5969;El Aliento de la Quintaesencia;Elara Grimoire;Filosofía Prohibida;1656;408;1,77;12
3b325993-0327;Espejos de la Quintaesencia;Balthazar Nightshade;Alquimia Teórica;1935;1216;3,29;3
84d001fd-a047;La Esencia de la Quintaesencia;Caspian Blackwood;Transmutación Metálica;1757;730;3,61;39
e0e32e20-4e93;El Aliento de la Quintaesencia;Seraphine Grimoire;Botánica Arcana;1684;178;2,1;11
874122ae-ed57;Códice de el Azufre Sagrado;Morgana Vance;Botánica Arcana;1911;1317;3,22;34
7bb88d20-eae0;La Esencia de la Transmutación Infinitas;Aurelius Crowley;Botánica Arcana;1175;670;1,23;27
3e07ecd4-a328;Espejos de la Quintaesencia;Thalric Sterling;Filosofía Prohibida;1971;843;4,9;32
ab86fab7-4015;La Esencia de las Almas de Plomo;Thalric Sterling;Transmutación Metálica;1336;590;1,21;27
729b8493-0466;Espejos de el Sol Negro;Balthazar Nightshade;Transmutación Metálica;1103;125;1,56;50
6f6c7a9f-0640;Códice de la Quintaesencia;Elara Vance;Transmutación Metálica;1933;336;2,07;47
d6d37764-9e92;Sombras sobre el Mercurio Rojo;Aurelius Vance;Alquimia Teórica;1133;751;2,79;11
2a4f93f9-fff5;Sombras sobre la Transmutación Infinitas;Isolde Sterling;Alquimia Teórica;1185;1444;2,38;22
297cdd1c-ff93;Tratado de las Almas de Plomo;Thalric Blackwood;Filosofía Prohibida;1518;282;2,68;5
1dbe5b75-a8e9;Sombras sobre el Azufre Sagrado;Elara Grimoire;Filosofía Prohibida;1450;373;3,34;30
8dcd4dd8-53ea;Espejos de la Transmutación Infinitas;Thalric Vance;Historia de la Piedra;1991;290;4,62;46
671fa058-db3a;Espejos de la Quintaesencia;Isolde Flamel;Historia de la Piedra;1996;925;4,85;35
af4faf85-c99b;Códice de la Quintaesencia;Isolde Crowley;Historia de la Piedra;1508;305;1,12;21
0e788d7c-c67a;Vórtice de el Mercurio Rojo;Elara Crowley;Botánica Arcana;1827;1191;1,53;43
7c11a82b-e790;Tratado de el Azufre Sagrado;Morgana Sterling;Filosofía Prohibida;1950;1297;2,92;24
9cea9f64-4111;Tratado de el Sol Negro;Balthazar Crowley;Botánica Arcana;1615;814;3,85;32
00605120-9963;El Aliento de la Transmutación Infinitas;Morgana Nightshade;Historia de la Piedra;1877;1420;4,22;17
facc0962-126c;Espejos de el Sol Negro;Balthazar Nightshade;Botánica Arcana;1969;1288;2,02;19
1e5ba732-2079;Códice de la Quintaesencia;Morgana Crowley;Filosofía Prohibida;1774;1374;4,78;19
99a43fed-754e;Sombras sobre el Azufre Sagrado;Isolde Grimoire;Historia de la Piedra;1211;795;2,55;2
2fd28249-b9bd;Códice de la Quintaesencia;Seraphine Crowley;Historia de la Piedra;1197;787;2,15;18
7fc41875-3142;Vórtice de el Azufre Sagrado;Seraphine Flamel;Historia de la Piedra;1460;862;1,93;50
f23aa3f2-9210;Vórtice de el Mercurio Rojo;Aurelius Grimoire;Transmutación Metálica;1450;1492;1,97;40
a66ca192-c8ed;Vórtice de el Sol Negro;Seraphine Vance;Filosofía Prohibida;1639;1281;1,8;37
95bce6af-83b7;Espejos de el Azufre Sagrado;Balthazar Blackwood;Alquimia Teórica;1771;1163;3,47;19
f9b7e3b5-bcc4;Tratado de las Almas de Plomo;Elara Grimoire;Historia de la Piedra;1717;1144;1,95;6
d65e55c8-1078;Sombras sobre la Quintaesencia;Caspian Crowley;Transmutación Metálica;1795;1202;2,93;4
4aec0655-297b;El Aliento de las Almas de Plomo;Thalric Sterling;Botánica Arcana;1593;542;3,71;4
262b5055-4264;El Aliento de el Sol Negro;Morgana Blackwood;Alquimia Teórica;2000;1203;2,83;7
0ac0e8c9-d265;Vórtice de la Transmutación Infinitas;Balthazar Grimoire;Transmutación Metálica;1312;331;1,51;9
3b0fd121-c70e;Tratado de las Almas de Plomo;Elara Crowley;Transmutación Metálica;1186;1392;2,1;12
fcc3fb75-14b3;Tratado de la Transmutación Infinitas;Balthazar Blackwood;Alquimia Teórica;1433;1290;1,92;49
ceafdbc3-1b01;La Esencia de el Mercurio Rojo;Thalric Vance;Botánica Arcana;1854;1311;3,29;22
e8103457-2f20;Sombras sobre la Quintaesencia;Seraphine Nightshade;Historia de la Piedra;1565;419;3,01;5
669c1538-457e;Vórtice de la Transmutación Infinitas;Isolde Flamel;Alquimia Teórica;1897;1243;4,04;14
9bab2353-d489;El Enigma de la Quintaesencia;Seraphine Grimoire;Alquimia Teórica;1190;277;2,55;42
27f3b5a9-4143;El Aliento de el Mercurio Rojo;Balthazar Blackwood;Historia de la Piedra;1564;1496;3,31;22
90c35f7a-2d82;El Enigma de la Transmutación Infinitas;Isolde Vance;Alquimia Teórica;1533;459;4,46;36
03544c0e-25ab;La Esencia de la Transmutación Infinitas;Aurelius Sterling;Filosofía Prohibida;1221;1317;3,4;18
c3afbfe5-bd0e;Códice de la Transmutación Infinitas;Caspian Vance;Alquimia Teórica;1560;839;2,54;16
64570547-8b40;Códice de la Quintaesencia;Thalric Vance;Botánica Arcana;1768;1211;3,56;26
e7c8a296-1486;Tratado de las Almas de Plomo;Morgana Blackwood;Historia de la Piedra;1512;115;2,59;31
5db117ce-26b0;Sombras sobre las Almas de Plomo;Isolde Blackwood;Transmutación Metálica;1725;524;2,36;37
4df43cce-4697;Vórtice de la Transmutación Infinitas;Morgana Flamel;Alquimia Teórica;1141;690;4,6;1
4e226ec1-e4a3;La Esencia de el Mercurio Rojo;Seraphine Blackwood;Botánica Arcana;1217;957;4,94;2
bb5f0cd6-71b2;El Enigma de el Azufre Sagrado;Morgana Vance;Historia de la Piedra;1873;1306;4,32;15
cfbbfd61-bb1b;La Esencia de la Transmutación Infinitas;Caspian Sterling;Botánica Arcana;1292;475;2,24;33
49d68dc4-5733;Sombras sobre el Mercurio Rojo;Morgana Nightshade;Alquimia Teórica;1373;1469;1,17;34
a9dc1fd0-299d;Códice de el Mercurio Rojo;Aurelius Sterling;Historia de la Piedra;1220;925;1,32;33
8d7cda95-5448;Espejos de la Transmutación Infinitas;Caspian Flamel;Alquimia Teórica;1280;1401;3,17;30
abb2059c-8b5d;Códice de la Transmutación Infinitas;Balthazar Crowley;Botánica Arcana;1589;576;4,79;16
5daacefc-1309;La Esencia de las Almas de Plomo;Aurelius Grimoire;Alquimia Teórica;1229;991;1,63;40
e6c03025-4e94;Tratado de el Azufre Sagrado;Caspian Crowley;Alquimia Teórica;1582;917;2,93;18
2eb1502f-93c1;Espejos de el Sol Negro;Aurelius Nightshade;Transmutación Metálica;1151;445;2,85;47
7765c723-f390;El Aliento de la Transmutación Infinitas;Isolde Sterling;Filosofía Prohibida;1846;339;3,13;31
0ce2c649-6bba;La Esencia de el Mercurio Rojo;Seraphine Sterling;Transmutación Metálica;1933;719;3,13;42
e116ab6b-bbda;Vórtice de el Azufre Sagrado;Caspian Sterling;Filosofía Prohibida;2001;852;4,97;3
9f3f23be-54c6;La Esencia de la Quintaesencia;Caspian Crowley;Transmutación Metálica;1147;267;3,14;4
2886c724-bfaa;El Enigma de el Mercurio Rojo;Morgana Nightshade;Botánica Arcana;1384;99;2,16;2
09f3e18f-422a;Espejos de las Almas de Plomo;Isolde Sterling;Alquimia Teórica;1303;718;2,95;35
5a9bbf5f-e9e2;Tratado de el Sol Negro;Elara Nightshade;Transmutación Metálica;1186;728;1,37;27
de1fa6c3-25e2;Sombras sobre la Transmutación Infinitas;Isolde Flamel;Filosofía Prohibida;1831;1482;1,7;17
b0cb93cb-fd98;Códice de las Almas de Plomo;Thalric Grimoire;Botánica Arcana;1840;1251;2,31;28
3c521ccd-c925;Sombras sobre la Transmutación Infinitas;Aurelius Crowley;Alquimia Teórica;1265;1157;3,98;20
712272e1-7021;El Enigma de las Almas de Plomo;Isolde Sterling;Historia de la Piedra;1539;1028;4,23;27
784a8f43-eb34;La Esencia de el Azufre Sagrado;Elara Vance;Historia de la Piedra;1721;260;1,37;50
9c9fcb8d-9f00;Vórtice de la Transmutación Infinitas;Seraphine Flamel;Transmutación Metálica;1539;925;3,72;34
cda64ad0-77f0;Sombras sobre el Mercurio Rojo;Morgana Vance;Filosofía Prohibida;1256;264;1,41;21
97e9c704-e673;El Aliento de la Transmutación Infinitas;Caspian Crowley;Transmutación Metálica;1777;314;4,84;23
3eabfaa3-9adb;Espejos de el Sol Negro;Morgana Grimoire;Botánica Arcana;1675;685;1,92;32
5e4b3ae6-95a3;Sombras sobre el Sol Negro;Balthazar Sterling;Transmutación Metálica;1680;887;3;48
e96785bc-8017;Vórtice de las Almas de Plomo;Thalric Flamel;Botánica Arcana;1938;794;4,13;7
4606f92d-ee55;El Aliento de el Mercurio Rojo;Caspian Vance;Filosofía Prohibida;1532;323;3,52;29
3b625604-d386;Tratado de el Mercurio Rojo;Balthazar Vance;Alquimia Teórica;1876;190;2,2;18
63558db9-3087;Vórtice de el Mercurio Rojo;Aurelius Crowley;Transmutación Metálica;1250;1084;1,63;49
78767c8d-a318;Espejos de la Quintaesencia;Aurelius Flamel;Botánica Arcana;1920;806;3,62;49
c71a6005-7e6f;La Esencia de la Quintaesencia;Thalric Flamel;Historia de la Piedra;1244;1360;2,5;6
cdd2929b-b292;Tratado de la Quintaesencia;Seraphine Vance;Filosofía Prohibida;1704;686;1,68;5
db484884-64fe;El Enigma de la Quintaesencia;Seraphine Grimoire;Historia de la Piedra;1754;948;4,15;48
5eafa48f-12af;Vórtice de la Transmutación Infinitas;Aurelius Sterling;Transmutación Metálica;1664;304;4,75;21
ab0fbeb9-8b44;El Enigma de el Azufre Sagrado;Isolde Flamel;Botánica Arcana;1518;231;2,71;27
85a52dda-ec5f;Tratado de las Almas de Plomo;Seraphine Vance;Botánica Arcana;1668;118;2,37;6
efcdf767-f1aa;El Enigma de la Transmutación Infinitas;Aurelius Sterling;Botánica Arcana;1895;1380;3,57;21
4dbd485e-1c93;Espejos de el Mercurio Rojo;Thalric Nightshade;Transmutación Metálica;1821;966;4,02;14
62dafce2-70f2;El Aliento de el Sol Negro;Caspian Crowley;Historia de la Piedra;1999;1176;3,4;34
b2f84aae-52e9;Tratado de el Sol Negro;Caspian Crowley;Filosofía Prohibida;1629;791;4,85;14
87711d56-53d1;El Aliento de el Sol Negro;Elara Nightshade;Historia de la Piedra;1136;292;2,36;28
2c7dd033-ae5d;La Esencia de la Transmutación Infinitas;Isolde Crowley;Botánica Arcana;1969;1407;3,84;13
517b5667-549b;Vórtice de el Sol Negro;Morgana Flamel;Transmutación Metálica;1337;165;2,25;3
7f237257-ce8f;El Aliento de el Mercurio Rojo;Morgana Flamel;Transmutación Metálica;1711;776;4,18;8
08137d7e-2023;Sombras sobre el Azufre Sagrado;Seraphine Blackwood;Alquimia Teórica;1272;601;3,64;17
7d0e937a-fe43;La Esencia de la Transmutación Infinitas;Caspian Grimoire;Filosofía Prohibida;1458;958;1,11;26
b14de254-a686;La Esencia de el Mercurio Rojo;Seraphine Blackwood;Historia de la Piedra;1785;860;3,93;26
99e83c97-b926;Vórtice de el Azufre Sagrado;Balthazar Nightshade;Filosofía Prohibida;1586;467;1,33;0
2b607bbd-d9ad;Códice de las Almas de Plomo;Morgana Nightshade;Historia de la Piedra;1548;211;4,67;41
fc02f7de-a5ce;La Esencia de el Azufre Sagrado;Elara Nightshade;Botánica Arcana;1932;106;2,95;45
717b5707-a882;El Aliento de la Quintaesencia;Elara Grimoire;Botánica Arcana;1565;110;2,8;2
b8713e08-5e1d;Espejos de el Sol Negro;Caspian Grimoire;Transmutación Metálica;1446;1471;4,54;50
466d17e9-a45d;Sombras sobre la Transmutación Infinitas;Seraphine Crowley;Filosofía Prohibida;1623;1286;1,98;46
482ea642-9403;La Esencia de la Quintaesencia;Elara Blackwood;Botánica Arcana;1895;1258;1,44;15
080852c8-cd81;El Enigma de el Azufre Sagrado;Seraphine Grimoire;Transmutación Metálica;1962;1078;4;31
7a334cf6-bdaa;La Esencia de el Azufre Sagrado;Seraphine Vance;Transmutación Metálica;1715;163;3,92;22
92de8090-635b;El Enigma de el Azufre Sagrado;Thalric Blackwood;Filosofía Prohibida;1242;615;3,73;46
15093ed7-bd70;La Esencia de las Almas de Plomo;Caspian Vance;Alquimia Teórica;1656;1459;2,1;4
1b2d9fb0-f7a5;El Enigma de la Quintaesencia;Isolde Vance;Alquimia Teórica;1421;1481;4,62;5
fbbc43ab-6a44;Vórtice de la Quintaesencia;Isolde Vance;Alquimia Teórica;1529;814;3,86;2
c7feb8e1-e65c;Vórtice de el Mercurio Rojo;Isolde Flamel;Botánica Arcana;1291;89;4,02;17
8127f4b1-ce9d;Espejos de la Quintaesencia;Seraphine Flamel;Historia de la Piedra;1567;106;1,95;14
746c70ad-2a79;Vórtice de el Sol Negro;Caspian Vance;Transmutación Metálica;1597;836;3,37;41
c31946b1-de8e;Sombras sobre el Azufre Sagrado;Caspian Nightshade;Botánica Arcana;1303;661;4,75;42
ade7a6f9-4194;Tratado de el Sol Negro;Thalric Vance;Botánica Arcana;2016;1415;2,61;25
9d6d125d-987c;Tratado de la Quintaesencia;Thalric Flamel;Filosofía Prohibida;1947;593;4,41;22
4e932d07-61c7;Tratado de el Sol Negro;Elara Grimoire;Transmutación Metálica;1989;1080;1,75;19
2d5b49e3-2f0b;El Enigma de la Quintaesencia;Seraphine Blackwood;Alquimia Teórica;1907;1301;2,16;43
272345c8-43e2;Tratado de la Transmutación Infinitas;Balthazar Crowley;Alquimia Teórica;1233;1153;4,99;13
1192223b-3be1;Códice de la Transmutación Infinitas;Balthazar Nightshade;Botánica Arcana;1675;1365;1,59;16
536c115e-bb1c;Vórtice de el Azufre Sagrado;Elara Blackwood;Transmutación Metálica;1685;131;3,96;23
2ee6d1e7-2b9d;El Enigma de el Sol Negro;Balthazar Nightshade;Filosofía Prohibida;1246;996;4,72;12
0b15b019-6e20;Vórtice de el Sol Negro;Elara Nightshade;Filosofía Prohibida;2008;687;2,83;14
ea2b2674-1393;Sombras sobre la Transmutación Infinitas;Elara Sterling;Botánica Arcana;1577;529;3,93;37
9448b404-15b5;La Esencia de las Almas de Plomo;Thalric Nightshade;Transmutación Metálica;1774;493;2,59;19
b9278ef8-fe9c;Códice de el Azufre Sagrado;Thalric Grimoire;Filosofía Prohibida;1415;1121;1,73;14
0e8ffeca-cf5a;Sombras sobre el Mercurio Rojo;Aurelius Blackwood;Historia de la Piedra;1751;835;3,99;37
34618ee7-ca96;Vórtice de las Almas de Plomo;Aurelius Vance;Botánica Arcana;1736;985;4,89;45
cc322cca-535e;El Aliento de el Sol Negro;Caspian Crowley;Transmutación Metálica;1290;1159;2,78;0
57c16829-c0d8;El Enigma de la Transmutación Infinitas;Isolde Nightshade;Alquimia Teórica;1434;222;4,49;38
5205493d-75b7;El Enigma de el Azufre Sagrado;Morgana Blackwood;Filosofía Prohibida;1268;886;1,76;43
3d0e41c9-9f55;El Aliento de la Transmutación Infinitas;Aurelius Blackwood;Alquimia Teórica;1864;386;2,61;8
36ed8525-da36;Espejos de las Almas de Plomo;Thalric Blackwood;Transmutación Metálica;1751;1446;1;39
277f2f0d-c28a;Espejos de el Azufre Sagrado;Thalric Crowley;Transmutación Metálica;1488;854;2,91;48
41d039b8-fa95;Sombras sobre el Mercurio Rojo;Caspian Sterling;Botánica Arcana;1213;152;1,59;1
462d5c26-445d;Códice de las Almas de Plomo;Seraphine Flamel;Filosofía Prohibida;1465;768;2,18;1
0b3a3796-569c;Vórtice de el Mercurio Rojo;Isolde Sterling;Botánica Arcana;1780;866;1,43;10
43fdb1f0-dd47;Códice de el Mercurio Rojo;Elara Grimoire;Filosofía Prohibida;1968;1005;2,11;15
3d9e602e-fd63;El Aliento de la Quintaesencia;Aurelius Grimoire;Filosofía Prohibida;1160;513;4,12;2
e533cbd2-3e7b;Vórtice de el Sol Negro;Balthazar Sterling;Botánica Arcana;1557;358;4,62;37
6b88c348-4e91;La Esencia de el Azufre Sagrado;Morgana Nightshade;Botánica Arcana;1166;548;3,77;16
fbed499b-33ff;Códice de el Azufre Sagrado;Caspian Blackwood;Historia de la Piedra;1923;242;4,51;15
f48f4116-769a;La Esencia de la Quintaesencia;Caspian Flamel;Filosofía Prohibida;1314;1443;4,93;25
69515a07-cd30;Vórtice de el Sol Negro;Balthazar Blackwood;Historia de la Piedra;1811;1460;1,61;44
cd569334-8339;El Enigma de las Almas de Plomo;Elara Vance;Historia de la Piedra;1269;343;4,96;11
893e54bf-a600;El Aliento de el Azufre Sagrado;Balthazar Nightshade;Alquimia Teórica;1207;436;2;13
efbf103c-b376;La Esencia de el Mercurio Rojo;Thalric Grimoire;Botánica Arcana;1592;546;4,45;5
8c0daace-b2d7;El Enigma de las Almas de Plomo;Seraphine Grimoire;Historia de la Piedra;1121;1215;3,79;42
acc975f5-b407;Tratado de el Azufre Sagrado;Thalric Blackwood;Transmutación Metálica;1870;84;1,21;10
e15beca9-434b;Tratado de el Sol Negro;Morgana Flamel;Transmutación Metálica;1927;597;1,3;11
567bc034-f45f;Vórtice de el Azufre Sagrado;Morgana Blackwood;Alquimia Teórica;1419;856;3,88;26
7ed5b57f-c8d4;El Aliento de las Almas de Plomo;Elara Sterling;Botánica Arcana;1695;449;2,29;21
69a40dfe-9b4d;Códice de el Sol Negro;Elara Grimoire;Filosofía Prohibida;1234;438;3,25;42
c675144c-7f65;Vórtice de la Quintaesencia;Elara Sterling;Filosofía Prohibida;1303;1128;3,34;14
6fbe84f7-f627;El Enigma de la Transmutación Infinitas;Aurelius Vance;Alquimia Teórica;1517;496;2,19;12
efc2feca-bbbe;El Enigma de la Quintaesencia;Aurelius Sterling;Botánica Arcana;1340;280;1,55;20
b8683426-db11;El Aliento de el Azufre Sagrado;Isolde Crowley;Alquimia Teórica;1529;1180;1,98;50
22a12f9b-ed5d;El Aliento de el Mercurio Rojo;Morgana Blackwood;Alquimia Teórica;1901;598;3,09;29
5d189957-cf87;Códice de las Almas de Plomo;Thalric Flamel;Transmutación Metálica;1704;681;3,91;13
4e019123-8896;El Aliento de la Quintaesencia;Caspian Crowley;Historia de la Piedra;1276;657;2,56;30
817673d0-d9bd;El Aliento de el Sol Negro;Caspian Sterling;Historia de la Piedra;2003;1266;2,06;16
a04f212f-4af2;Tratado de la Transmutación Infinitas;Aurelius Grimoire;Botánica Arcana;1778;1453;4,22;19
ff64c94e-d8ec;La Esencia de las Almas de Plomo;Elara Nightshade;Alquimia Teórica;1455;379;2,31;21
bd1b80ef-4c50;Sombras sobre la Transmutación Infinitas;Seraphine Flamel;Alquimia Teórica;1712;1092;1,11;20
e01b38eb-4b7f;El Enigma de el Sol Negro;Seraphine Blackwood;Transmutación Metálica;1883;164;4,43;30
0ed7fe7e-d48b;Sombras sobre el Mercurio Rojo;Balthazar Blackwood;Filosofía Prohibida;1795;873;3,36;32
c03413f2-4f74;El Enigma de la Quintaesencia;Caspian Blackwood;Transmutación Metálica;1611;132;4,78;17
68184d4d-24c0;El Aliento de el Azufre Sagrado;Balthazar Grimoire;Botánica Arcana;1729;724;1,21;22
a9554c22-cd50;El Aliento de el Mercurio Rojo;Caspian Vance;Alquimia Teórica;1413;747;4,74;13
f057a999-55b9;Espejos de la Quintaesencia;Thalric Crowley;Filosofía Prohibida;1509;1413;4,04;34
132af38f-c1bd;Vórtice de el Sol Negro;Elara Vance;Filosofía Prohibida;1865;1467;3,25;14
942a39ed-ae22;Vórtice de la Transmutación Infinitas;Aurelius Flamel;Alquimia Teórica;1163;1235;3,53;31
1299468d-1ea4;Espejos de la Transmutación Infinitas;Seraphine Sterling;Botánica Arcana;1995;1067;2,41;31
d20ae4d6-0ef9;El Enigma de el Azufre Sagrado;Morgana Sterling;Botánica Arcana;1997;534;1,04;27
1d0a0c5e-5d67;La Esencia de el Azufre Sagrado;Seraphine Crowley;Filosofía Prohibida;1279;1484;1,68;4
0d707df4-7b8b;Espejos de la Quintaesencia;Elara Grimoire;Historia de la Piedra;1420;494;4,33;26
59d5dea0-6f43;Sombras sobre el Mercurio Rojo;Seraphine Vance;Historia de la Piedra;1565;627;1,16;41
26967e1e-a39a;El Enigma de las Almas de Plomo;Seraphine Nightshade;Botánica Arcana;1242;442;3,03;28
4d4c016e-d920;Tratado de el Mercurio Rojo;Balthazar Sterling;Transmutación Metálica;1508;647;4,63;47
b4afbf41-4c03;Tratado de la Transmutación Infinitas;Elara Nightshade;Transmutación Metálica;1170;1247;2,66;45
e6a92ae0-ba6b;La Esencia de la Quintaesencia;Caspian Blackwood;Filosofía Prohibida;1498;1497;3,64;18
9ddabaee-25d3;Sombras sobre la Transmutación Infinitas;Aurelius Blackwood;Historia de la Piedra;1938;366;4,13;27
5ea57d30-bf15;La Esencia de las Almas de Plomo;Thalric Sterling;Alquimia Teórica;1670;780;4,21;32
729b7560-008a;Espejos de la Transmutación Infinitas;Caspian Vance;Botánica Arcana;1510;1265;1,44;11
0235231f-cab7;Códice de la Quintaesencia;Isolde Sterling;Alquimia Teórica;1746;1496;4,76;38
675ae103-88f1;El Aliento de el Sol Negro;Caspian Nightshade;Alquimia Teórica;1615;537;2,53;38
ed411a38-055c;La Esencia de el Sol Negro;Caspian Grimoire;Historia de la Piedra;1534;143;3,94;27
c6a89d97-054e;Vórtice de la Quintaesencia;Isolde Sterling;Alquimia Teórica;1533;565;4,21;11
e932300e-3cc7;Vórtice de las Almas de Plomo;Thalric Blackwood;Alquimia Teórica;1527;761;4,13;35
ae2ba6e4-7a20;Vórtice de el Sol Negro;Thalric Nightshade;Alquimia Teórica;1457;1279;4,17;42
ee9e801a-d7da;El Enigma de la Transmutación Infinitas;Aurelius Grimoire;Historia de la Piedra;1674;1259;2,05;10
7ca88fa9-a83e;La Esencia de la Transmutación Infinitas;Balthazar Vance;Filosofía Prohibida;1592;1013;2,22;13
af4509c0-09a8;Espejos de el Azufre Sagrado;Seraphine Crowley;Alquimia Teórica;1163;752;2,2;42
4abb20b8-b606;Códice de la Quintaesencia;Seraphine Nightshade;Historia de la Piedra;1885;316;4,79;2
e4ff118e-5f0c;La Esencia de las Almas de Plomo;Seraphine Vance;Botánica Arcana;1953;646;1,77;16
9dde06d6-8adb;Espejos de la Transmutación Infinitas;Morgana Grimoire;Transmutación Metálica;1529;301;2,65;36
6abaf51e-8649;El Enigma de el Azufre Sagrado;Seraphine Blackwood;Filosofía Prohibida;1987;889;2,45;0
c86115b0-8b67;El Aliento de la Quintaesencia;Thalric Blackwood;Transmutación Metálica;1134;1438;1,04;26
d3ce425a-bee0;El Enigma de el Sol Negro;Elara Vance;Alquimia Teórica;1284;282;2,3;12
08bedd4a-531e;Espejos de el Mercurio Rojo;Morgana Grimoire;Historia de la Piedra;1704;255;3,92;37
c97c6bfd-acd8;El Enigma de la Quintaesencia;Aurelius Crowley;Botánica Arcana;1890;1051;4,89;30
eba345ed-0d7b;La Esencia de la Quintaesencia;Morgana Nightshade;Filosofía Prohibida;2015;267;2,3;32
ce75883e-9082;Códice de el Mercurio Rojo;Elara Grimoire;Transmutación Metálica;1852;783;2,71;3
3c10c6a7-b632;Vórtice de el Mercurio Rojo;Elara Sterling;Transmutación Metálica;1929;1365;3,63;32
e0322a46-5bcb;El Aliento de el Mercurio Rojo;Aurelius Vance;Filosofía Prohibida;1553;1022;2,32;37
b7e83ae8-2a82;Códice de la Quintaesencia;Balthazar Blackwood;Filosofía Prohibida;1694;310;4,11;43
a598f90b-1f0a;Espejos de las Almas de Plomo;Caspian Nightshade;Transmutación Metálica;1358;1179;1,22;11
3d1dde0f-04fc;Códice de la Quintaesencia;Balthazar Grimoire;Alquimia Teórica;1803;445;3,29;12
19384cf5-3dfe;Códice de el Sol Negro;Seraphine Sterling;Historia de la Piedra;1908;855;3,35;43
afb6c194-cec3;Espejos de la Transmutación Infinitas;Caspian Nightshade;Alquimia Teórica;1641;1316;4,4;24
fcfb6821-63be;Espejos de el Sol Negro;Isolde Blackwood;Botánica Arcana;1186;963;3,24;42
07704b81-9e7f;La Esencia de el Sol Negro;Morgana Vance;Historia de la Piedra;1360;545;2,54;24
66769a44-7806;Espejos de la Transmutación Infinitas;Balthazar Grimoire;Historia de la Piedra;1846;181;4,78;15
ed30f0fd-c2b1;Espejos de la Quintaesencia;Thalric Vance;Botánica Arcana;1208;198;4,47;28
3e514033-35b7;Tratado de el Mercurio Rojo;Morgana Sterling;Transmutación Metálica;1959;793;2,66;26
5359c423-bd1c;El Enigma de el Mercurio Rojo;Elara Flamel;Alquimia Teórica;1893;1199;3,57;3
5759f87e-4076;Códice de el Sol Negro;Morgana Grimoire;Alquimia Teórica;1167;126;2,25;46
ce48662d-131f;Tratado de el Azufre Sagrado;Seraphine Vance;Transmutación Metálica;1539;541;2,75;33
5460ab38-954d;La Esencia de el Azufre Sagrado;Thalric Sterling;Transmutación Metálica;1540;1417;4,19;16
ee753d11-5b08;Tratado de las Almas de Plomo;Isolde Blackwood;Historia de la Piedra;1260;990;3,49;16
0b0c09f7-55bc;El Aliento de el Azufre Sagrado;Aurelius Grimoire;Filosofía Prohibida;1609;1078;3,37;2
06fa5827-abb1;El Aliento de el Sol Negro;Thalric Grimoire;Botánica Arcana;1729;853;1,1;32
564f8c08-00ef;Espejos de el Mercurio Rojo;Caspian Grimoire;Transmutación Metálica;1982;1306;3,75;40
42d1cd6a-966c;Códice de el Sol Negro;Aurelius Grimoire;Alquimia Teórica;1111;234;4,05;5
15226c9b-349b;Espejos de las Almas de Plomo;Isolde Nightshade;Filosofía Prohibida;1521;1449;2,62;7
5762a81c-a8b4;Tratado de la Quintaesencia;Thalric Nightshade;Transmutación Metálica;1888;500;3,78;5
a6a32f51-deb7;El Enigma de las Almas de Plomo;Seraphine Nightshade;Transmutación Metálica;1407;968;3,76;23
4b5d5015-a93b;Espejos de el Sol Negro;Isolde Nightshade;Transmutación Metálica;1643;134;3,43;29
1b5328cf-2941;Sombras sobre las Almas de Plomo;Thalric Blackwood;Historia de la Piedra;1107;1307;4,54;8
756c4120-27e5;Tratado de el Mercurio Rojo;Balthazar Grimoire;Botánica Arcana;1404;1452;4,38;38
98cce19e-b19a;La Esencia de la Transmutación Infinitas;Seraphine Nightshade;Botánica Arcana;1691;1189;4,43;3
46d986ec-d177;Espejos de la Quintaesencia;Balthazar Nightshade;Historia de la Piedra;1857;485;2,56;26
e338116c-45b9;Vórtice de el Azufre Sagrado;Morgana Vance;Alquimia Teórica;1519;859;3,32;24
f676a52a-b1dc;Códice de la Transmutación Infinitas;Caspian Vance;Transmutación Metálica;1107;673;2,58;36
b196f8fc-2630;La Esencia de la Transmutación Infinitas;Aurelius Blackwood;Transmutación Metálica;1753;501;2,71;24
c8947987-93fa;El Aliento de el Mercurio Rojo;Balthazar Flamel;Historia de la Piedra;1621;553;2,22;25
8d89bbce-c57e;Tratado de el Sol Negro;Elara Grimoire;Historia de la Piedra;1635;1481;3,4;15
556665ea-6b1c;El Enigma de las Almas de Plomo;Thalric Sterling;Filosofía Prohibida;1195;757;2,22;3
831f22d4-1771;El Aliento de el Azufre Sagrado;Thalric Nightshade;Transmutación Metálica;1558;696;3,29;2
d2f04cc2-f7de;Vórtice de la Quintaesencia;Morgana Sterling;Historia de la Piedra;1688;1197;3,76;28
44b07077-2bd1;Tratado de la Quintaesencia;Morgana Sterling;Transmutación Metálica;2021;1064;1,02;16
7c6d0ae9-3868;Sombras sobre el Azufre Sagrado;Caspian Blackwood;Alquimia Teórica;1350;570;3,34;13
81e6babe-a399;Espejos de el Sol Negro;Aurelius Grimoire;Transmutación Metálica;1329;402;4,16;50
d370987e-eaa3;Espejos de el Azufre Sagrado;Morgana Sterling;Filosofía Prohibida;1447;1124;1,33;37
cd6f01fb-09ef;El Aliento de las Almas de Plomo;Balthazar Nightshade;Botánica Arcana;1303;1436;3,75;48
62527df6-9efd;El Enigma de la Quintaesencia;Seraphine Nightshade;Transmutación Metálica;1398;848;3,99;36
69934213-cfa9;Vórtice de el Azufre Sagrado;Isolde Flamel;Alquimia Teórica;1690;1375;1,92;44
2bda89f4-cb7e;Espejos de las Almas de Plomo;Aurelius Grimoire;Transmutación Metálica;1592;295;3,21;25
dcfaf14c-f1ec;Vórtice de el Mercurio Rojo;Caspian Blackwood;Transmutación Metálica;1808;704;2,67;42
304c28c8-d0f6;Sombras sobre el Mercurio Rojo;Thalric Crowley;Transmutación Metálica;1192;1168;3,7;47
b0a02865-9b77;Tratado de el Mercurio Rojo;Seraphine Flamel;Alquimia Teórica;1567;1071;4;25
c5016b89-5b58;El Enigma de la Quintaesencia;Elara Crowley;Transmutación Metálica;1953;1156;4,49;39
aaf9f1f9-8c8f;Espejos de la Quintaesencia;Morgana Crowley;Botánica Arcana;1639;1364;3,58;35
0bdb9f85-3ed0;Vórtice de la Transmutación Infinitas;Morgana Sterling;Transmutación Metálica;1475;166;2,58;13
ce7afc98-2645;Espejos de el Sol Negro;Isolde Nightshade;Filosofía Prohibida;1612;1118;1,81;46
01484cea-55f7;El Aliento de el Sol Negro;Thalric Blackwood;Historia de la Piedra;1951;1248;2,99;28
db852fa0-e166;Espejos de la Transmutación Infinitas;Thalric Sterling;Filosofía Prohibida;1263;371;4,91;42
2bc2fa84-6410;Vórtice de el Mercurio Rojo;Seraphine Flamel;Historia de la Piedra;1459;979;2,08;24
0b29acb4-488c;La Esencia de las Almas de Plomo;Isolde Flamel;Alquimia Teórica;1587;645;2,09;16
a8d7d213-1156;El Enigma de el Sol Negro;Elara Crowley;Historia de la Piedra;1880;959;2,32;8
0bc8259e-d9b7;El Aliento de las Almas de Plomo;Seraphine Vance;Filosofía Prohibida;1572;864;2,5;32
43b350f3-1c52;Sombras sobre la Quintaesencia;Caspian Sterling;Transmutación Metálica;1437;262;1,03;40
6e050a7f-3fe6;El Enigma de el Mercurio Rojo;Morgana Blackwood;Botánica Arcana;1975;826;1,64;13
91440a1a-0ccd;El Aliento de el Azufre Sagrado;Elara Vance;Alquimia Teórica;1570;106;2,91;26
0e95cf6e-f976;El Enigma de las Almas de Plomo;Thalric Blackwood;Botánica Arcana;1643;1002;3,16;11
7cc2f2e7-73f7;El Enigma de la Quintaesencia;Elara Blackwood;Alquimia Teórica;1839;1004;1,12;32
f28e10ba-ceab;Espejos de la Quintaesencia;Caspian Flamel;Alquimia Teórica;1106;1411;4,35;12
1a00f231-ac97;El Aliento de la Transmutación Infinitas;Isolde Vance;Filosofía Prohibida;1164;198;1,53;12
116e0fd6-fc37;Códice de la Quintaesencia;Seraphine Nightshade;Filosofía Prohibida;1760;1299;4,64;13
73e9af1d-2c32;Códice de el Sol Negro;Caspian Blackwood;Botánica Arcana;1803;800;2,03;15
b1e0c081-fab3;Códice de el Mercurio Rojo;Caspian Blackwood;Filosofía Prohibida;1244;807;1,02;34
c27249b2-535f;Sombras sobre la Quintaesencia;Balthazar Grimoire;Historia de la Piedra;1634;973;2,79;19
3e38c24a-7902;Vórtice de el Sol Negro;Aurelius Nightshade;Filosofía Prohibida;1307;957;1,83;3
7e6fc0ad-4989;El Aliento de el Sol Negro;Thalric Flamel;Filosofía Prohibida;1682;351;3,65;31
87cd0c99-f36c;El Enigma de las Almas de Plomo;Morgana Grimoire;Filosofía Prohibida;1603;301;4,93;5
37e437b2-1eaf;El Enigma de la Transmutación Infinitas;Elara Flamel;Alquimia Teórica;1731;1009;3,83;27
ea4ecfd0-0608;Tratado de el Sol Negro;Seraphine Vance;Botánica Arcana;1951;1496;3,59;30
51b4ecca-4d50;Vórtice de el Azufre Sagrado;Isolde Nightshade;Filosofía Prohibida;1631;795;4,73;5
397fa561-9eaf;Códice de el Mercurio Rojo;Caspian Crowley;Botánica Arcana;1860;455;4,23;21
03d50c20-d356;Vórtice de el Azufre Sagrado;Aurelius Flamel;Filosofía Prohibida;2012;1188;1,52;49
e0b08b4f-1fdb;Códice de la Quintaesencia;Isolde Nightshade;Historia de la Piedra;1550;115;4,32;41
e3b10f1a-f472;El Aliento de el Sol Negro;Aurelius Nightshade;Botánica Arcana;1103;473;3,69;12
7e4e0198-b3a5;La Esencia de el Sol Negro;Aurelius Blackwood;Transmutación Metálica;1362;257;1,78;8
176b0fe7-3fb1;El Aliento de la Transmutación Infinitas;Morgana Grimoire;Filosofía Prohibida;1550;1146;1,67;15
7b2dbb27-bd6f;Códice de el Azufre Sagrado;Balthazar Grimoire;Historia de la Piedra;1744;149;1,11;16
719d96fe-cd95;Tratado de el Sol Negro;Caspian Grimoire;Filosofía Prohibida;2003;372;2,72;27
53546ca2-c7f3;Códice de el Mercurio Rojo;Thalric Flamel;Alquimia Teórica;1232;450;1,28;9
b15171c4-6d8b;Tratado de las Almas de Plomo;Isolde Crowley;Transmutación Metálica;1329;252;4,11;19
e113e7c2-bc95;Tratado de las Almas de Plomo;Caspian Nightshade;Botánica Arcana;1127;1430;1,42;25
4d3dd9c0-943c;Vórtice de el Sol Negro;Morgana Sterling;Botánica Arcana;1385;1405;4,55;21
f7041b27-6002;El Enigma de el Sol Negro;Balthazar Blackwood;Transmutación Metálica;1729;589;3,79;38
d6e3a7bd-c04e;Códice de la Quintaesencia;Thalric Blackwood;Historia de la Piedra;1340;664;1,11;8
9721987f-af53;Vórtice de el Azufre Sagrado;Seraphine Crowley;Filosofía Prohibida;1703;637;2,82;23
07a6f0b9-01f2;Códice de la Quintaesencia;Aurelius Sterling;Historia de la Piedra;1523;381;4,42;18
478897be-efa4;Sombras sobre las Almas de Plomo;Balthazar Nightshade;Filosofía Prohibida;1996;864;1,14;18
92831404-7138;El Aliento de el Mercurio Rojo;Balthazar Vance;Alquimia Teórica;1861;584;2,92;24
de4554d7-143d;La Esencia de la Quintaesencia;Caspian Crowley;Alquimia Teórica;1151;828;2,85;29
724c1091-c806;El Aliento de las Almas de Plomo;Aurelius Blackwood;Historia de la Piedra;1726;1168;4,23;18
8fb6dee1-a1bb;La Esencia de el Mercurio Rojo;Elara Flamel;Filosofía Prohibida;1748;858;3,62;44
d75229af-bd75;Sombras sobre el Sol Negro;Aurelius Vance;Transmutación Metálica;1156;731;2,55;34
3d68bd84-e759;Vórtice de el Azufre Sagrado;Isolde Vance;Filosofía Prohibida;1350;423;2;48
e2864b13-a219;La Esencia de el Azufre Sagrado;Caspian Nightshade;Historia de la Piedra;1510;1300;2,24;12
946fe4c0-8889;Espejos de el Sol Negro;Aurelius Crowley;Alquimia Teórica;1272;1198;1,96;36
e1e310ba-9caf;El Aliento de las Almas de Plomo;Aurelius Vance;Botánica Arcana;1983;1376;2;19
49aeaa8f-4b23;El Aliento de la Transmutación Infinitas;Caspian Flamel;Filosofía Prohibida;1200;1083;4,92;20
df87a1cd-5e36;El Aliento de la Quintaesencia;Isolde Grimoire;Filosofía Prohibida;1190;477;2,12;50
d6bec243-a042;Códice de la Transmutación Infinitas;Caspian Nightshade;Transmutación Metálica;1589;680;3,17;39
8624d955-f159;Vórtice de la Quintaesencia;Isolde Crowley;Botánica Arcana;1875;996;2;36
abd2f2d7-9fdc;El Enigma de las Almas de Plomo;Isolde Nightshade;Historia de la Piedra;1612;582;3,42;10
5995f3d4-6730;Vórtice de la Quintaesencia;Caspian Crowley;Filosofía Prohibida;1883;1028;2,24;3
d2244f09-e646;Espejos de el Mercurio Rojo;Aurelius Vance;Transmutación Metálica;1608;231;1,07;42
f22685cd-88bd;El Aliento de el Sol Negro;Aurelius Crowley;Transmutación Metálica;1224;1178;4,3;45
8de3e47b-d2e6;La Esencia de el Azufre Sagrado;Elara Nightshade;Alquimia Teórica;1859;1257;3,72;47
72e00bdd-3da7;Espejos de las Almas de Plomo;Aurelius Vance;Botánica Arcana;1598;528;1,09;25
02fc6b8f-003c;El Aliento de la Transmutación Infinitas;Aurelius Nightshade;Transmutación Metálica;1784;665;3,03;12
9e8d38ea-7117;Tratado de la Quintaesencia;Isolde Nightshade;Alquimia Teórica;1626;1349;3,11;28
ad3d1a6f-a71f;Vórtice de el Azufre Sagrado;Balthazar Grimoire;Filosofía Prohibida;1870;1228;2,42;32
950a17e2-0143;La Esencia de el Mercurio Rojo;Balthazar Blackwood;Botánica Arcana;1783;1003;4,27;44
8efe1768-6307;Vórtice de las Almas de Plomo;Morgana Nightshade;Transmutación Metálica;1500;613;4,33;49
dbc41b08-d91e;Espejos de las Almas de Plomo;Seraphine Nightshade;Botánica Arcana;1860;1200;4,34;7
a5a78fc9-340d;Vórtice de el Sol Negro;Seraphine Blackwood;Filosofía Prohibida;1244;365;3,82;7
801e7660-c5da;Vórtice de el Mercurio Rojo;Aurelius Sterling;Transmutación Metálica;1467;313;3,75;29
5b80e281-cb18;Espejos de la Quintaesencia;Aurelius Vance;Historia de la Piedra;1696;1268;2,16;49
94457403-e1c3;La Esencia de la Transmutación Infinitas;Isolde Flamel;Transmutación Metálica;2008;1352;1,84;5
4fc4ef71-1521;Espejos de el Sol Negro;Elara Nightshade;Transmutación Metálica;1106;515;4,6;44
f3005d6b-54aa;Tratado de las Almas de Plomo;Balthazar Blackwood;Alquimia Teórica;1822;349;2,3;20
409ddf93-44ac;El Enigma de la Quintaesencia;Seraphine Crowley;Filosofía Prohibida;1872;1150;1,42;49
3402d8fc-18a0;La Esencia de la Quintaesencia;Seraphine Nightshade;Alquimia Teórica;1541;1058;3,29;28
a31ec816-7547;Códice de la Quintaesencia;Elara Vance;Historia de la Piedra;1583;1275;1,16;8
a482db47-757e;Espejos de el Azufre Sagrado;Balthazar Nightshade;Filosofía Prohibida;1236;775;4,46;24
2556fabb-9f2d;Códice de la Transmutación Infinitas;Caspian Nightshade;Historia de la Piedra;1836;548;2,86;27
e4dcfe0c-4386;Espejos de el Mercurio Rojo;Thalric Grimoire;Botánica Arcana;1703;519;3,82;50
4926c834-87af;Vórtice de la Quintaesencia;Caspian Sterling;Transmutación Metálica;1743;98;2,2;49
2c22e53f-aa9f;La Esencia de el Azufre Sagrado;Elara Vance;Botánica Arcana;1649;1456;1,74;12
71ef1724-1092;Sombras sobre el Mercurio Rojo;Aurelius Nightshade;Botánica Arcana;1925;621;4,6;33
55c222c5-86dd;Códice de el Sol Negro;Elara Vance;Botánica Arcana;1559;363;3,17;41
4bef96ac-d6bd;Códice de el Sol Negro;Caspian Vance;Historia de la Piedra;1149;701;3,82;11
997562b0-e2d5;La Esencia de las Almas de Plomo;Morgana Crowley;Transmutación Metálica;1181;658;2,1;27
2452d9cb-2649;Espejos de las Almas de Plomo;Isolde Crowley;Transmutación Metálica;1761;770;4,13;9
eba03fe2-949f;La Esencia de el Azufre Sagrado;Elara Crowley;Transmutación Metálica;1787;716;3,14;25
668eea21-9cb4;El Aliento de la Quintaesencia;Balthazar Vance;Filosofía Prohibida;1587;367;2,94;33
81b2eb2f-4d3e;El Enigma de la Transmutación Infinitas;Morgana Sterling;Botánica Arcana;1411;171;1,52;34
baf9de49-62a8;La Esencia de el Sol Negro;Caspian Blackwood;Transmutación Metálica;1588;227;2;21
a189b963-3fba;La Esencia de la Transmutación Infinitas;Morgana Crowley;Historia de la Piedra;1182;509;1,1;23
31d457cc-5451;El Enigma de las Almas de Plomo;Seraphine Grimoire;Botánica Arcana;1335;377;2,6;32
419eebb2-d10a;El Aliento de el Mercurio Rojo;Balthazar Crowley;Alquimia Teórica;1244;1332;1,41;29
41ee3e57-f171;Tratado de la Transmutación Infinitas;Caspian Blackwood;Historia de la Piedra;1632;464;4,72;1
3f4fd1af-b41d;Códice de la Quintaesencia;Elara Blackwood;Alquimia Teórica;1368;210;3,87;14
771a6b8f-966e;Sombras sobre el Sol Negro;Aurelius Vance;Transmutación Metálica;1581;282;2,15;13
b13da73d-b906;Sombras sobre la Quintaesencia;Caspian Blackwood;Transmutación Metálica;1149;387;4,51;3
5860c4f7-f455;Códice de el Sol Negro;Elara Nightshade;Filosofía Prohibida;1134;1325;4,46;23
a19058b8-5e90;La Esencia de el Sol Negro;Aurelius Nightshade;Transmutación Metálica;1137;80;3,5;4
1d7b5b65-e8a6;El Aliento de las Almas de Plomo;Elara Grimoire;Alquimia Teórica;1174;340;1,93;10
ba6c51a3-6a1a;Sombras sobre el Azufre Sagrado;Balthazar Flamel;Transmutación Metálica;1685;382;4,13;43
1daadae9-4667;Tratado de las Almas de Plomo;Isolde Sterling;Filosofía Prohibida;1980;1265;2,76;47
406211e3-75bf;El Enigma de la Transmutación Infinitas;Balthazar Crowley;Botánica Arcana;1115;759;3,7;46
b35b38e5-40eb;Vórtice de las Almas de Plomo;Caspian Nightshade;Transmutación Metálica;1200;1405;4,39;43
f8aa89f0-a674;Vórtice de la Transmutación Infinitas;Seraphine Vance;Historia de la Piedra;1189;699;4,66;10
6a661028-5496;El Aliento de la Transmutación Infinitas;Isolde Flamel;Botánica Arcana;1103;532;2,82;9
3a179980-6bc8;Códice de el Sol Negro;Thalric Sterling;Filosofía Prohibida;1273;1422;4,28;1
7f469c3d-ca11;Vórtice de el Sol Negro;Caspian Flamel;Filosofía Prohibida;1544;846;3,13;41
3874ccf5-8845;Tratado de la Quintaesencia;Thalric Flamel;Alquimia Teórica;1683;394;4,34;10
7eadbf0a-68e5;Sombras sobre el Sol Negro;Aurelius Vance;Filosofía Prohibida;1378;1082;4,03;0
2ae179c7-bdf5;Códice de el Mercurio Rojo;Thalric Flamel;Botánica Arcana;1315;1497;1,94;28
c113e862-b4e1;Códice de las Almas de Plomo;Caspian Sterling;Alquimia Teórica;1464;1126;4,55;8
9593024c-5cea;Espejos de la Transmutación Infinitas;Thalric Flamel;Historia de la Piedra;1621;352;2,02;12
6b88541c-eb73;Códice de las Almas de Plomo;Aurelius Vance;Alquimia Teórica;1444;847;1,49;16
b212384c-3680;La Esencia de las Almas de Plomo;Morgana Flamel;Filosofía Prohibida;1332;871;1,53;36
2cdc64c0-cac0;El Aliento de el Mercurio Rojo;Aurelius Blackwood;Botánica Arcana;1571;583;4,43;5
1e62194e-e187;Espejos de el Azufre Sagrado;Caspian Crowley;Filosofía Prohibida;1425;561;4,17;41
f7bc7465-5d71;Vórtice de la Quintaesencia;Caspian Nightshade;Filosofía Prohibida;1790;365;2,81;15
f677b357-54cd;Espejos de el Azufre Sagrado;Morgana Sterling;Transmutación Metálica;1356;1245;4,26;20
3ca93acb-e57a;El Enigma de el Azufre Sagrado;Isolde Flamel;Historia de la Piedra;1350;1329;1,89;0
9b825771-3b2f;La Esencia de la Quintaesencia;Thalric Crowley;Historia de la Piedra;1372;614;2,93;5
af9904de-2194;Códice de el Azufre Sagrado;Balthazar Nightshade;Transmutación Metálica;1430;1351;1,7;4
950dfcd2-52a5;Vórtice de el Mercurio Rojo;Morgana Crowley;Filosofía Prohibida;2000;757;1,44;39
32ecda01-4f40;Sombras sobre las Almas de Plomo;Isolde Grimoire;Filosofía Prohibida;1122;1310;4,75;2
f2bf7449-1e4d;Tratado de las Almas de Plomo;Balthazar Grimoire;Botánica Arcana;1499;702;1,35;48
3c379baf-9c9f;La Esencia de las Almas de Plomo;Thalric Sterling;Botánica Arcana;1971;488;3,71;34
3cc5e1aa-5f6e;Vórtice de la Quintaesencia;Isolde Nightshade;Botánica Arcana;1746;191;4,05;39
acc6b155-16b8;Vórtice de el Azufre Sagrado;Aurelius Blackwood;Alquimia Teórica;1706;97;3,07;6
f83c51ac-2fbd;Espejos de el Azufre Sagrado;Aurelius Flamel;Filosofía Prohibida;1531;1009;1,12;5
98accfa9-c73c;El Aliento de el Mercurio Rojo;Balthazar Sterling;Alquimia Teórica;1626;1396;2,32;30
7795f6b3-a4d9;Vórtice de la Transmutación Infinitas;Isolde Flamel;Alquimia Teórica;1628;1338;2,56;46
3afc7034-5f3a;La Esencia de la Transmutación Infinitas;Caspian Sterling;Transmutación Metálica;1614;399;1,94;20
a56bb479-ffac;Códice de el Azufre Sagrado;Thalric Flamel;Botánica Arcana;1522;502;2,53;25
94a90595-0fb7;El Aliento de el Azufre Sagrado;Isolde Nightshade;Alquimia Teórica;1219;804;3,06;46
39c75844-4c7a;Espejos de las Almas de Plomo;Balthazar Blackwood;Alquimia Teórica;1729;1398;3,88;45
0583d7e3-5e4d;Sombras sobre la Transmutación Infinitas;Isolde Sterling;Botánica Arcana;1293;849;1,7;22
c39abb4d-c661;La Esencia de el Azufre Sagrado;Aurelius Blackwood;Transmutación Metálica;1300;446;1,08;39
5187f013-a32c;Vórtice de la Quintaesencia;Aurelius Nightshade;Historia de la Piedra;1827;1446;1,17;25
fdab81a9-2168;Vórtice de las Almas de Plomo;Seraphine Blackwood;Alquimia Teórica;1460;87;1,15;13
08a61283-33a2;Tratado de el Mercurio Rojo;Balthazar Nightshade;Transmutación Metálica;1979;1459;4,08;21
1b737b69-8eb0;El Aliento de las Almas de Plomo;Aurelius Sterling;Botánica Arcana;1880;856;4,09;41
70cdd6e1-6b6d;Códice de el Sol Negro;Elara Vance;Botánica Arcana;1713;325;4,33;22
cdadf447-b843;Sombras sobre el Azufre Sagrado;Seraphine Grimoire;Botánica Arcana;1916;703;4,1;29
1ea60d58-f518;Espejos de el Azufre Sagrado;Aurelius Sterling;Filosofía Prohibida;1867;411;4,76;50
33486fc3-f521;La Esencia de las Almas de Plomo;Elara Flamel;Filosofía Prohibida;1337;1253;4,96;41
80ff6905-7041;Tratado de la Transmutación Infinitas;Seraphine Blackwood;Transmutación Metálica;1554;1366;2,6;2
ef9c92b4-94af;Vórtice de las Almas de Plomo;Thalric Flamel;Filosofía Prohibida;1840;708;1,23;4
f67c16c4-2ee4;Códice de el Sol Negro;Caspian Vance;Filosofía Prohibida;1325;665;4,03;7
dce5f55e-2466;La Esencia de el Azufre Sagrado;Morgana Blackwood;Botánica Arcana;1676;323;1,48;30
3fdf0b80-acc4;Espejos de el Sol Negro;Caspian Vance;Filosofía Prohibida;1815;191;1,99;25
c7b190bd-6b00;Códice de el Mercurio Rojo;Balthazar Crowley;Botánica Arcana;1523;1188;4,11;7
ce18e1b7-79e5;El Enigma de el Sol Negro;Caspian Vance;Transmutación Metálica;1893;243;2,01;48
658ff0a9-adf0;Tratado de la Quintaesencia;Thalric Crowley;Filosofía Prohibida;1103;176;2,48;14
02cfe8bd-b55c;El Enigma de la Quintaesencia;Seraphine Blackwood;Filosofía Prohibida;1920;249;4,57;0
11e7d44e-8fd8;Tratado de la Quintaesencia;Caspian Blackwood;Botánica Arcana;1525;332;1,61;15
0078b7b8-3aa8;Códice de el Azufre Sagrado;Seraphine Nightshade;Alquimia Teórica;1903;1394;4,61;9
67745c93-d65d;Códice de el Mercurio Rojo;Balthazar Crowley;Filosofía Prohibida;1198;408;1,57;37
133cf82b-69b4;El Aliento de las Almas de Plomo;Elara Nightshade;Filosofía Prohibida;1983;777;1,16;5
dd16bd46-65f3;Tratado de el Sol Negro;Morgana Crowley;Alquimia Teórica;1147;762;4,57;26
7bee32b5-f914;Espejos de el Sol Negro;Aurelius Vance;Filosofía Prohibida;1413;994;1,06;10
3f072c15-9384;La Esencia de el Sol Negro;Caspian Grimoire;Transmutación Metálica;1928;862;2,07;18
a6911d3d-bfae;Códice de la Quintaesencia;Elara Blackwood;Alquimia Teórica;1929;1365;3,72;41
a71c1787-0482;El Aliento de el Sol Negro;Caspian Grimoire;Filosofía Prohibida;1359;852;1,96;0
f2f95f7f-a83f;Tratado de la Quintaesencia;Isolde Grimoire;Historia de la Piedra;1555;911;1,9;30
04d87574-5d03;La Esencia de el Mercurio Rojo;Elara Grimoire;Transmutación Metálica;1127;550;3,62;32
01ffdc36-9fa5;Espejos de el Sol Negro;Caspian Blackwood;Transmutación Metálica;1367;1297;3,81;43
10fa958d-18fb;Espejos de la Transmutación Infinitas;Balthazar Blackwood;Transmutación Metálica;1449;271;3,32;45
ab5133e1-f7c3;Espejos de el Sol Negro;Elara Crowley;Filosofía Prohibida;1158;436;3,26;28
aae1875b-db3e;Tratado de el Mercurio Rojo;Caspian Grimoire;Alquimia Teórica;1808;620;2;43
84049c2e-9bbf;El Aliento de el Azufre Sagrado;Balthazar Vance;Alquimia Teórica;1209;458;2,9;15
f94e8f5f-74e5;El Aliento de las Almas de Plomo;Aurelius Grimoire;Filosofía Prohibida;1492;671;3,39;17
3ef45958-98b7;El Enigma de el Azufre Sagrado;Caspian Sterling;Historia de la Piedra;1553;831;3,27;3
14e581aa-4e30;Códice de las Almas de Plomo;Balthazar Crowley;Botánica Arcana;1475;908;4,33;27
b3928c09-7cb4;Códice de la Quintaesencia;Isolde Crowley;Historia de la Piedra;1268;1078;4,26;36
711b2d69-2a7a;Sombras sobre las Almas de Plomo;Seraphine Grimoire;Botánica Arcana;1336;572;2,41;29
a93e3906-e31a;Espejos de el Mercurio Rojo;Elara Grimoire;Transmutación Metálica;1381;1129;2,24;1
f75c9a71-57d9;Códice de el Mercurio Rojo;Morgana Grimoire;Botánica Arcana;1755;1244;3,67;2
80b2cc2a-00e5;Tratado de la Quintaesencia;Caspian Crowley;Filosofía Prohibida;1454;727;1,74;20
e8fefdf2-ab40;El Aliento de el Mercurio Rojo;Caspian Blackwood;Filosofía Prohibida;1949;354;2,62;39
4818d496-9dc4;Tratado de el Mercurio Rojo;Balthazar Nightshade;Filosofía Prohibida;1491;115;1,33;46
853c9db9-c8ab;La Esencia de la Transmutación Infinitas;Morgana Nightshade;Botánica Arcana;1446;899;2,45;1
ae92d220-dac9;El Enigma de el Mercurio Rojo;Thalric Grimoire;Botánica Arcana;1158;1260;4,69;46
2bd0f761-eff9;Espejos de el Azufre Sagrado;Thalric Vance;Transmutación Metálica;1372;985;4,22;22
52d1d14a-1b6a;La Esencia de el Azufre Sagrado;Morgana Sterling;Botánica Arcana;1719;804;1,92;14
5c287d7c-ce84;Vórtice de la Quintaesencia;Elara Vance;Botánica Arcana;1400;849;1,4;11
ff46dc03-99af;El Enigma de el Sol Negro;Isolde Nightshade;Alquimia Teórica;1646;433;3,8;21
18822197-4de9;El Enigma de el Sol Negro;Balthazar Grimoire;Transmutación Metálica;1719;1446;4,83;43
4e41ddce-1877;Sombras sobre el Mercurio Rojo;Balthazar Vance;Botánica Arcana;1374;459;4,4;29
c418e28b-aef2;Sombras sobre las Almas de Plomo;Aurelius Grimoire;Botánica Arcana;1157;102;1,43;25
fabbf1ea-e5e9;Códice de las Almas de Plomo;Aurelius Flamel;Transmutación Metálica;1719;1273;4,48;13
8c641b12-6df6;Sombras sobre el Azufre Sagrado;Seraphine Grimoire;Transmutación Metálica;1104;930;1,21;8
e358c30e-ae60;La Esencia de el Mercurio Rojo;Balthazar Grimoire;Filosofía Prohibida;1876;642;3,89;2
562ec308-97cc;El Aliento de el Sol Negro;Morgana Nightshade;Historia de la Piedra;1809;1332;3,8;41
ae909238-3873;La Esencia de las Almas de Plomo;Isolde Crowley;Botánica Arcana;1764;1417;3,92;38
e34d700a-ae61;El Aliento de el Sol Negro;Caspian Blackwood;Botánica Arcana;1849;832;4,57;30
d29d8d4a-b25b;Vórtice de la Quintaesencia;Aurelius Blackwood;Historia de la Piedra;1563;139;4,95;3
9fe9efe3-0a89;Espejos de el Azufre Sagrado;Aurelius Sterling;Historia de la Piedra;1943;1231;4,26;35
7bb2e914-7e8f;Vórtice de el Sol Negro;Morgana Sterling;Alquimia Teórica;1620;595;3,93;9
90de1090-5f15;Espejos de las Almas de Plomo;Caspian Nightshade;Filosofía Prohibida;1648;1397;1,54;36
47a1be62-f0c1;El Aliento de la Transmutación Infinitas;Balthazar Grimoire;Alquimia Teórica;1962;987;4,89;3
6059030a-c595;El Enigma de la Quintaesencia;Elara Blackwood;Botánica Arcana;1489;743;4,52;25
c6842a47-e328;Códice de la Transmutación Infinitas;Caspian Flamel;Filosofía Prohibida;1807;783;3,68;43
14273530-7838;Sombras sobre la Quintaesencia;Aurelius Grimoire;Botánica Arcana;1651;481;1,05;15
32535c6a-473a;Espejos de las Almas de Plomo;Caspian Grimoire;Alquimia Teórica;1639;185;3,17;1
e24c2141-add5;Espejos de la Transmutación Infinitas;Balthazar Sterling;Alquimia Teórica;1808;1005;3,18;28
c399d5b1-43d2;Sombras sobre el Mercurio Rojo;Elara Grimoire;Botánica Arcana;1635;780;1,34;16
1c431d64-86fa;Tratado de el Azufre Sagrado;Isolde Grimoire;Alquimia Teórica;1885;550;2,29;23
b1a2a446-3071;Tratado de la Transmutación Infinitas;Elara Nightshade;Alquimia Teórica;1700;183;2,79;44
4b9afc55-1576;El Aliento de la Quintaesencia;Aurelius Flamel;Botánica Arcana;1346;658;2,82;19
da64062e-064d;Sombras sobre el Azufre Sagrado;Aurelius Nightshade;Historia de la Piedra;1905;199;1,93;20
49a26471-7eae;Códice de el Sol Negro;Aurelius Blackwood;Transmutación Metálica;1281;401;2,29;27
cddb8cd4-919a;Sombras sobre el Mercurio Rojo;Isolde Sterling;Alquimia Teórica;1422;232;1,58;25
78929888-c6e7;Espejos de la Transmutación Infinitas;Thalric Grimoire;Alquimia Teórica;2020;1432;3,44;8
eec4b8e0-c1c9;Códice de el Mercurio Rojo;Thalric Vance;Filosofía Prohibida;1104;660;1,73;2
8bba1aa4-3b83;Sombras sobre la Quintaesencia;Morgana Nightshade;Alquimia Teórica;1268;998;4,88;7
a90413ee-966e;El Aliento de la Transmutación Infinitas;Morgana Sterling;Historia de la Piedra;1436;300;1,46;6
b450788f-0f10;Sombras sobre el Sol Negro;Aurelius Crowley;Botánica Arcana;1473;1304;4,41;33
7107a862-7f1b;Vórtice de la Quintaesencia;Isolde Crowley;Filosofía Prohibida;1145;575;2,22;7
afa9d3e3-1104;Tratado de el Mercurio Rojo;Elara Vance;Transmutación Metálica;1217;1313;3,65;29
c50e8830-03af;Códice de el Mercurio Rojo;Morgana Blackwood;Filosofía Prohibida;1306;348;2,35;28
927e4b94-44be;Vórtice de el Azufre Sagrado;Thalric Nightshade;Historia de la Piedra;2004;248;1,35;21
9ad2e7ac-4b3a;Sombras sobre la Quintaesencia;Morgana Crowley;Transmutación Metálica;1280;700;2,52;2
7ab3b8c2-c4ef;Espejos de la Quintaesencia;Isolde Sterling;Transmutación Metálica;1429;295;4,41;31
1bce88e0-1ec3;El Aliento de la Transmutación Infinitas;Aurelius Vance;Filosofía Prohibida;1428;1333;2,33;49
8c55b1c8-4614;Sombras sobre el Sol Negro;Elara Flamel;Transmutación Metálica;1397;443;4,35;45
8838a8c4-2add;Códice de el Sol Negro;Seraphine Flamel;Transmutación Metálica;1710;754;3,15;48
e3128698-3055;Vórtice de el Azufre Sagrado;Seraphine Nightshade;Historia de la Piedra;1708;738;4,04;25
524c4446-2d60;Espejos de el Sol Negro;Isolde Crowley;Historia de la Piedra;1780;191;1,49;9
80dd600b-f79e;Espejos de el Mercurio Rojo;Seraphine Blackwood;Transmutación Metálica;1933;601;2;35
3c289932-c1c7;Sombras sobre la Transmutación Infinitas;Elara Grimoire;Alquimia Teórica;1767;661;1,41;19
e08ff2a3-d3a7;El Aliento de el Azufre Sagrado;Thalric Nightshade;Historia de la Piedra;1862;1363;3,15;36
7d2316fa-afee;El Aliento de la Quintaesencia;Seraphine Crowley;Botánica Arcana;1939;168;4,83;17
e03d080c-c5db;Vórtice de el Azufre Sagrado;Elara Flamel;Botánica Arcana;1895;225;4,23;12
26207c99-de26;Vórtice de el Sol Negro;Seraphine Vance;Alquimia Teórica;1413;171;1,71;50
9acd7a27-7d80;Espejos de la Quintaesencia;Isolde Flamel;Historia de la Piedra;1612;1446;2,79;32
426e0d53-a007;Vórtice de las Almas de Plomo;Balthazar Sterling;Historia de la Piedra;1202;1207;4,42;45
5a4ad879-3ab7;Espejos de el Sol Negro;Thalric Grimoire;Historia de la Piedra;1851;1052;1,35;31
ab92eb2b-5275;Espejos de las Almas de Plomo;Seraphine Grimoire;Historia de la Piedra;2000;839;1,22;1
000f0021-26c9;Vórtice de el Mercurio Rojo;Thalric Vance;Botánica Arcana;1205;1316;4,14;31
c185a3fc-3e0d;Vórtice de la Quintaesencia;Thalric Flamel;Transmutación Metálica;1459;892;3,41;48
c1312035-b324;Espejos de las Almas de Plomo;Morgana Nightshade;Botánica Arcana;1417;637;1,05;9
b2e90d69-0e97;Sombras sobre el Sol Negro;Seraphine Sterling;Filosofía Prohibida;1473;337;4,73;44
db68e198-8028;La Esencia de la Quintaesencia;Thalric Blackwood;Botánica Arcana;1484;835;3,1;10
db4cc8c2-3497;Tratado de el Azufre Sagrado;Isolde Vance;Alquimia Teórica;1389;744;3,32;45
a0be1460-7df3;Códice de las Almas de Plomo;Aurelius Crowley;Alquimia Teórica;1798;100;2,51;38
09143ad5-9668;Códice de la Transmutación Infinitas;Caspian Flamel;Transmutación Metálica;1100;631;4,94;19
985ea884-858a;El Enigma de la Transmutación Infinitas;Elara Flamel;Alquimia Teórica;1727;1392;2,48;8
9f658187-13b2;Códice de la Transmutación Infinitas;Thalric Blackwood;Filosofía Prohibida;1914;824;4,21;14
2ce20261-e445;Sombras sobre las Almas de Plomo;Isolde Flamel;Transmutación Metálica;1782;1204;2,63;29
d2b058cd-35be;La Esencia de las Almas de Plomo;Morgana Flamel;Filosofía Prohibida;1808;1022;1,18;22
f6708510-b665;Sombras sobre las Almas de Plomo;Aurelius Sterling;Botánica Arcana;1408;433;1,1;44
45f33f3c-e427;El Aliento de el Azufre Sagrado;Seraphine Sterling;Transmutación Metálica;1355;1471;1,16;14
44e05627-c74d;El Aliento de el Mercurio Rojo;Isolde Vance;Historia de la Piedra;1886;790;1,87;4
ba56fe43-c7fb;El Aliento de las Almas de Plomo;Caspian Nightshade;Botánica Arcana;1439;1142;3,12;44
b60565e9-08a8;La Esencia de el Mercurio Rojo;Morgana Crowley;Historia de la Piedra;1455;1338;3,1;17
c74a36ca-6d22;Tratado de el Azufre Sagrado;Seraphine Nightshade;Botánica Arcana;1155;500;2,72;13
41617e5f-9ce6;Vórtice de la Transmutación Infinitas;Seraphine Blackwood;Transmutación Metálica;1684;180;4,77;41
629f10ee-f982;Vórtice de el Sol Negro;Thalric Vance;Botánica Arcana;1429;899;1,53;11
3f2325e5-21c3;Códice de el Sol Negro;Balthazar Crowley;Historia de la Piedra;1138;1178;2,23;47
2d16cbd0-e7dd;Espejos de las Almas de Plomo;Aurelius Vance;Historia de la Piedra;1190;160;4,3;27
7c0caef5-231c;Sombras sobre el Azufre Sagrado;Balthazar Sterling;Filosofía Prohibida;1769;755;3,67;26
78227a6d-d05e;El Aliento de el Azufre Sagrado;Isolde Crowley;Filosofía Prohibida;1230;1265;2,79;15
5d6110ef-9321;Tratado de el Azufre Sagrado;Elara Grimoire;Historia de la Piedra;1974;1215;1,64;14
63b90b8b-16af;Códice de el Azufre Sagrado;Aurelius Flamel;Filosofía Prohibida;1522;917;4,32;38
33866d96-268d;El Enigma de la Quintaesencia;Elara Flamel;Filosofía Prohibida;2014;702;3,04;41
19c1e261-c5e1;Espejos de el Azufre Sagrado;Elara Grimoire;Historia de la Piedra;1947;985;1,55;28
e2182b69-9895;El Enigma de la Transmutación Infinitas;Morgana Crowley;Filosofía Prohibida;1927;1287;2,63;34
84953067-9c3f;Espejos de la Quintaesencia;Seraphine Sterling;Transmutación Metálica;1530;1004;3,02;6
65467355-c148;El Enigma de la Transmutación Infinitas;Elara Nightshade;Filosofía Prohibida;1396;587;3,32;22
dab9210e-d7f0;La Esencia de la Quintaesencia;Thalric Vance;Filosofía Prohibida;1124;367;1,23;7
08aaacbd-379a;Espejos de la Transmutación Infinitas;Caspian Vance;Botánica Arcana;2025;885;3,56;13
ae9e86d3-f21e;Códice de las Almas de Plomo;Morgana Crowley;Alquimia Teórica;1995;831;2,93;47
587ed8bd-d5bf;Tratado de el Sol Negro;Thalric Sterling;Alquimia Teórica;1670;790;3,8;50
85914256-98cc;Vórtice de la Quintaesencia;Thalric Nightshade;Filosofía Prohibida;1203;465;4,43;48
e373e355-dfa7;Espejos de las Almas de Plomo;Morgana Crowley;Historia de la Piedra;1565;472;4,36;29
eebe6c61-5008;El Enigma de las Almas de Plomo;Morgana Sterling;Historia de la Piedra;1732;1337;1,14;24
a8352da4-12d2;La Esencia de las Almas de Plomo;Morgana Nightshade;Alquimia Teórica;1176;1273;4,22;44
aff2e087-d07f;Tratado de la Transmutación Infinitas;Balthazar Flamel;Botánica Arcana;1936;134;4,59;26
7066a5c5-26e4;El Aliento de el Mercurio Rojo;Morgana Blackwood;Filosofía Prohibida;1190;1070;3,54;24
5f21963a-13cd;Espejos de la Quintaesencia;Morgana Sterling;Historia de la Piedra;1200;350;3,67;30
101e4dfa-6beb;El Enigma de el Azufre Sagrado;Isolde Crowley;Filosofía Prohibida;1849;290;1,24;5
8fb215cb-f140;El Enigma de el Sol Negro;Elara Vance;Historia de la Piedra;1288;481;3,51;26
dc02774c-e007;Espejos de el Mercurio Rojo;Thalric Blackwood;Filosofía Prohibida;1776;735;3,32;21
c72f87e5-849e;Espejos de la Quintaesencia;Caspian Vance;Botánica Arcana;1446;1342;3,99;1
e2705c2d-d41a;Códice de el Sol Negro;Morgana Sterling;Historia de la Piedra;1156;1092;3,88;42
2a5b740e-c463;El Enigma de la Quintaesencia;Isolde Vance;Botánica Arcana;1412;1445;4,81;22
f5267599-40ff;La Esencia de el Mercurio Rojo;Morgana Crowley;Botánica Arcana;1461;186;3,34;7
2beaf285-7999;El Enigma de el Mercurio Rojo;Caspian Nightshade;Botánica Arcana;1667;1314;1,84;7
946d719c-b052;La Esencia de la Transmutación Infinitas;Balthazar Crowley;Botánica Arcana;1115;448;1,55;34
5789e357-e1a2;Sombras sobre las Almas de Plomo;Caspian Grimoire;Alquimia Teórica;1785;745;3,92;47
7880d727-8492;Tratado de las Almas de Plomo;Caspian Blackwood;Filosofía Prohibida;1709;1310;1,96;2
a51fdbf5-3f0b;Sombras sobre el Azufre Sagrado;Seraphine Flamel;Transmutación Metálica;1593;859;2,14;40
abddab65-4c5c;Sombras sobre las Almas de Plomo;Isolde Nightshade;Filosofía Prohibida;1768;655;2,7;22
86d3c2a3-f719;Códice de el Mercurio Rojo;Balthazar Grimoire;Alquimia Teórica;1468;887;4,52;35
50172fd3-c521;Sombras sobre la Transmutación Infinitas;Elara Grimoire;Filosofía Prohibida;1749;1414;2,99;6
58757a69-2798;Tratado de las Almas de Plomo;Seraphine Blackwood;Botánica Arcana;1284;1059;2,52;33
1da8ba56-22de;Sombras sobre el Azufre Sagrado;Isolde Vance;Filosofía Prohibida;1316;1433;3,49;26
130f38f0-6d46;Vórtice de el Mercurio Rojo;Caspian Flamel;Filosofía Prohibida;1534;200;4,85;36
aebc5f68-a6e6;Espejos de el Azufre Sagrado;Balthazar Blackwood;Transmutación Metálica;1611;618;1,01;12
7cdacf31-d771;El Aliento de las Almas de Plomo;Elara Sterling;Alquimia Teórica;1844;661;1,59;50
5bc01126-2014;El Enigma de la Quintaesencia;Caspian Vance;Historia de la Piedra;1230;825;3,15;12
7cef53cf-94f7;Vórtice de el Mercurio Rojo;Balthazar Flamel;Filosofía Prohibida;1273;481;1,43;18
adf1a7cf-4fb7;La Esencia de el Mercurio Rojo;Caspian Flamel;Alquimia Teórica;1487;835;4,91;33
1ed05919-c245;Espejos de la Quintaesencia;Seraphine Grimoire;Transmutación Metálica;1193;888;1,11;33
abda7d98-2d0d;Espejos de las Almas de Plomo;Balthazar Flamel;Transmutación Metálica;1165;335;3,96;27
ad72fd2b-430f;Espejos de el Sol Negro;Elara Blackwood;Alquimia Teórica;1710;1011;4,67;30
58038e70-9d50;La Esencia de la Quintaesencia;Isolde Nightshade;Alquimia Teórica;1716;1328;2,51;25
619a4c4b-5cec;Vórtice de la Quintaesencia;Balthazar Blackwood;Historia de la Piedra;2015;303;3,82;37
75488826-c184;Espejos de el Mercurio Rojo;Thalric Blackwood;Alquimia Teórica;1437;1174;4,98;10
e52905c2-7f6f;Espejos de el Azufre Sagrado;Balthazar Nightshade;Historia de la Piedra;1560;1172;1,05;48
34e89992-87a0;Espejos de el Azufre Sagrado;Thalric Nightshade;Botánica Arcana;1679;1342;2,4;10
d6143c2b-7409;El Aliento de el Sol Negro;Aurelius Blackwood;Historia de la Piedra;1537;468;4,48;28
b15729b1-7348;El Enigma de el Sol Negro;Seraphine Crowley;Alquimia Teórica;1684;1007;1,33;11
5104dbcd-21f8;La Esencia de el Mercurio Rojo;Balthazar Sterling;Historia de la Piedra;1722;83;2,62;0
bde6003b-bf58;Espejos de la Transmutación Infinitas;Thalric Vance;Historia de la Piedra;1351;287;2,48;46
3217097b-4e4a;La Esencia de el Sol Negro;Balthazar Crowley;Historia de la Piedra;1701;978;3,99;48
b82113cb-7bdc;Sombras sobre el Mercurio Rojo;Morgana Grimoire;Botánica Arcana;1613;1411;4,66;32
1b5a40a3-d3ca;El Enigma de el Sol Negro;Isolde Sterling;Botánica Arcana;1374;1168;1,75;15
162dc872-a8b9;La Esencia de el Sol Negro;Seraphine Crowley;Alquimia Teórica;1753;353;4,98;21
c0f63d69-ff20;El Enigma de la Quintaesencia;Aurelius Crowley;Botánica Arcana;1946;782;4,56;9
40608086-087b;Vórtice de el Mercurio Rojo;Seraphine Sterling;Alquimia Teórica;1854;459;1,58;7
a649c377-8967;El Aliento de la Quintaesencia;Morgana Vance;Transmutación Metálica;1549;312;3,95;46
d72e9fa9-6c8b;Códice de el Sol Negro;Caspian Sterling;Historia de la Piedra;1104;1036;2,87;17
f7721ecf-4cb5;Espejos de la Quintaesencia;Isolde Crowley;Botánica Arcana;1898;508;3,61;17
dbfa3adb-1879;El Enigma de la Transmutación Infinitas;Aurelius Blackwood;Botánica Arcana;1112;837;1,93;47
6cf48743-609d;El Aliento de la Quintaesencia;Seraphine Flamel;Alquimia Teórica;1612;1403;4,73;31
5bf7bc47-8f7b;La Esencia de la Quintaesencia;Seraphine Blackwood;Historia de la Piedra;1481;118;2,14;29
f2c4b505-5350;El Enigma de el Mercurio Rojo;Seraphine Vance;Filosofía Prohibida;1682;891;4,84;12
40436bdd-2fe9;La Esencia de las Almas de Plomo;Morgana Nightshade;Filosofía Prohibida;1230;1041;1,39;33
9c964bfd-7c82;Códice de el Azufre Sagrado;Elara Vance;Alquimia Teórica;1920;553;2,29;41
bbcb1104-df35;Códice de el Azufre Sagrado;Morgana Nightshade;Transmutación Metálica;1470;410;4,46;8
50580c2e-e7e4;Vórtice de la Transmutación Infinitas;Morgana Sterling;Transmutación Metálica;1924;1114;4,2;24
49efa5b0-3e75;Códice de el Sol Negro;Thalric Blackwood;Alquimia Teórica;1418;1055;3,65;12
9138bced-bb18;Sombras sobre el Mercurio Rojo;Balthazar Sterling;Transmutación Metálica;1283;1146;4,55;17
5357f19a-024d;Sombras sobre la Quintaesencia;Balthazar Nightshade;Alquimia Teórica;1161;743;3,84;34
39bdd1bb-cff6;Tratado de la Transmutación Infinitas;Isolde Blackwood;Transmutación Metálica;1119;708;2,46;47
cacd0b06-1116;Vórtice de el Mercurio Rojo;Thalric Sterling;Alquimia Teórica;1647;527;1,12;47
4235a83f-c31a;Sombras sobre las Almas de Plomo;Morgana Blackwood;Botánica Arcana;2019;537;3,23;6
db37fe7a-7ede;Vórtice de el Mercurio Rojo;Aurelius Nightshade;Historia de la Piedra;1909;1470;1,09;47
816d532b-192d;Tratado de las Almas de Plomo;Morgana Sterling;Historia de la Piedra;1935;118;2,15;16
346cf894-d66f;Tratado de el Mercurio Rojo;Aurelius Nightshade;Botánica Arcana;1999;1109;4,74;46
ca5ef3d1-5d38;Vórtice de el Azufre Sagrado;Elara Blackwood;Transmutación Metálica;1293;778;3,84;27
ca2e0779-410f;Tratado de el Sol Negro;Thalric Nightshade;Botánica Arcana;1499;1139;2,69;50
b92576d7-81ec;Tratado de el Azufre Sagrado;Seraphine Flamel;Transmutación Metálica;1779;1310;3,06;14
ba4fd0b7-f58f;El Aliento de el Azufre Sagrado;Aurelius Flamel;Filosofía Prohibida;1286;1355;3,58;37
0d459017-2a92;El Aliento de el Sol Negro;Morgana Sterling;Botánica Arcana;1283;256;1,7;50
d6159725-da73;Sombras sobre la Transmutación Infinitas;Isolde Blackwood;Historia de la Piedra;1382;904;4,52;48
44518e9d-37f0;El Aliento de las Almas de Plomo;Aurelius Blackwood;Filosofía Prohibida;1776;1259;1,44;9
6e91ed51-59ea;Vórtice de la Quintaesencia;Isolde Blackwood;Transmutación Metálica;1752;291;1,28;42
16d6d24f-d47e;Códice de el Mercurio Rojo;Aurelius Sterling;Alquimia Teórica;1693;1115;3,74;40
dcc6b1f7-477e;Vórtice de la Quintaesencia;Thalric Vance;Transmutación Metálica;1136;370;1,83;33
086ac374-4f63;Espejos de las Almas de Plomo;Thalric Grimoire;Historia de la Piedra;1566;1269;2,92;7
d82542fd-2f08;Tratado de el Mercurio Rojo;Aurelius Crowley;Filosofía Prohibida;1986;1188;2,33;2
e931b18c-e14e;La Esencia de las Almas de Plomo;Morgana Nightshade;Filosofía Prohibida;1195;1350;3,65;21
0b4ddc14-0c5a;Tratado de el Mercurio Rojo;Caspian Vance;Alquimia Teórica;1933;1386;1,6;30
3d31b3af-3ed5;El Aliento de la Transmutación Infinitas;Seraphine Vance;Alquimia Teórica;1343;108;4,88;24
262fff0d-3a61;El Enigma de el Mercurio Rojo;Balthazar Crowley;Alquimia Teórica;1344;807;1,01;10
eeaf99de-d01f;Espejos de el Azufre Sagrado;Balthazar Crowley;Alquimia Teórica;1487;940;2,9;24
eec85a95-a72b;El Aliento de el Sol Negro;Balthazar Crowley;Botánica Arcana;1259;1097;2,39;7
691cbe31-4071;Espejos de la Transmutación Infinitas;Aurelius Crowley;Filosofía Prohibida;1851;777;4,47;22
bbc8a37e-96f8;Códice de las Almas de Plomo;Thalric Flamel;Historia de la Piedra;1206;282;3,2;27
5bc51fdc-f904;Vórtice de el Sol Negro;Aurelius Crowley;Botánica Arcana;1203;754;1,35;20
7befda7f-aaf8;Vórtice de la Quintaesencia;Thalric Nightshade;Transmutación Metálica;1592;1040;3,04;25
273ef1eb-ec13;Espejos de la Transmutación Infinitas;Thalric Crowley;Botánica Arcana;1790;201;4,2;11
20659a33-4918;Sombras sobre la Transmutación Infinitas;Caspian Nightshade;Historia de la Piedra;1280;717;3,88;20
ffcaba33-e5b4;Sombras sobre la Quintaesencia;Thalric Nightshade;Transmutación Metálica;1368;189;2,34;32
3ba41a21-f3df;La Esencia de el Sol Negro;Caspian Grimoire;Historia de la Piedra;1312;196;1,58;13
7d951b7a-eb1b;El Enigma de el Sol Negro;Thalric Nightshade;Transmutación Metálica;1422;341;3,74;41
436d411d-7d55;La Esencia de la Quintaesencia;Isolde Grimoire;Alquimia Teórica;1273;645;2,79;11
958adb66-664b;El Aliento de las Almas de Plomo;Seraphine Flamel;Historia de la Piedra;1558;926;3,47;7
36188dc0-1cf9;Tratado de la Quintaesencia;Caspian Nightshade;Filosofía Prohibida;1811;463;1,13;35
65e54721-8e5f;Tratado de la Quintaesencia;Thalric Blackwood;Historia de la Piedra;1980;929;2,16;0
3109391e-8ff3;Códice de el Sol Negro;Morgana Flamel;Filosofía Prohibida;1576;449;4,3;50
a24f9be6-0173;Códice de la Transmutación Infinitas;Balthazar Grimoire;Alquimia Teórica;1313;169;4,75;47
125fb3f7-78e9;El Aliento de la Transmutación Infinitas;Seraphine Flamel;Historia de la Piedra;1151;787;2,68;5
ec598928-1f41;El Enigma de la Quintaesencia;Morgana Crowley;Botánica Arcana;1257;1327;4,5;13
1a4bb969-122a;Vórtice de el Azufre Sagrado;Balthazar Blackwood;Transmutación Metálica;1792;364;4,86;30
548d5277-7d5a;La Esencia de el Azufre Sagrado;Aurelius Sterling;Transmutación Metálica;1451;269;3,96;34
d846a55c-85e1;El Aliento de las Almas de Plomo;Balthazar Vance;Botánica Arcana;1156;413;1,58;5
3bdeef5a-b7c8;El Enigma de las Almas de Plomo;Isolde Grimoire;Historia de la Piedra;1440;557;2,85;36
f462066d-2246;El Aliento de el Mercurio Rojo;Thalric Vance;Transmutación Metálica;1959;423;2,9;45
afc103d3-b972;El Enigma de la Quintaesencia;Caspian Flamel;Alquimia Teórica;1678;665;4,26;2
9d419591-c3d8;Sombras sobre el Mercurio Rojo;Morgana Sterling;Filosofía Prohibida;1909;1413;4,98;47
e9e1af1f-1903;Tratado de la Transmutación Infinitas;Thalric Crowley;Transmutación Metálica;1363;647;1,08;50
55aafbf6-2025;Vórtice de las Almas de Plomo;Balthazar Blackwood;Alquimia Teórica;1409;997;1,95;10
8b3e4411-aa6e;Sombras sobre las Almas de Plomo;Thalric Flamel;Historia de la Piedra;1982;1446;3,74;11
51e5be8c-6ea9;Códice de las Almas de Plomo;Isolde Grimoire;Filosofía Prohibida;1212;1158;2,02;36
2b8e34f6-7b98;El Aliento de la Transmutación Infinitas;Seraphine Crowley;Alquimia Teórica;1505;1429;2,58;43
ade1c8ba-bae0;El Aliento de la Transmutación Infinitas;Thalric Flamel;Transmutación Metálica;1352;1198;1,18;32
e17793d9-adb7;El Enigma de el Mercurio Rojo;Thalric Vance;Transmutación Metálica;1118;131;4,11;18
258aa787-de34;Tratado de la Quintaesencia;Isolde Vance;Filosofía Prohibida;1727;950;4,42;2
477b1aae-fd74;El Aliento de el Azufre Sagrado;Caspian Sterling;Botánica Arcana;1438;473;1,61;38
d46737f3-3c72;Sombras sobre el Azufre Sagrado;Caspian Nightshade;Alquimia Teórica;1316;1242;2,04;41
7c8f09e4-2067;Espejos de el Sol Negro;Thalric Crowley;Filosofía Prohibida;1391;1416;2,26;31
ae94605e-0b00;El Enigma de las Almas de Plomo;Seraphine Blackwood;Filosofía Prohibida;1976;787;1,09;12
071d66f1-1b56;Espejos de la Quintaesencia;Morgana Blackwood;Historia de la Piedra;1980;1387;4,45;0
57c8efc9-8209;Tratado de el Mercurio Rojo;Aurelius Grimoire;Transmutación Metálica;1653;692;1,47;41
603ffc57-800a;Sombras sobre la Quintaesencia;Thalric Nightshade;Historia de la Piedra;1104;225;4,09;37
c41ca709-8b44;El Enigma de el Mercurio Rojo;Seraphine Flamel;Historia de la Piedra;1954;926;4,32;28
05cd0c84-a1e1;Sombras sobre el Sol Negro;Balthazar Flamel;Alquimia Teórica;1951;1239;4,28;4
fb7f7743-8426;El Enigma de las Almas de Plomo;Isolde Crowley;Botánica Arcana;1863;957;3,66;22
9b47c1f3-ce29;El Enigma de la Transmutación Infinitas;Thalric Vance;Alquimia Teórica;1457;1146;4,37;24
d7cc7b70-027c;El Enigma de la Transmutación Infinitas;Balthazar Sterling;Historia de la Piedra;1154;699;4,77;8
08d5cfba-4c3e;Códice de el Azufre Sagrado;Aurelius Nightshade;Transmutación Metálica;1897;285;4,11;6
738c6f84-2c5e;Códice de el Mercurio Rojo;Seraphine Crowley;Filosofía Prohibida;1832;1163;2,21;4
b1dd678e-2feb;Sombras sobre el Azufre Sagrado;Aurelius Vance;Alquimia Teórica;1955;322;1,31;30
4329e78d-da0b;Códice de la Transmutación Infinitas;Balthazar Sterling;Filosofía Prohibida;1846;1468;2,26;1
f6f992f1-3c6a;El Enigma de el Azufre Sagrado;Balthazar Blackwood;Alquimia Teórica;1684;251;2,61;41
a4d3fd11-0e59;Códice de el Mercurio Rojo;Elara Blackwood;Botánica Arcana;1706;1363;2,09;18
6a8d8605-5e54;Espejos de la Transmutación Infinitas;Thalric Nightshade;Transmutación Metálica;1275;216;3,72;4
e4a8d220-1f11;El Enigma de el Mercurio Rojo;Thalric Blackwood;Transmutación Metálica;1501;1337;2,04;10
55332d64-a1cd;Sombras sobre el Mercurio Rojo;Caspian Vance;Botánica Arcana;2003;681;3,85;17
18b85926-945e;Tratado de la Quintaesencia;Balthazar Sterling;Botánica Arcana;2018;1144;2,4;30
bf100331-97fa;Tratado de las Almas de Plomo;Aurelius Flamel;Alquimia Teórica;1882;1180;2,48;46
52af4398-741e;El Aliento de el Mercurio Rojo;Thalric Vance;Historia de la Piedra;1451;976;4,81;20
8ccf8775-d1cd;El Aliento de la Quintaesencia;Aurelius Grimoire;Historia de la Piedra;1454;402;2,44;26
18a2fd42-1ee2;El Enigma de el Azufre Sagrado;Elara Flamel;Filosofía Prohibida;1622;1285;2,95;47
4817aa83-22db;Tratado de el Sol Negro;Thalric Crowley;Transmutación Metálica;1685;1344;3,27;47
ebc57948-f831;Espejos de el Mercurio Rojo;Elara Sterling;Transmutación Metálica;1759;894;1,31;39
28e8857b-388b;Códice de el Sol Negro;Elara Grimoire;Alquimia Teórica;1693;688;4,96;19
1b4984b8-faec;Códice de el Mercurio Rojo;Balthazar Sterling;Alquimia Teórica;1167;602;4,2;34
f0df9959-cab1;Vórtice de el Sol Negro;Elara Crowley;Botánica Arcana;1357;1164;3,72;31
cf944d09-6b64;La Esencia de las Almas de Plomo;Seraphine Grimoire;Historia de la Piedra;1376;869;1,23;14
6d987ef3-e334;Códice de las Almas de Plomo;Morgana Sterling;Filosofía Prohibida;2003;252;1,25;12
8bc9b793-e1e2;Sombras sobre la Transmutación Infinitas;Elara Vance;Transmutación Metálica;1208;982;1,58;26
913efbe5-40fb;Códice de las Almas de Plomo;Morgana Nightshade;Botánica Arcana;1202;538;2,1;15
e3a5476c-924c;Vórtice de las Almas de Plomo;Balthazar Sterling;Botánica Arcana;1790;254;1,14;24
b6a58143-8afb;Tratado de el Azufre Sagrado;Seraphine Crowley;Transmutación Metálica;1495;242;1,67;26
73cd217f-aace;Tratado de la Transmutación Infinitas;Balthazar Grimoire;Alquimia Teórica;1801;1278;3,41;47
acfb5c16-6137;La Esencia de las Almas de Plomo;Isolde Nightshade;Alquimia Teórica;1953;1187;3,86;37
a5d55ec8-8208;La Esencia de la Quintaesencia;Seraphine Blackwood;Historia de la Piedra;1535;699;1,87;4
a7b7f9ba-858a;Espejos de la Quintaesencia;Balthazar Blackwood;Filosofía Prohibida;1790;969;4,31;30
e49074a3-71e1;Espejos de la Quintaesencia;Thalric Blackwood;Botánica Arcana;1108;621;3,83;32
f90ace82-341b;El Aliento de el Mercurio Rojo;Thalric Flamel;Alquimia Teórica;1964;1411;1,34;19
193ad962-1723;Vórtice de las Almas de Plomo;Thalric Crowley;Botánica Arcana;1554;1379;3,41;37
9ba2ea57-c9ee;El Enigma de la Quintaesencia;Caspian Sterling;Filosofía Prohibida;1591;892;3,57;44
9fee6d74-e719;Espejos de el Azufre Sagrado;Aurelius Flamel;Historia de la Piedra;1938;1399;4,11;49
b18ef580-24b1;El Aliento de las Almas de Plomo;Balthazar Flamel;Filosofía Prohibida;1491;1415;4,33;18
c856bd77-bda5;Tratado de el Sol Negro;Seraphine Blackwood;Alquimia Teórica;1844;718;2,04;49
1d2d6611-4211;Tratado de el Sol Negro;Isolde Vance;Alquimia Teórica;1321;925;3,83;16
67a4d1b7-1c22;Vórtice de las Almas de Plomo;Seraphine Nightshade;Botánica Arcana;1340;1266;3;9
158601c9-e214;Sombras sobre el Sol Negro;Aurelius Flamel;Filosofía Prohibida;1301;778;4,03;27
aea11ae2-a70e;Vórtice de el Mercurio Rojo;Seraphine Blackwood;Historia de la Piedra;1306;273;3,51;3
75b4a2fb-82fd;Vórtice de el Azufre Sagrado;Aurelius Crowley;Alquimia Teórica;1993;1289;2,92;40
31054859-0930;Espejos de el Azufre Sagrado;Seraphine Nightshade;Filosofía Prohibida;1874;135;3,72;16
7f34f68c-6706;Espejos de el Mercurio Rojo;Morgana Grimoire;Transmutación Metálica;1340;793;4,41;25
8bc064c9-6bf7;Vórtice de las Almas de Plomo;Isolde Sterling;Transmutación Metálica;1950;1230;2,66;18
772ec5ee-359a;El Aliento de las Almas de Plomo;Thalric Sterling;Botánica Arcana;1454;1137;4,54;28
dda7bb14-e885;Sombras sobre la Transmutación Infinitas;Caspian Flamel;Botánica Arcana;1515;990;2,83;30
88cc590b-43e4;Vórtice de el Sol Negro;Morgana Grimoire;Filosofía Prohibida;1342;583;3,97;11
9537e183-69cc;Códice de el Sol Negro;Caspian Crowley;Filosofía Prohibida;1553;1223;2,18;29
e66ab528-ad96;Espejos de la Transmutación Infinitas;Isolde Sterling;Alquimia Teórica;1597;313;2,93;17
e657b4c1-dbe5;Sombras sobre el Sol Negro;Isolde Nightshade;Filosofía Prohibida;1269;620;4,11;0
c65b63ff-4cae;El Aliento de la Transmutación Infinitas;Elara Nightshade;Historia de la Piedra;1131;1140;4,6;0
657e2ee7-afbc;La Esencia de el Mercurio Rojo;Balthazar Vance;Transmutación Metálica;1133;457;1,77;33
e03601fc-c99f;Tratado de la Transmutación Infinitas;Morgana Vance;Alquimia Teórica;1353;1258;2,22;4
c3d036ec-17c0;Códice de el Mercurio Rojo;Balthazar Vance;Historia de la Piedra;1393;554;4,62;13
56ce1a34-f509;Vórtice de las Almas de Plomo;Morgana Flamel;Botánica Arcana;1297;1161;4,24;27
b43f88e4-2e12;Espejos de el Sol Negro;Aurelius Vance;Filosofía Prohibida;1354;261;3,33;20
01e72b30-9ebd;Tratado de las Almas de Plomo;Morgana Crowley;Filosofía Prohibida;1588;521;1,71;42
28b297e5-2962;El Enigma de la Quintaesencia;Balthazar Grimoire;Transmutación Metálica;1664;315;1,98;23
f0808c1f-70b0;Vórtice de el Sol Negro;Morgana Blackwood;Historia de la Piedra;1717;868;2,41;16
f53503d4-4c76;Espejos de el Sol Negro;Isolde Sterling;Filosofía Prohibida;1958;144;3,76;45
1e4ea247-6930;Sombras sobre el Azufre Sagrado;Seraphine Flamel;Botánica Arcana;1355;125;3,13;34
43d02052-d128;Sombras sobre el Azufre Sagrado;Balthazar Grimoire;Historia de la Piedra;1702;903;1,71;16
3c8347a8-1207;El Enigma de el Mercurio Rojo;Aurelius Flamel;Botánica Arcana;1712;387;4,2;38
a2b4fa24-4822;La Esencia de el Azufre Sagrado;Elara Grimoire;Alquimia Teórica;1892;1000;4,21;26
f05ebad1-d087;El Enigma de el Azufre Sagrado;Elara Sterling;Transmutación Metálica;1463;1368;1,17;17
41c7a6cc-74aa;La Esencia de la Transmutación Infinitas;Seraphine Nightshade;Botánica Arcana;1495;1348;2,69;47
95371b8c-d38f;El Enigma de el Sol Negro;Caspian Nightshade;Historia de la Piedra;1245;312;2,41;4
ec26614b-64b1;Espejos de el Sol Negro;Aurelius Crowley;Filosofía Prohibida;2005;692;2,04;24
84b60852-0d9e;El Enigma de el Mercurio Rojo;Balthazar Flamel;Historia de la Piedra;1710;1340;3,79;25
7dd1577e-564d;Sombras sobre las Almas de Plomo;Caspian Nightshade;Filosofía Prohibida;1830;659;4,5;30
1b7f9d19-b30a;Códice de el Mercurio Rojo;Elara Grimoire;Filosofía Prohibida;1245;494;4,45;46
5779275b-b353;El Enigma de el Azufre Sagrado;Caspian Flamel;Botánica Arcana;1473;581;2,79;41
fa7cb9c9-3601;El Enigma de el Sol Negro;Thalric Sterling;Transmutación Metálica;1939;1107;4,12;2
3e7979de-c686;La Esencia de el Sol Negro;Morgana Vance;Filosofía Prohibida;1773;1394;2,41;4
aee33387-59cb;El Enigma de el Azufre Sagrado;Balthazar Grimoire;Historia de la Piedra;1201;595;4,06;40
d0139de4-06cf;Códice de el Sol Negro;Balthazar Blackwood;Filosofía Prohibida;1968;1397;2,24;50
7bc1f79e-418b;Códice de el Sol Negro;Caspian Grimoire;Filosofía Prohibida;1556;979;1,78;15
8a15a84c-6b04;El Aliento de el Sol Negro;Morgana Vance;Botánica Arcana;1511;408;2,75;1
5fa652f4-2108;La Esencia de la Quintaesencia;Seraphine Crowley;Botánica Arcana;1509;519;1,96;33
ce55251c-2182;Espejos de el Mercurio Rojo;Isolde Flamel;Botánica Arcana;1526;784;2,97;36
9def34ae-de02;El Enigma de la Transmutación Infinitas;Aurelius Sterling;Filosofía Prohibida;1732;1021;4,72;28
3f462006-f819;Espejos de la Transmutación Infinitas;Balthazar Sterling;Botánica Arcana;1355;1097;4,86;49
aac2c1d9-533a;Códice de el Azufre Sagrado;Thalric Grimoire;Filosofía Prohibida;1664;1278;4,5;35
1edce2e3-780e;Códice de el Azufre Sagrado;Seraphine Sterling;Botánica Arcana;1885;1074;1,82;10
ab55db5d-cd2e;Códice de las Almas de Plomo;Seraphine Grimoire;Filosofía Prohibida;1961;842;4,18;20
a1999a58-98d1;Códice de las Almas de Plomo;Balthazar Crowley;Filosofía Prohibida;1771;1213;4,29;33
4f413481-9706;Códice de las Almas de Plomo;Seraphine Flamel;Transmutación Metálica;1618;255;1,98;10
7d4ee99f-a15c;Códice de el Azufre Sagrado;Aurelius Flamel;Botánica Arcana;1757;358;2,22;17
320afb6a-40e2;Sombras sobre la Quintaesencia;Balthazar Nightshade;Historia de la Piedra;1817;522;1,54;12
dbbea6b1-458f;Espejos de las Almas de Plomo;Aurelius Sterling;Alquimia Teórica;1557;646;2,39;45
aac065de-19f7;La Esencia de las Almas de Plomo;Elara Blackwood;Filosofía Prohibida;1945;944;4,68;41
535a5882-6504;El Enigma de la Quintaesencia;Thalric Sterling;Historia de la Piedra;1593;646;3,52;30
bcf26911-aee4;Sombras sobre la Transmutación Infinitas;Caspian Crowley;Historia de la Piedra;1256;1442;4,96;26
6e3ce54a-ca21;La Esencia de la Transmutación Infinitas;Balthazar Crowley;Historia de la Piedra;1347;438;1,52;7
79b476dc-b3bb;Códice de la Quintaesencia;Isolde Blackwood;Filosofía Prohibida;1781;795;2,27;25
39382cd2-0a7a;Tratado de la Transmutación Infinitas;Aurelius Sterling;Alquimia Teórica;1925;1064;1,21;32
b7b4921e-3744;Códice de la Transmutación Infinitas;Morgana Sterling;Botánica Arcana;2000;1011;1,58;37
48ef1f92-547f;El Aliento de la Transmutación Infinitas;Thalric Nightshade;Filosofía Prohibida;1586;235;2,12;9
c90a1be4-c0a9;El Aliento de el Sol Negro;Thalric Blackwood;Transmutación Metálica;1557;496;2,69;15
720ac697-9283;La Esencia de la Quintaesencia;Morgana Flamel;Alquimia Teórica;1467;866;2,5;10
34add347-84d2;Códice de la Transmutación Infinitas;Elara Crowley;Historia de la Piedra;1914;1116;4,94;45
e1eec607-1980;Espejos de el Mercurio Rojo;Elara Crowley;Botánica Arcana;1977;199;3,21;3
528bee45-b9e4;La Esencia de la Quintaesencia;Caspian Nightshade;Historia de la Piedra;1431;827;1,26;12
d58f9570-95f5;La Esencia de el Azufre Sagrado;Isolde Sterling;Alquimia Teórica;1331;104;2,34;8
17e1a637-7079;El Aliento de el Azufre Sagrado;Caspian Nightshade;Historia de la Piedra;1754;115;2,37;16
edeb7894-1bc9;Tratado de el Azufre Sagrado;Elara Flamel;Alquimia Teórica;1172;1155;2,34;17
3918ba0d-876d;Espejos de la Quintaesencia;Aurelius Flamel;Botánica Arcana;1435;163;3,05;46
4fc48cfb-f9c0;Espejos de el Mercurio Rojo;Balthazar Sterling;Transmutación Metálica;1102;557;1,73;32
d8d75dc6-dc0c;Tratado de el Mercurio Rojo;Balthazar Crowley;Botánica Arcana;1229;1097;4,41;28
729f4689-fe61;Sombras sobre las Almas de Plomo;Caspian Flamel;Transmutación Metálica;1406;111;2,45;41
c6e2f738-d630;La Esencia de el Azufre Sagrado;Seraphine Flamel;Transmutación Metálica;1193;135;3,6;8
93d5d936-2ca8;Vórtice de el Sol Negro;Isolde Vance;Historia de la Piedra;1173;313;2,58;6
8a095582-4c97;Códice de la Quintaesencia;Morgana Nightshade;Transmutación Metálica;1685;1157;2,48;15
1f9bdebb-e0b5;Sombras sobre las Almas de Plomo;Thalric Blackwood;Botánica Arcana;2012;304;2,78;45
90a222db-edc2;La Esencia de el Sol Negro;Caspian Vance;Historia de la Piedra;1857;419;1,19;19
df4d917f-e6d4;Vórtice de la Quintaesencia;Aurelius Flamel;Historia de la Piedra;1107;393;4,43;13
a9b441f3-1f3f;El Enigma de las Almas de Plomo;Thalric Blackwood;Alquimia Teórica;1298;298;1,37;47
5777f5bb-ac06;Espejos de la Transmutación Infinitas;Caspian Grimoire;Alquimia Teórica;1459;566;4,79;16
a663375a-d442;El Aliento de el Mercurio Rojo;Caspian Crowley;Transmutación Metálica;1310;1471;4,78;26
0bcb4dc0-c0e1;Espejos de la Quintaesencia;Thalric Vance;Historia de la Piedra;1955;630;1,79;5
377f2699-6266;La Esencia de el Mercurio Rojo;Seraphine Crowley;Transmutación Metálica;2018;1131;4,46;12
198e721e-dd1c;El Enigma de el Sol Negro;Morgana Vance;Alquimia Teórica;2016;839;1,08;38
b29c0adf-5c9c;La Esencia de la Quintaesencia;Seraphine Blackwood;Botánica Arcana;1955;905;4,82;24
f4fcd417-6c4d;Códice de el Sol Negro;Balthazar Flamel;Botánica Arcana;1989;1186;1,63;40
64e02444-8b92;El Enigma de la Quintaesencia;Thalric Nightshade;Transmutación Metálica;1395;757;1,88;21
74190bab-6aa1;El Aliento de el Azufre Sagrado;Thalric Grimoire;Alquimia Teórica;1553;131;1,61;17
7c4670fa-e14b;Vórtice de la Transmutación Infinitas;Caspian Grimoire;Historia de la Piedra;1912;762;4,55;50
123da755-4d7c;Sombras sobre el Azufre Sagrado;Isolde Crowley;Historia de la Piedra;1998;1002;2,64;26
dfa35107-942e;El Aliento de el Mercurio Rojo;Thalric Blackwood;Alquimia Teórica;1950;473;2,12;6
610b6f2d-a3d9;Sombras sobre el Mercurio Rojo;Seraphine Vance;Transmutación Metálica;1750;987;1,95;34
69412a3d-0073;Vórtice de el Mercurio Rojo;Elara Vance;Botánica Arcana;1750;1442;1,26;3
30f4df57-2cb0;El Enigma de el Sol Negro;Isolde Vance;Historia de la Piedra;1465;257;1,27;19
37f068e2-5ecb;Sombras sobre el Azufre Sagrado;Thalric Nightshade;Alquimia Teórica;1347;1426;4,58;36
b62d5716-76fb;La Esencia de el Sol Negro;Thalric Grimoire;Historia de la Piedra;1283;957;4,4;15
5d1ced0d-05e5;La Esencia de el Mercurio Rojo;Morgana Crowley;Botánica Arcana;1797;692;4,53;13
bb5895ed-e438;El Enigma de las Almas de Plomo;Aurelius Crowley;Botánica Arcana;1592;217;4,35;38
9254cc62-048f;El Aliento de el Azufre Sagrado;Isolde Flamel;Alquimia Teórica;1756;803;2,86;1
7befb694-7c00;Espejos de el Sol Negro;Thalric Crowley;Transmutación Metálica;1180;693;1,62;2
0994b282-0ef6;Tratado de el Mercurio Rojo;Balthazar Nightshade;Historia de la Piedra;1807;543;2,82;13
fd4f4196-acaf;Espejos de la Quintaesencia;Morgana Crowley;Transmutación Metálica;1839;1358;4,36;12
2bc30688-2e4c;La Esencia de la Transmutación Infinitas;Elara Blackwood;Historia de la Piedra;1336;1143;3,82;20
ed5501c7-e2a4;Vórtice de el Mercurio Rojo;Morgana Sterling;Botánica Arcana;1215;96;4,88;43
bae9147c-5a52;Códice de la Quintaesencia;Seraphine Blackwood;Transmutación Metálica;1121;1095;4,65;26
99edb39b-6106;Vórtice de el Azufre Sagrado;Morgana Crowley;Alquimia Teórica;1391;1369;4,42;41
09d2ead1-9016;Códice de el Mercurio Rojo;Balthazar Blackwood;Transmutación Metálica;1477;939;4,67;41
c538ad11-1e41;Tratado de el Azufre Sagrado;Caspian Nightshade;Transmutación Metálica;1467;133;2,07;41
1a4baae9-0248;Códice de las Almas de Plomo;Caspian Nightshade;Historia de la Piedra;1962;741;3,78;15
b9a65499-3200;Sombras sobre la Quintaesencia;Morgana Flamel;Transmutación Metálica;1224;870;2,95;14
5652205f-f1ab;El Enigma de el Azufre Sagrado;Seraphine Grimoire;Transmutación Metálica;1337;1378;3,24;10
0b27b3ec-ab02;El Enigma de el Azufre Sagrado;Caspian Blackwood;Historia de la Piedra;1735;81;3,52;31
63beaa76-60d0;Códice de la Quintaesencia;Isolde Grimoire;Alquimia Teórica;1132;650;4,32;28
11d713fb-9dd6;Sombras sobre las Almas de Plomo;Morgana Blackwood;Filosofía Prohibida;1160;649;3,57;31
59c479a2-4017;El Enigma de el Mercurio Rojo;Aurelius Grimoire;Filosofía Prohibida;1589;1363;2,33;21
c01e611a-7a50;Tratado de las Almas de Plomo;Thalric Nightshade;Historia de la Piedra;1625;1219;3,32;48
e1df85f5-6778;Espejos de la Quintaesencia;Balthazar Flamel;Alquimia Teórica;1554;1314;4,2;3
0c52306f-b0e2;Tratado de el Mercurio Rojo;Thalric Nightshade;Botánica Arcana;1399;883;4,78;15
3f2ca49c-21b7;El Enigma de el Sol Negro;Seraphine Sterling;Botánica Arcana;1290;1338;2,75;18
d9fe63a2-58ef;Espejos de el Azufre Sagrado;Morgana Sterling;Historia de la Piedra;1978;521;4,35;28
87b6e825-a470;La Esencia de el Mercurio Rojo;Balthazar Flamel;Botánica Arcana;1680;385;4,88;16
d6cdd4e3-dc3b;Tratado de el Sol Negro;Thalric Crowley;Alquimia Teórica;1168;1318;4,92;32
c4be7761-64cc;Tratado de el Mercurio Rojo;Morgana Nightshade;Alquimia Teórica;1258;1414;4,82;22
5d5df2f5-047e;El Aliento de la Quintaesencia;Isolde Vance;Alquimia Teórica;1446;633;1,72;45
dfa4da9c-d32f;Tratado de las Almas de Plomo;Aurelius Nightshade;Filosofía Prohibida;1268;885;2,54;8
84a8725a-7c18;Códice de el Mercurio Rojo;Aurelius Grimoire;Alquimia Teórica;1139;1387;4,23;32
db244673-715d;Vórtice de la Quintaesencia;Balthazar Flamel;Historia de la Piedra;1847;556;4,13;17
b7796b42-9892;Espejos de el Azufre Sagrado;Caspian Flamel;Alquimia Teórica;1744;999;2,41;40
accae99d-3f13;El Aliento de el Sol Negro;Aurelius Blackwood;Botánica Arcana;1562;708;1,23;17
47d38981-18f7;Tratado de la Transmutación Infinitas;Morgana Crowley;Filosofía Prohibida;1865;425;2,18;33
23c42644-b5ff;La Esencia de la Transmutación Infinitas;Morgana Sterling;Historia de la Piedra;1195;1011;4,32;19
947d92e6-e82f;Espejos de el Sol Negro;Elara Nightshade;Transmutación Metálica;1419;292;2,96;42
8e9f8466-bad8;El Aliento de la Quintaesencia;Elara Nightshade;Botánica Arcana;1766;1128;2,83;9
d254aaef-7d0c;Códice de las Almas de Plomo;Balthazar Vance;Transmutación Metálica;1510;814;4,39;22
6570700d-0614;Códice de el Sol Negro;Elara Blackwood;Botánica Arcana;1139;502;1,4;18
f8ecba1f-54ca;El Aliento de la Quintaesencia;Seraphine Grimoire;Transmutación Metálica;1993;374;4,63;13
4298d8f2-a6c6;El Enigma de la Transmutación Infinitas;Balthazar Nightshade;Historia de la Piedra;1702;830;4,71;9
86191556-55d5;Espejos de el Sol Negro;Isolde Flamel;Alquimia Teórica;1945;304;4,23;27
354b7f4c-4a9f;Tratado de el Azufre Sagrado;Morgana Vance;Botánica Arcana;1172;1446;4,19;21
d48876dd-ea64;El Enigma de la Transmutación Infinitas;Balthazar Sterling;Historia de la Piedra;2014;602;4,89;35
7f8cc219-ed18;Tratado de las Almas de Plomo;Isolde Nightshade;Historia de la Piedra;1190;842;3,48;18
105fbfed-0fd3;El Enigma de el Sol Negro;Morgana Blackwood;Transmutación Metálica;1636;386;4,78;48
1522a2d9-66e5;El Aliento de el Azufre Sagrado;Aurelius Flamel;Historia de la Piedra;1354;294;2,25;11
e988d052-6060;El Aliento de el Mercurio Rojo;Balthazar Nightshade;Botánica Arcana;1164;1317;3,95;49
696705ff-9864;Códice de el Sol Negro;Isolde Blackwood;Botánica Arcana;1366;1062;2,92;5
41b7c677-78e0;Códice de el Mercurio Rojo;Isolde Grimoire;Transmutación Metálica;1809;1224;3,9;18
f5b0cc5a-9324;Códice de la Transmutación Infinitas;Aurelius Flamel;Botánica Arcana;1904;471;4,95;28
9832fc02-8fa5;Vórtice de las Almas de Plomo;Isolde Sterling;Transmutación Metálica;1737;703;1,45;19
ea8133eb-7581;La Esencia de la Quintaesencia;Elara Flamel;Filosofía Prohibida;1908;829;1,01;15
31a48d0a-d4e0;La Esencia de la Transmutación Infinitas;Balthazar Vance;Transmutación Metálica;1883;1100;2,13;9
dd34010c-a0e4;Vórtice de el Mercurio Rojo;Seraphine Nightshade;Filosofía Prohibida;1464;98;1,3;46
76dcdc88-4e2b;El Aliento de la Quintaesencia;Thalric Crowley;Alquimia Teórica;1644;718;4,72;18
81146804-a091;Vórtice de la Transmutación Infinitas;Balthazar Sterling;Alquimia Teórica;1862;891;3,94;34
618ef686-0ecf;Códice de el Mercurio Rojo;Morgana Flamel;Filosofía Prohibida;1679;1155;3,51;33
0166855b-877b;Vórtice de el Mercurio Rojo;Elara Blackwood;Transmutación Metálica;1983;1217;4,95;43
def94c7e-26c2;Sombras sobre las Almas de Plomo;Morgana Vance;Historia de la Piedra;1662;437;1,49;24
dfbd20ec-d5f9;Espejos de el Mercurio Rojo;Thalric Nightshade;Botánica Arcana;1892;1491;1,49;34
d9e90296-bc2b;El Enigma de las Almas de Plomo;Thalric Nightshade;Filosofía Prohibida;1132;736;2,35;15
fdc909ca-bf34;La Esencia de la Quintaesencia;Elara Crowley;Transmutación Metálica;1366;804;4,8;1
e9ddea36-fe27;El Enigma de el Sol Negro;Balthazar Vance;Alquimia Teórica;1698;635;4,09;18
fe3e7e8e-6cfc;El Enigma de el Mercurio Rojo;Seraphine Nightshade;Transmutación Metálica;1376;116;4,51;17
62e6c6c9-45d2;Vórtice de el Azufre Sagrado;Balthazar Crowley;Transmutación Metálica;1338;1189;2,27;11
6a0b6238-4385;Tratado de el Azufre Sagrado;Thalric Flamel;Botánica Arcana;1767;692;4,51;10
4dc86a41-c0fb;Códice de la Quintaesencia;Isolde Crowley;Alquimia Teórica;1449;1453;3,59;25
e34602dd-538c;Vórtice de la Transmutación Infinitas;Thalric Vance;Alquimia Teórica;1457;242;2,38;28
dd4c5d37-1af2;Sombras sobre el Mercurio Rojo;Elara Grimoire;Botánica Arcana;1360;745;4,11;13
f5392f35-021f;El Aliento de el Sol Negro;Elara Vance;Transmutación Metálica;1527;776;3,35;2
9ad04cfb-d91f;Códice de el Mercurio Rojo;Seraphine Grimoire;Transmutación Metálica;1836;1330;4,9;36
78616bca-7e4e;Códice de la Quintaesencia;Caspian Flamel;Historia de la Piedra;1979;1288;4,92;33
4ad53058-b7c1;Tratado de el Mercurio Rojo;Morgana Grimoire;Alquimia Teórica;1324;142;3,78;48
5a975416-e5fc;La Esencia de las Almas de Plomo;Isolde Vance;Botánica Arcana;1759;283;1,42;15
761d751f-05d6;Espejos de el Sol Negro;Seraphine Nightshade;Historia de la Piedra;1419;586;1,52;46
cc0bed4b-f2e1;Códice de la Transmutación Infinitas;Caspian Crowley;Historia de la Piedra;1864;1011;4,66;29
f323021b-5f13;Vórtice de las Almas de Plomo;Elara Flamel;Botánica Arcana;1751;279;3,26;26
3426b4b3-9966;Códice de el Mercurio Rojo;Seraphine Grimoire;Filosofía Prohibida;1379;307;1,97;14
79051b90-deed;El Enigma de la Quintaesencia;Isolde Blackwood;Botánica Arcana;1874;690;4,07;34
762d4894-9731;Espejos de el Sol Negro;Seraphine Grimoire;Alquimia Teórica;1296;1357;3,08;38
1592429d-1f4e;La Esencia de el Azufre Sagrado;Thalric Sterling;Transmutación Metálica;1893;1030;1,85;37
958f3ee9-1495;El Enigma de el Mercurio Rojo;Caspian Crowley;Filosofía Prohibida;1314;566;2,92;15
34d23a15-25a4;El Aliento de la Quintaesencia;Seraphine Grimoire;Botánica Arcana;1247;638;4,77;41
039541a0-a860;Vórtice de la Quintaesencia;Balthazar Grimoire;Botánica Arcana;1271;523;2,05;17
1d12f15e-833a;El Aliento de el Azufre Sagrado;Elara Nightshade;Alquimia Teórica;1430;835;1,67;36
a7a61e11-5145;Vórtice de la Quintaesencia;Elara Grimoire;Historia de la Piedra;1456;439;4,21;39
bdc16cb5-8d6f;El Aliento de el Mercurio Rojo;Caspian Flamel;Transmutación Metálica;1670;1438;4,56;2
095e91a0-deb6;Códice de las Almas de Plomo;Isolde Nightshade;Filosofía Prohibida;2017;383;3,64;47
88faa5be-d577;Códice de la Transmutación Infinitas;Morgana Nightshade;Botánica Arcana;1630;113;4,78;24
1f622540-490c;Espejos de las Almas de Plomo;Isolde Flamel;Filosofía Prohibida;1732;1366;1,68;20
3a6f6db3-cc6f;Vórtice de el Sol Negro;Balthazar Sterling;Historia de la Piedra;1490;1435;4,94;2
2be6261a-362d;Tratado de la Transmutación Infinitas;Isolde Flamel;Botánica Arcana;1847;1333;3,2;40
b4791a40-38da;La Esencia de las Almas de Plomo;Isolde Nightshade;Botánica Arcana;1183;1298;4,15;48
4631d85b-7e5f;Sombras sobre el Azufre Sagrado;Seraphine Grimoire;Transmutación Metálica;1171;139;1,94;3
188009ba-06ec;Vórtice de la Transmutación Infinitas;Thalric Vance;Filosofía Prohibida;1556;256;2,41;5
c72ae85f-5e44;Vórtice de el Sol Negro;Isolde Flamel;Botánica Arcana;1532;639;4,12;6
82c2a99d-d40f;Códice de el Sol Negro;Elara Flamel;Historia de la Piedra;1211;124;1,06;39
70fcc47d-47d5;Sombras sobre el Mercurio Rojo;Elara Grimoire;Historia de la Piedra;1909;873;3,5;39
27b631ce-2676;Espejos de el Mercurio Rojo;Balthazar Sterling;Historia de la Piedra;1342;1210;4,47;3
1a964f28-671a;Vórtice de la Quintaesencia;Aurelius Blackwood;Alquimia Teórica;1435;128;1,42;21
daaa5e44-4a92;La Esencia de las Almas de Plomo;Seraphine Crowley;Filosofía Prohibida;1984;653;1,74;13
4daeed26-77bc;El Aliento de la Quintaesencia;Seraphine Blackwood;Alquimia Teórica;1457;558;2,88;43
15a372bd-1906;El Enigma de la Transmutación Infinitas;Morgana Flamel;Transmutación Metálica;2011;323;2,11;7
718d43d2-79fb;Sombras sobre el Sol Negro;Caspian Nightshade;Transmutación Metálica;1187;1062;2,97;22
8bfa7899-15d4;Tratado de el Mercurio Rojo;Thalric Crowley;Transmutación Metálica;1468;603;2,42;32
f71931fc-0592;Vórtice de las Almas de Plomo;Balthazar Crowley;Transmutación Metálica;1577;924;2,18;42
8fdca221-7cbc;El Aliento de el Mercurio Rojo;Elara Blackwood;Filosofía Prohibida;1503;414;3,15;40
c9b9fbbe-9a7b;Códice de la Transmutación Infinitas;Balthazar Grimoire;Alquimia Teórica;1341;796;3,06;3
4811f8a9-e37e;Sombras sobre la Quintaesencia;Aurelius Crowley;Botánica Arcana;1101;1258;4,87;19
2a151a27-fcfc;La Esencia de el Sol Negro;Seraphine Sterling;Filosofía Prohibida;1159;1489;3,39;42
08ff0d3f-57aa;Espejos de la Quintaesencia;Seraphine Nightshade;Filosofía Prohibida;1810;1219;1,22;18
a6f1db77-8b39;Tratado de el Sol Negro;Aurelius Crowley;Alquimia Teórica;1796;936;3,36;41
4fee07df-5bc0;El Aliento de la Quintaesencia;Seraphine Flamel;Historia de la Piedra;1944;554;1,55;34
b029e536-0fe6;La Esencia de la Quintaesencia;Caspian Blackwood;Filosofía Prohibida;1469;834;1,03;34
a45dd147-8855;El Aliento de el Sol Negro;Elara Flamel;Transmutación Metálica;1480;953;4,63;37
68c2a64a-775d;El Enigma de la Quintaesencia;Seraphine Vance;Botánica Arcana;1257;745;1,62;31
eb85b576-092d;La Esencia de el Azufre Sagrado;Seraphine Nightshade;Alquimia Teórica;1977;657;4,21;43
c5dbd430-3dcb;La Esencia de la Quintaesencia;Morgana Crowley;Transmutación Metálica;1794;1333;3,83;3
5787c9ac-d7e2;Tratado de la Transmutación Infinitas;Isolde Grimoire;Filosofía Prohibida;1492;160;3,92;12
278249fc-8e86;Espejos de el Sol Negro;Balthazar Sterling;Botánica Arcana;1644;1320;1,18;6
9720397a-0e5e;El Enigma de el Azufre Sagrado;Balthazar Sterling;Botánica Arcana;1733;955;1,37;26
8177ca65-f969;La Esencia de la Quintaesencia;Aurelius Sterling;Filosofía Prohibida;1105;833;3,78;24
a09a5dc7-bc8e;Tratado de las Almas de Plomo;Caspian Vance;Filosofía Prohibida;1423;395;3,82;3
ea843e42-93d0;Espejos de la Transmutación Infinitas;Balthazar Blackwood;Alquimia Teórica;1344;1470;1,48;32
ea5ae04c-621b;Sombras sobre la Quintaesencia;Thalric Sterling;Filosofía Prohibida;1536;940;1,1;21
25535df6-0cc4;El Aliento de el Azufre Sagrado;Caspian Grimoire;Historia de la Piedra;1588;976;2,54;34
e2fb7e17-bd44;Sombras sobre el Sol Negro;Caspian Flamel;Alquimia Teórica;1515;1478;2,8;16
ce203f5c-6880;Vórtice de la Quintaesencia;Aurelius Flamel;Transmutación Metálica;1178;767;4,51;4
cdf14f82-a3e7;Códice de las Almas de Plomo;Seraphine Grimoire;Transmutación Metálica;1322;1340;3,91;26
c9cabc0a-a7a6;Códice de el Sol Negro;Caspian Vance;Alquimia Teórica;1740;764;2,12;47
fb823f3e-61a1;Tratado de el Sol Negro;Morgana Crowley;Alquimia Teórica;1324;1299;2,31;46
7209c68a-1c09;Sombras sobre la Quintaesencia;Balthazar Crowley;Historia de la Piedra;1794;1289;4,28;22
9726e566-6336;El Enigma de la Transmutación Infinitas;Elara Vance;Botánica Arcana;1999;736;3,51;26
a1470b30-0118;El Enigma de el Sol Negro;Aurelius Sterling;Filosofía Prohibida;1830;478;2,13;8
8f0ffc22-97e6;Vórtice de la Quintaesencia;Isolde Grimoire;Alquimia Teórica;1360;1027;4,56;8
9cf16109-cd4f;Espejos de el Mercurio Rojo;Seraphine Blackwood;Alquimia Teórica;1217;882;3,07;9
206630aa-b54b;El Enigma de las Almas de Plomo;Thalric Flamel;Alquimia Teórica;1464;1435;3,1;7
271d3f01-890e;El Aliento de la Quintaesencia;Seraphine Nightshade;Transmutación Metálica;1354;584;3,33;49
3bdef45c-2a2b;Espejos de la Quintaesencia;Seraphine Vance;Transmutación Metálica;1185;187;1,58;32
f36ee929-77e3;El Enigma de el Mercurio Rojo;Elara Crowley;Historia de la Piedra;1673;539;4,82;24
b3fbeb0b-9a05;Códice de las Almas de Plomo;Morgana Crowley;Filosofía Prohibida;1161;740;1,36;13
6d139fe9-568c;Tratado de el Mercurio Rojo;Thalric Vance;Filosofía Prohibida;1852;92;1,64;1
c42f60e0-b0d4;El Enigma de el Azufre Sagrado;Thalric Nightshade;Alquimia Teórica;1832;740;2,09;12
ab7c923c-41e3;Vórtice de el Azufre Sagrado;Thalric Nightshade;Alquimia Teórica;1702;1370;1,45;27
29bd4ea9-26f1;Sombras sobre las Almas de Plomo;Seraphine Crowley;Botánica Arcana;1308;1428;4,27;17
9fede15b-3b49;Vórtice de el Mercurio Rojo;Morgana Sterling;Historia de la Piedra;1571;1425;3,26;24
82159aaa-694e;Espejos de la Quintaesencia;Isolde Crowley;Filosofía Prohibida;1618;1414;4,27;42
7d18902f-dcfd;El Aliento de las Almas de Plomo;Balthazar Blackwood;Filosofía Prohibida;1134;967;2,66;26
62ba1898-67b1;Espejos de el Mercurio Rojo;Isolde Nightshade;Filosofía Prohibida;1764;1088;3,79;20
33ae9fd0-6773;El Enigma de la Quintaesencia;Aurelius Grimoire;Botánica Arcana;1807;1272;4,31;5
ee87665f-8d8f;Espejos de el Sol Negro;Thalric Sterling;Botánica Arcana;1358;773;1,38;21
9d82218f-554a;Espejos de el Sol Negro;Elara Flamel;Historia de la Piedra;2018;443;2,63;38
4f1543a2-a192;Códice de las Almas de Plomo;Elara Crowley;Transmutación Metálica;1774;784;3,44;33
3fedf084-51c7;La Esencia de el Mercurio Rojo;Balthazar Flamel;Transmutación Metálica;1883;414;2,8;32
b6e20133-5c0b;El Enigma de el Azufre Sagrado;Caspian Blackwood;Filosofía Prohibida;1796;830;2,81;9
7849cd76-7872;Sombras sobre el Sol Negro;Elara Blackwood;Alquimia Teórica;1766;575;2,3;36
6e8b1652-5f3c;Vórtice de el Azufre Sagrado;Isolde Crowley;Botánica Arcana;1617;854;3,66;7
b6bb1e28-b514;El Aliento de el Sol Negro;Elara Grimoire;Alquimia Teórica;1382;1064;1,12;50
e752d565-c45f;La Esencia de la Quintaesencia;Elara Grimoire;Filosofía Prohibida;1597;1393;2,38;33
359d16dc-c23f;Códice de la Transmutación Infinitas;Thalric Grimoire;Filosofía Prohibida;1181;772;4,17;30
03733244-d9e7;La Esencia de las Almas de Plomo;Isolde Blackwood;Transmutación Metálica;1799;563;3,63;13
7961f01a-c308;Tratado de el Mercurio Rojo;Morgana Sterling;Botánica Arcana;2015;973;1,42;31
34e25588-bf67;La Esencia de la Transmutación Infinitas;Isolde Crowley;Botánica Arcana;1254;569;4,44;8
15ce9b51-35ab;La Esencia de la Transmutación Infinitas;Elara Nightshade;Transmutación Metálica;1552;798;3,77;37
69f5b32c-9805;Códice de las Almas de Plomo;Elara Flamel;Botánica Arcana;1517;277;2,29;4
9fd265b2-f9ca;La Esencia de el Azufre Sagrado;Isolde Sterling;Filosofía Prohibida;1301;1426;1,78;26
7b055526-d281;Espejos de la Quintaesencia;Thalric Flamel;Alquimia Teórica;1603;751;1,19;17
62658e00-4361;La Esencia de el Sol Negro;Morgana Flamel;Alquimia Teórica;1537;488;4,84;42
45c04e0e-2e00;Tratado de el Sol Negro;Balthazar Grimoire;Filosofía Prohibida;2022;252;2,62;40
65112e90-9b28;Códice de el Azufre Sagrado;Isolde Grimoire;Botánica Arcana;1862;565;3,16;39
94fd73ba-af33;El Aliento de el Azufre Sagrado;Thalric Vance;Alquimia Teórica;1642;389;2,38;29
50872137-f35f;Vórtice de la Quintaesencia;Caspian Blackwood;Botánica Arcana;1787;631;3,65;10
ccd2cd21-a050;Tratado de las Almas de Plomo;Morgana Flamel;Transmutación Metálica;1290;1377;4,9;14
0ba5acfc-b711;Tratado de la Quintaesencia;Elara Vance;Transmutación Metálica;1337;141;1,32;13
72384b2a-de89;La Esencia de las Almas de Plomo;Seraphine Blackwood;Botánica Arcana;1326;963;4,53;38
4e98de85-e093;Tratado de las Almas de Plomo;Seraphine Vance;Filosofía Prohibida;1834;671;3,96;21
3119024d-e98e;Vórtice de el Sol Negro;Caspian Blackwood;Alquimia Teórica;1893;305;2,5;45
27dcb14d-7f97;El Enigma de el Azufre Sagrado;Seraphine Grimoire;Alquimia Teórica;1705;331;1,4;39
ad9b679e-e229;El Aliento de la Quintaesencia;Caspian Blackwood;Filosofía Prohibida;1344;1012;2,82;0
0cfc37d5-d655;Vórtice de las Almas de Plomo;Isolde Blackwood;Alquimia Teórica;1532;235;1,27;17
49fc4764-718a;Tratado de el Sol Negro;Elara Grimoire;Botánica Arcana;1536;694;3,83;25
cb1b182f-cfc8;Códice de el Mercurio Rojo;Morgana Sterling;Filosofía Prohibida;1853;1387;3,54;49
4cc0ce44-a05d;Sombras sobre el Mercurio Rojo;Caspian Grimoire;Alquimia Teórica;1966;113;4,45;32
b63cc142-06a4;Sombras sobre la Transmutación Infinitas;Elara Vance;Botánica Arcana;1378;1460;1,08;7
1f6530a2-2a05;El Enigma de las Almas de Plomo;Elara Grimoire;Filosofía Prohibida;1957;1072;4,12;24
4c12c05e-1ab9;Sombras sobre el Mercurio Rojo;Caspian Blackwood;Alquimia Teórica;1457;898;4,74;34
a988a916-9113;Códice de el Mercurio Rojo;Elara Vance;Transmutación Metálica;1230;964;1,19;18
bcf38387-8e33;El Aliento de la Transmutación Infinitas;Aurelius Blackwood;Filosofía Prohibida;1223;985;3,15;23
29ec3dcd-632e;Códice de la Transmutación Infinitas;Thalric Sterling;Alquimia Teórica;1445;763;4,23;31
0a179b8b-7ffc;Espejos de la Quintaesencia;Isolde Sterling;Historia de la Piedra;1901;630;1,8;15
02e1d3cc-8402;El Enigma de la Quintaesencia;Caspian Sterling;Transmutación Metálica;1834;364;3,72;20
f6a0b624-05f6;Espejos de la Transmutación Infinitas;Seraphine Blackwood;Transmutación Metálica;1152;752;2,8;15
469a3844-1201;El Enigma de la Quintaesencia;Caspian Flamel;Alquimia Teórica;1169;341;3,28;6
7a2afc11-144e;Sombras sobre el Mercurio Rojo;Seraphine Blackwood;Historia de la Piedra;1781;124;4,92;34
8bd5d1b4-0446;El Aliento de la Transmutación Infinitas;Balthazar Crowley;Filosofía Prohibida;1549;399;1,8;49
a77602c6-7a2e;Espejos de la Quintaesencia;Balthazar Grimoire;Botánica Arcana;1444;960;1,96;4
6f7b28c2-1e81;El Enigma de el Mercurio Rojo;Aurelius Flamel;Historia de la Piedra;1492;1241;2,93;30
9763cfef-6b56;Códice de el Mercurio Rojo;Seraphine Grimoire;Transmutación Metálica;1655;1391;4,45;28
48c04bee-da63;Espejos de la Transmutación Infinitas;Seraphine Grimoire;Historia de la Piedra;1758;1081;4,43;28
7a50a79d-3004;Vórtice de el Azufre Sagrado;Caspian Nightshade;Filosofía Prohibida;1807;691;3,02;43
3e637b1d-d3ae;Tratado de la Transmutación Infinitas;Aurelius Nightshade;Filosofía Prohibida;1458;882;3,78;9
61f9d4d3-f2fa;El Enigma de la Quintaesencia;Aurelius Blackwood;Transmutación Metálica;1378;849;2,37;3
29f22e4a-cf01;Códice de la Quintaesencia;Aurelius Crowley;Alquimia Teórica;1982;917;2,68;45
acb98053-e277;Tratado de la Quintaesencia;Seraphine Flamel;Filosofía Prohibida;1305;994;2,5;34
adf193eb-5ca7;El Aliento de el Sol Negro;Morgana Grimoire;Transmutación Metálica;1972;948;3,09;21
5b9e5858-2f54;Vórtice de la Quintaesencia;Seraphine Flamel;Historia de la Piedra;1440;251;2,35;22
10d28ee9-68f5;El Enigma de el Azufre Sagrado;Aurelius Blackwood;Filosofía Prohibida;1883;219;4,39;22
cad63b7c-84ad;El Aliento de el Azufre Sagrado;Balthazar Sterling;Historia de la Piedra;1973;385;2,7;15
6004ff72-0d61;El Aliento de la Quintaesencia;Caspian Nightshade;Botánica Arcana;1621;1242;3,76;10
181395c6-a65c;Vórtice de las Almas de Plomo;Isolde Sterling;Transmutación Metálica;1458;212;3,78;26
94d4bd17-2308;La Esencia de el Sol Negro;Elara Crowley;Botánica Arcana;1715;1497;2,55;29
e2b64160-550b;La Esencia de la Quintaesencia;Seraphine Grimoire;Transmutación Metálica;1561;972;3,55;42
a6365b9f-8048;La Esencia de la Transmutación Infinitas;Thalric Sterling;Transmutación Metálica;1880;534;2,07;40
2d534de7-11b8;Códice de las Almas de Plomo;Morgana Sterling;Filosofía Prohibida;1945;441;4,79;45
237c8656-a5c0;Vórtice de las Almas de Plomo;Morgana Flamel;Historia de la Piedra;1619;1039;4,61;0
27aff76a-3a9c;El Aliento de el Sol Negro;Caspian Vance;Historia de la Piedra;1404;997;1,39;35
8b76dd02-fbd4;Tratado de las Almas de Plomo;Elara Nightshade;Transmutación Metálica;1522;445;4,2;13
24810b4c-6e91;Vórtice de el Azufre Sagrado;Isolde Nightshade;Alquimia Teórica;1532;365;1,63;41
97921e19-c865;Espejos de el Azufre Sagrado;Caspian Nightshade;Alquimia Teórica;1235;276;1,88;22
dc2f4199-c521;Vórtice de la Transmutación Infinitas;Isolde Crowley;Filosofía Prohibida;1172;1345;3,31;10
8d50a18e-f871;Espejos de la Transmutación Infinitas;Seraphine Nightshade;Historia de la Piedra;1399;307;3,51;43
89f13d82-d43f;Sombras sobre el Mercurio Rojo;Thalric Grimoire;Transmutación Metálica;1270;959;2,4;49
40ee2695-a45b;La Esencia de el Mercurio Rojo;Seraphine Nightshade;Alquimia Teórica;1361;877;4,12;18
3202b076-3cf5;El Enigma de la Quintaesencia;Aurelius Nightshade;Transmutación Metálica;1719;1211;2,26;33
ee3b50b7-f35c;El Aliento de el Sol Negro;Aurelius Grimoire;Historia de la Piedra;1735;611;4,34;25
ea1f57fc-42a7;Espejos de el Azufre Sagrado;Morgana Grimoire;Historia de la Piedra;1759;157;3,63;43
1a5a4af8-391d;Tratado de el Azufre Sagrado;Morgana Sterling;Transmutación Metálica;1194;412;3,93;9
c03c7b07-8d0f;La Esencia de la Transmutación Infinitas;Elara Crowley;Filosofía Prohibida;1112;651;2,28;23
2487ded5-246c;El Enigma de el Azufre Sagrado;Morgana Nightshade;Transmutación Metálica;1222;659;3,8;17
a0083025-0329;El Enigma de el Azufre Sagrado;Thalric Crowley;Alquimia Teórica;1512;1015;3,47;6
a402455b-7fb3;La Esencia de la Quintaesencia;Elara Blackwood;Historia de la Piedra;1217;1202;3,93;48
c4e3fb7d-3218;Tratado de la Transmutación Infinitas;Balthazar Sterling;Filosofía Prohibida;1839;1463;3,26;27
64b1daba-6822;El Enigma de el Azufre Sagrado;Caspian Nightshade;Botánica Arcana;1842;149;1,67;26
24527e3e-8f17;Sombras sobre la Quintaesencia;Isolde Vance;Transmutación Metálica;1140;377;2,12;2
527ab652-52fc;Tratado de la Transmutación Infinitas;Thalric Nightshade;Filosofía Prohibida;1488;375;3,23;0
ea1c935a-eb1f;Códice de las Almas de Plomo;Morgana Grimoire;Transmutación Metálica;1737;332;3,46;39
97f1d54f-5a42;El Aliento de el Azufre Sagrado;Isolde Flamel;Filosofía Prohibida;1814;887;4,92;10
661b55ef-a393;Espejos de el Mercurio Rojo;Elara Blackwood;Alquimia Teórica;1403;940;4,69;16
f123f4a7-6327;Vórtice de la Quintaesencia;Thalric Sterling;Transmutación Metálica;1608;1012;1,63;2
776cfc84-8919;El Enigma de el Sol Negro;Caspian Blackwood;Botánica Arcana;1312;1339;3,24;20
bde3c216-4b3c;La Esencia de el Sol Negro;Balthazar Flamel;Alquimia Teórica;1383;325;2,11;47
d0e0965d-9c86;Vórtice de la Quintaesencia;Caspian Flamel;Botánica Arcana;1272;320;2,08;37
3547122b-f1ea;Códice de el Azufre Sagrado;Elara Sterling;Historia de la Piedra;1398;756;1,18;49
95983c4c-790c;Códice de el Azufre Sagrado;Seraphine Blackwood;Historia de la Piedra;1403;991;3,34;44
6466516a-8bc3;Vórtice de el Azufre Sagrado;Elara Flamel;Alquimia Teórica;1953;877;1,53;3
54e584c7-3a42;El Enigma de el Mercurio Rojo;Aurelius Sterling;Botánica Arcana;1516;95;4,35;17
3b970888-260e;El Enigma de las Almas de Plomo;Isolde Crowley;Botánica Arcana;1224;1061;2,38;19
d5399a36-58ba;Sombras sobre la Quintaesencia;Aurelius Sterling;Historia de la Piedra;1922;1175;3,31;41
5db86fc8-01e7;Espejos de el Mercurio Rojo;Thalric Vance;Alquimia Teórica;1963;1198;1,66;6
03e6021e-9676;El Aliento de el Mercurio Rojo;Isolde Blackwood;Historia de la Piedra;2016;671;2,14;6
ac7308a5-64e0;Vórtice de el Sol Negro;Thalric Vance;Filosofía Prohibida;1534;432;4,01;26
ad7122f1-6d37;Vórtice de el Azufre Sagrado;Aurelius Blackwood;Transmutación Metálica;1775;733;3,18;12
cb7d243a-63c0;Sombras sobre el Mercurio Rojo;Thalric Nightshade;Filosofía Prohibida;1330;408;2,08;37
d35b7de0-bbf2;El Aliento de el Azufre Sagrado;Elara Vance;Alquimia Teórica;1908;325;2,62;8
f3f2f631-31a2;El Enigma de el Azufre Sagrado;Isolde Nightshade;Alquimia Teórica;1426;1217;3,4;29
8a5602ca-ab2e;Vórtice de el Azufre Sagrado;Morgana Flamel;Filosofía Prohibida;1900;480;4,23;18
5c20ac1b-0b68;El Aliento de las Almas de Plomo;Elara Nightshade;Filosofía Prohibida;1230;1068;1,97;41
c870db20-3793;Sombras sobre las Almas de Plomo;Thalric Sterling;Historia de la Piedra;1248;1132;2,34;2
4136ce25-2d8a;Sombras sobre la Transmutación Infinitas;Seraphine Flamel;Filosofía Prohibida;1397;1001;2,86;49
cacc294e-7a5a;El Enigma de el Sol Negro;Caspian Vance;Alquimia Teórica;1524;625;3,18;20
301d0c0c-3750;El Enigma de el Azufre Sagrado;Thalric Nightshade;Filosofía Prohibida;1529;239;4,77;5
65d677ea-6c39;Sombras sobre el Sol Negro;Aurelius Flamel;Alquimia Teórica;1264;235;4,27;14
5804d5ef-4ce7;El Aliento de el Mercurio Rojo;Morgana Sterling;Transmutación Metálica;1466;304;1,07;20
828730c4-f92b;La Esencia de el Sol Negro;Seraphine Vance;Alquimia Teórica;1689;1235;3,72;50
852cbbf5-d215;Sombras sobre la Transmutación Infinitas;Aurelius Vance;Historia de la Piedra;1296;513;4,64;25
ad89110f-1844;Códice de el Mercurio Rojo;Thalric Sterling;Transmutación Metálica;1892;1451;3,49;41
7cd4802f-6af5;Tratado de el Sol Negro;Seraphine Sterling;Alquimia Teórica;1936;292;3,62;25
a77d7f5c-aebd;Tratado de la Quintaesencia;Morgana Grimoire;Historia de la Piedra;1228;1113;2,62;35
b84417ec-02e8;Sombras sobre la Transmutación Infinitas;Morgana Crowley;Historia de la Piedra;1557;937;1,35;13
0c52712f-f8d8;Vórtice de la Transmutación Infinitas;Morgana Flamel;Filosofía Prohibida;1954;1127;1,83;32
f4733533-3790;Vórtice de el Azufre Sagrado;Isolde Flamel;Transmutación Metálica;2017;1310;4,92;37
b0d06636-4f41;Tratado de la Transmutación Infinitas;Seraphine Grimoire;Alquimia Teórica;1199;935;1,59;34
dab70d2c-c4d0;Tratado de el Azufre Sagrado;Seraphine Nightshade;Transmutación Metálica;1498;630;3,14;15
128407ef-4fc9;Códice de la Transmutación Infinitas;Caspian Blackwood;Filosofía Prohibida;1266;1117;2,6;33
c2389eab-c315;El Enigma de el Mercurio Rojo;Elara Crowley;Botánica Arcana;1242;424;1,39;5
2da84d2b-6963;El Enigma de la Quintaesencia;Seraphine Nightshade;Transmutación Metálica;1802;878;2;34
ccb6d7ca-7b89;Espejos de el Sol Negro;Thalric Vance;Filosofía Prohibida;1495;561;2,3;2
d6826c42-e770;La Esencia de el Mercurio Rojo;Seraphine Vance;Botánica Arcana;1425;781;3,76;47
893ee453-36b1;Espejos de el Mercurio Rojo;Balthazar Sterling;Transmutación Metálica;1399;593;1,6;28
a66347ed-f3fa;El Aliento de el Mercurio Rojo;Aurelius Sterling;Transmutación Metálica;1637;401;4,44;24
42f18b3f-c163;Vórtice de la Quintaesencia;Seraphine Vance;Botánica Arcana;1181;1340;3,55;12
7579b0c8-7ba3;Tratado de el Sol Negro;Elara Grimoire;Transmutación Metálica;1836;783;4,11;11
aba56a5b-5223;Códice de la Quintaesencia;Caspian Grimoire;Botánica Arcana;1736;784;2,6;15
98b160e6-72f2;Sombras sobre la Quintaesencia;Isolde Nightshade;Transmutación Metálica;1184;770;4,58;20
2eab6380-8a87;Tratado de las Almas de Plomo;Morgana Nightshade;Botánica Arcana;1287;1433;4,23;36
7453a515-3258;Espejos de la Transmutación Infinitas;Balthazar Crowley;Botánica Arcana;1682;819;1,39;15
2ae342f0-ca16;El Aliento de el Mercurio Rojo;Aurelius Blackwood;Botánica Arcana;1433;510;3,25;26
e58986db-e6d8;El Enigma de la Transmutación Infinitas;Caspian Sterling;Alquimia Teórica;1322;478;1,49;50
9350520f-abb4;Sombras sobre el Mercurio Rojo;Aurelius Nightshade;Botánica Arcana;1789;1098;4,53;8
5ded055d-47f9;La Esencia de el Azufre Sagrado;Thalric Nightshade;Filosofía Prohibida;1421;1045;1,89;33
8e83bf92-aa8f;Espejos de las Almas de Plomo;Caspian Flamel;Transmutación Metálica;1945;697;3,83;35
68c74e4a-e0a4;La Esencia de el Azufre Sagrado;Seraphine Sterling;Alquimia Teórica;1197;130;4,02;11
b5b265e8-37a7;Vórtice de el Azufre Sagrado;Isolde Flamel;Historia de la Piedra;1748;338;2,52;24
7845a1c2-3fe7;Espejos de el Sol Negro;Isolde Vance;Alquimia Teórica;1123;697;2,44;20
d371e4ce-5c16;Vórtice de el Sol Negro;Aurelius Flamel;Historia de la Piedra;1320;628;2,17;44
7460a5ac-a765;Tratado de la Transmutación Infinitas;Balthazar Grimoire;Alquimia Teórica;1598;312;4,09;26
a575398e-221c;El Aliento de el Sol Negro;Isolde Grimoire;Alquimia Teórica;1484;1451;2,76;22
8087acff-c23e;Vórtice de las Almas de Plomo;Aurelius Sterling;Filosofía Prohibida;1278;461;1,86;36
21bae072-5b6a;El Aliento de el Sol Negro;Caspian Blackwood;Filosofía Prohibida;1297;1087;1,35;34
8b625d36-0852;Sombras sobre las Almas de Plomo;Seraphine Sterling;Transmutación Metálica;1436;456;4,07;19
699917b4-bf03;Vórtice de las Almas de Plomo;Aurelius Grimoire;Botánica Arcana;1614;1183;3,92;17
95ea2c65-53dd;Vórtice de la Transmutación Infinitas;Morgana Crowley;Filosofía Prohibida;1151;791;1,46;47
862496b4-58ad;Vórtice de el Mercurio Rojo;Morgana Vance;Alquimia Teórica;1975;516;3,76;5
bbdc346b-a6c7;El Aliento de el Mercurio Rojo;Morgana Grimoire;Historia de la Piedra;1779;1218;1,96;34
c8d2ac85-1ca8;La Esencia de las Almas de Plomo;Isolde Crowley;Historia de la Piedra;1779;1496;3,42;29
64e43562-c29e;Sombras sobre las Almas de Plomo;Aurelius Blackwood;Historia de la Piedra;1352;499;1,81;22
44d18f46-f427;La Esencia de la Quintaesencia;Morgana Sterling;Historia de la Piedra;1313;169;2,82;19
e1e5b17a-2363;La Esencia de el Mercurio Rojo;Elara Vance;Filosofía Prohibida;1245;1128;4,24;39
827bf716-0f34;Tratado de el Azufre Sagrado;Isolde Flamel;Alquimia Teórica;1567;1065;2,67;37
cdec17af-6a8f;El Aliento de la Quintaesencia;Aurelius Grimoire;Filosofía Prohibida;1572;1126;1,94;0
32751e14-0371;Códice de el Mercurio Rojo;Elara Nightshade;Transmutación Metálica;1858;392;1,52;48
8f5db756-d3d8;La Esencia de el Mercurio Rojo;Aurelius Flamel;Alquimia Teórica;1425;606;1,13;18
629daa94-ef05;Códice de la Quintaesencia;Elara Blackwood;Historia de la Piedra;1503;823;1,56;37
e5db729c-d66f;El Aliento de las Almas de Plomo;Elara Grimoire;Botánica Arcana;1421;85;3,93;36
bda65abf-3861;Espejos de el Mercurio Rojo;Aurelius Vance;Filosofía Prohibida;1341;272;4,26;7
9030de50-1557;El Enigma de la Quintaesencia;Elara Flamel;Alquimia Teórica;1243;1328;1,46;48
be2dc09e-8e1d;Vórtice de el Azufre Sagrado;Isolde Sterling;Transmutación Metálica;1142;103;4,24;33
d015ea5f-891d;El Aliento de las Almas de Plomo;Elara Blackwood;Botánica Arcana;1720;1163;2,77;35
8e70e9f0-0171;La Esencia de el Sol Negro;Aurelius Grimoire;Transmutación Metálica;1157;908;4,04;43
2077b3b0-12b6;Vórtice de el Sol Negro;Aurelius Crowley;Alquimia Teórica;1220;427;2,02;47
b28bc153-9194;Códice de el Azufre Sagrado;Aurelius Sterling;Transmutación Metálica;1937;303;4,91;13
1894cf7e-0adb;Sombras sobre las Almas de Plomo;Morgana Nightshade;Transmutación Metálica;1590;1097;2,56;25
27f8a538-7dff;El Enigma de la Transmutación Infinitas;Seraphine Crowley;Transmutación Metálica;1144;321;4,79;22
7a7a4081-6fbb;Tratado de las Almas de Plomo;Balthazar Crowley;Filosofía Prohibida;1985;1424;2,38;25
9c3fcfbb-bf52;Sombras sobre la Transmutación Infinitas;Seraphine Flamel;Historia de la Piedra;1457;304;4,68;37
3b3b8e0d-6fe6;El Enigma de las Almas de Plomo;Morgana Grimoire;Botánica Arcana;1990;491;4,65;25
1c70de1a-640a;Vórtice de el Mercurio Rojo;Thalric Grimoire;Alquimia Teórica;1766;519;1,84;26
0ae28313-9b16;Espejos de el Mercurio Rojo;Caspian Blackwood;Filosofía Prohibida;1739;1187;3,94;17
2aecd29a-2f10;Tratado de la Transmutación Infinitas;Morgana Grimoire;Alquimia Teórica;1927;128;3,01;46
8e3116d3-2b13;El Enigma de la Quintaesencia;Elara Sterling;Historia de la Piedra;1270;832;1,13;28
8d9f7c38-00cb;Vórtice de el Mercurio Rojo;Thalric Flamel;Filosofía Prohibida;1838;167;3,52;36
3158ab01-2791;Códice de el Mercurio Rojo;Elara Flamel;Filosofía Prohibida;1967;317;4,39;39
a64de18d-b9ea;Códice de la Quintaesencia;Isolde Sterling;Botánica Arcana;2009;688;3,1;13
5d4a2610-118c;Códice de el Sol Negro;Caspian Blackwood;Botánica Arcana;1783;326;2,47;10
2250ac25-2dcd;La Esencia de la Quintaesencia;Seraphine Flamel;Filosofía Prohibida;1487;924;2,73;28
561ef583-f224;El Enigma de la Quintaesencia;Isolde Crowley;Filosofía Prohibida;1391;1402;3,67;1
519d3296-970a;Vórtice de las Almas de Plomo;Balthazar Flamel;Alquimia Teórica;1821;1478;4,03;16
9ea7aca5-7de7;El Aliento de el Sol Negro;Seraphine Flamel;Historia de la Piedra;1900;467;2,41;22
4c58a42f-86d4;El Aliento de las Almas de Plomo;Morgana Crowley;Historia de la Piedra;1812;815;2,98;12
ab334f07-e750;El Enigma de el Azufre Sagrado;Caspian Flamel;Historia de la Piedra;1651;1397;1,5;39
3ba8687d-daf0;Tratado de la Transmutación Infinitas;Seraphine Nightshade;Filosofía Prohibida;1293;1190;2,04;46
92bc5d59-3668;El Aliento de la Quintaesencia;Elara Sterling;Alquimia Teórica;1127;888;1,5;48
95af1ce1-b72e;Vórtice de el Sol Negro;Elara Nightshade;Botánica Arcana;1394;542;3,13;19
a3b1ae39-d5b7;Tratado de la Quintaesencia;Seraphine Vance;Historia de la Piedra;1464;1309;1,93;13
10883bdb-aa5f;El Aliento de la Quintaesencia;Aurelius Blackwood;Transmutación Metálica;1382;793;1,98;41
231c249d-0f8a;Espejos de las Almas de Plomo;Isolde Grimoire;Botánica Arcana;1317;270;4,51;2
1ba8ae6d-a800;Tratado de el Sol Negro;Seraphine Flamel;Alquimia Teórica;1933;1460;2,72;16
8e55d555-a791;El Enigma de la Transmutación Infinitas;Thalric Blackwood;Botánica Arcana;1291;1045;3,9;42
a4cfa78c-e7a2;El Aliento de la Transmutación Infinitas;Aurelius Blackwood;Botánica Arcana;2022;89;1,61;29
db5382c3-94f0;Tratado de el Sol Negro;Seraphine Grimoire;Botánica Arcana;1429;805;4,19;14
1c4ba82f-0c0a;Tratado de el Sol Negro;Isolde Vance;Alquimia Teórica;1442;1480;1,65;48
297dfd7b-a2ba;Vórtice de las Almas de Plomo;Thalric Flamel;Alquimia Teórica;1425;141;1,25;17
265ce11f-3b40;La Esencia de la Transmutación Infinitas;Elara Vance;Transmutación Metálica;1579;290;4,07;12
e170eec8-8f9c;La Esencia de la Quintaesencia;Thalric Grimoire;Filosofía Prohibida;1432;733;2,83;46
33b7a178-39a9;Códice de el Mercurio Rojo;Morgana Flamel;Historia de la Piedra;1960;1100;3,95;2
3999c3c0-718d;Sombras sobre el Mercurio Rojo;Caspian Grimoire;Historia de la Piedra;1389;416;1,62;47
c4974154-ba36;Tratado de la Transmutación Infinitas;Caspian Grimoire;Alquimia Teórica;1585;1346;3,55;38
f62e053d-fc67;El Aliento de la Transmutación Infinitas;Thalric Grimoire;Transmutación Metálica;1992;505;1,33;41
92fb3299-d2f6;La Esencia de el Sol Negro;Isolde Sterling;Alquimia Teórica;1925;1005;2,98;11
429637ff-1cb4;Tratado de el Sol Negro;Caspian Grimoire;Botánica Arcana;1633;956;4,36;28
a1b97c38-8b2e;Tratado de el Mercurio Rojo;Elara Crowley;Botánica Arcana;1375;470;1,27;23
9364e8ee-28d3;El Aliento de el Sol Negro;Aurelius Crowley;Filosofía Prohibida;1201;199;3,02;6
241fe858-02e6;La Esencia de la Transmutación Infinitas;Isolde Vance;Alquimia Teórica;1516;1159;2,11;12
2e67bfc8-2d1c;El Aliento de las Almas de Plomo;Seraphine Crowley;Historia de la Piedra;2022;153;1,69;35
0a2fcbde-8513;Sombras sobre el Sol Negro;Thalric Nightshade;Filosofía Prohibida;1214;1311;1,7;18
1a22dadb-997c;Sombras sobre la Transmutación Infinitas;Thalric Flamel;Alquimia Teórica;1300;508;3,06;31
bde500b3-66bd;La Esencia de el Sol Negro;Thalric Nightshade;Filosofía Prohibida;1263;301;3,27;21
51f02b36-be55;Vórtice de las Almas de Plomo;Isolde Blackwood;Historia de la Piedra;1302;281;2,39;23
9b4233e5-7603;Códice de la Transmutación Infinitas;Caspian Vance;Alquimia Teórica;1550;1484;3,96;15
959fb73d-edfc;Vórtice de la Quintaesencia;Isolde Sterling;Transmutación Metálica;1168;847;4,98;18
1ef27a09-652c;Sombras sobre la Quintaesencia;Balthazar Blackwood;Historia de la Piedra;1289;1147;3,78;31
b12832d8-ad3d;Vórtice de la Quintaesencia;Seraphine Flamel;Transmutación Metálica;1549;972;2,3;4
e7b1fd38-cd0d;Vórtice de el Azufre Sagrado;Morgana Blackwood;Historia de la Piedra;1483;277;2,81;47
cbbee71c-cd0c;El Enigma de el Sol Negro;Elara Flamel;Transmutación Metálica;1640;1348;1,86;4
fb3ce880-ff32;Sombras sobre la Transmutación Infinitas;Balthazar Blackwood;Filosofía Prohibida;1157;816;1,59;6
dc8e0cd6-e260;Sombras sobre la Transmutación Infinitas;Morgana Flamel;Historia de la Piedra;1620;741;4,74;46
632dbb27-9af0;La Esencia de las Almas de Plomo;Seraphine Vance;Historia de la Piedra;1905;315;4,41;10
e73209ca-a8dc;Sombras sobre el Sol Negro;Balthazar Crowley;Botánica Arcana;1351;1323;1,13;5
97f6eb15-515f;El Enigma de la Transmutación Infinitas;Thalric Nightshade;Alquimia Teórica;1661;130;1,19;49
98877ebf-d3db;El Enigma de el Mercurio Rojo;Aurelius Flamel;Transmutación Metálica;1391;433;1,39;41
51fbedfa-6fbb;El Enigma de el Mercurio Rojo;Morgana Blackwood;Historia de la Piedra;1716;852;4,22;26
77be9569-f9ec;El Aliento de el Sol Negro;Seraphine Sterling;Transmutación Metálica;1663;622;2,37;34
e36d0adf-7879;La Esencia de el Azufre Sagrado;Morgana Vance;Historia de la Piedra;1929;1087;1,51;5
e5fcac7d-2293;El Aliento de el Sol Negro;Caspian Vance;Transmutación Metálica;1148;851;1,96;50
7d301435-27ba;Códice de el Mercurio Rojo;Isolde Blackwood;Transmutación Metálica;1428;971;3,22;9
316e1417-42f5;Tratado de la Quintaesencia;Thalric Sterling;Filosofía Prohibida;1740;1146;1,12;12
7d722a6a-29e3;Vórtice de el Sol Negro;Morgana Nightshade;Botánica Arcana;1451;1263;1,67;3
b29211cc-f649;El Aliento de la Transmutación Infinitas;Caspian Grimoire;Filosofía Prohibida;1288;582;2,71;1
1aff50e1-4082;Sombras sobre el Mercurio Rojo;Thalric Sterling;Alquimia Teórica;1756;548;4,82;7
fbb979b1-7b62;Espejos de el Azufre Sagrado;Isolde Vance;Transmutación Metálica;1595;740;1,84;37
17ecb657-0cc2;La Esencia de las Almas de Plomo;Morgana Vance;Filosofía Prohibida;1897;1454;4,7;15
35e3e002-8600;Sombras sobre la Transmutación Infinitas;Seraphine Sterling;Alquimia Teórica;1647;252;1,03;34
eee1a1ba-72eb;El Aliento de el Mercurio Rojo;Elara Grimoire;Transmutación Metálica;1409;1423;4,41;23
3fcedb8a-34cd;Vórtice de el Azufre Sagrado;Elara Grimoire;Alquimia Teórica;1228;1079;1,83;32
59bcd403-4b94;El Enigma de el Mercurio Rojo;Aurelius Vance;Transmutación Metálica;1924;839;1,64;6
ab76e981-54b0;La Esencia de el Mercurio Rojo;Thalric Nightshade;Historia de la Piedra;1997;1421;4,65;35
be98fd25-ee00;Espejos de el Azufre Sagrado;Seraphine Flamel;Filosofía Prohibida;1174;170;4,58;50
6b3478b1-88ea;Sombras sobre el Azufre Sagrado;Aurelius Vance;Botánica Arcana;1569;206;1,06;20
0e042acb-fa97;La Esencia de la Transmutación Infinitas;Isolde Crowley;Alquimia Teórica;1571;1266;4,05;47
ca87c5dd-1cde;La Esencia de el Azufre Sagrado;Aurelius Vance;Botánica Arcana;1821;577;4,97;1
4c3f3d06-5e55;El Aliento de el Azufre Sagrado;Caspian Vance;Transmutación Metálica;1158;554;2,58;46
73251409-fd64;Espejos de la Transmutación Infinitas;Thalric Sterling;Botánica Arcana;1276;387;1,38;47
447e8e45-4674;Tratado de las Almas de Plomo;Caspian Nightshade;Transmutación Metálica;1312;188;3,73;49
51ca7d33-6991;Sombras sobre el Sol Negro;Seraphine Nightshade;Historia de la Piedra;1481;1452;2,34;7
c3995906-3c63;El Aliento de el Azufre Sagrado;Isolde Flamel;Filosofía Prohibida;1311;1264;2,93;2
3611a2a9-0b67;El Enigma de las Almas de Plomo;Elara Grimoire;Botánica Arcana;1562;118;2,38;10
306dc177-437f;Tratado de las Almas de Plomo;Isolde Vance;Filosofía Prohibida;2010;978;1,31;26
59730980-86cc;El Enigma de el Mercurio Rojo;Seraphine Flamel;Botánica Arcana;1463;1158;3,86;42
8d09cd27-34cc;El Aliento de la Quintaesencia;Elara Blackwood;Filosofía Prohibida;1710;960;1,9;34
9b1163b0-f53f;Códice de el Mercurio Rojo;Isolde Flamel;Historia de la Piedra;1525;511;4,23;12
1323eb2f-efeb;Códice de las Almas de Plomo;Thalric Sterling;Transmutación Metálica;1743;214;1,74;31
f616e816-6119;La Esencia de el Mercurio Rojo;Aurelius Sterling;Historia de la Piedra;1681;84;3,61;36
9a2f9830-a68c;El Enigma de el Azufre Sagrado;Seraphine Flamel;Botánica Arcana;1850;334;1,91;2
72dc6056-aa1b;El Enigma de la Transmutación Infinitas;Caspian Vance;Botánica Arcana;1615;714;4,59;5
6190c41e-b992;El Aliento de el Azufre Sagrado;Seraphine Crowley;Alquimia Teórica;1396;858;4,34;45
765e3991-437b;La Esencia de la Quintaesencia;Elara Grimoire;Filosofía Prohibida;1246;719;1,44;9
18bea1e5-26f4;La Esencia de las Almas de Plomo;Morgana Crowley;Filosofía Prohibida;1402;1497;2,27;19
b9577da8-ddc9;La Esencia de el Azufre Sagrado;Seraphine Blackwood;Filosofía Prohibida;1484;1484;1,3;44
d3721fe6-1097;El Aliento de la Quintaesencia;Aurelius Vance;Historia de la Piedra;1130;354;2,12;7
66e1352f-c7a8;Sombras sobre el Azufre Sagrado;Isolde Vance;Botánica Arcana;1809;491;4,29;32
fea55370-4672;Tratado de la Quintaesencia;Morgana Sterling;Alquimia Teórica;1327;1053;1,73;30
d6257d99-061e;El Enigma de el Sol Negro;Caspian Nightshade;Botánica Arcana;1461;386;3,85;14
7c17b073-0ee1;El Aliento de la Transmutación Infinitas;Seraphine Blackwood;Botánica Arcana;1805;536;1,55;49
7798e0d0-0e51;La Esencia de la Quintaesencia;Isolde Vance;Filosofía Prohibida;1898;234;3,1;9
ed9928f3-8c30;Sombras sobre la Quintaesencia;Isolde Sterling;Alquimia Teórica;2026;989;1,73;8
7743cf91-d888;Vórtice de la Quintaesencia;Elara Nightshade;Historia de la Piedra;1373;1237;1,42;11
68281c83-6f2f;La Esencia de la Quintaesencia;Elara Vance;Historia de la Piedra;1105;1191;2,22;10
e80cb220-8009;Tratado de la Quintaesencia;Thalric Sterling;Historia de la Piedra;1962;290;2,64;44
af39ee93-25b5;El Enigma de el Mercurio Rojo;Caspian Vance;Transmutación Metálica;1762;1374;4,11;14
982e7fa8-c1ba;Espejos de el Azufre Sagrado;Aurelius Sterling;Transmutación Metálica;1839;1004;2,76;2
fe7233ae-48cb;El Aliento de el Azufre Sagrado;Isolde Blackwood;Alquimia Teórica;1644;502;4,96;9
d495414e-6413;Espejos de el Azufre Sagrado;Caspian Blackwood;Filosofía Prohibida;1830;273;4,6;5
84b2d5b3-94c3;Espejos de la Quintaesencia;Seraphine Nightshade;Botánica Arcana;1580;1302;1,96;21
28ddaec5-aec0;Códice de el Azufre Sagrado;Thalric Vance;Transmutación Metálica;1411;151;3,41;6
f7f019e3-67e4;Tratado de las Almas de Plomo;Seraphine Nightshade;Filosofía Prohibida;1325;974;2,8;37
6282429b-6bdb;El Aliento de las Almas de Plomo;Thalric Flamel;Historia de la Piedra;1866;122;4,37;39
24e18f34-dde1;Espejos de el Azufre Sagrado;Thalric Nightshade;Historia de la Piedra;1935;342;2,12;36
aa563857-503c;Espejos de las Almas de Plomo;Thalric Flamel;Transmutación Metálica;1927;1110;2,16;0
81ee96d8-78d8;El Enigma de el Mercurio Rojo;Seraphine Crowley;Historia de la Piedra;1843;1371;4,93;37
6b24c430-5efd;Tratado de la Transmutación Infinitas;Balthazar Blackwood;Botánica Arcana;1857;194;4,95;43
37956b46-3770;Vórtice de el Azufre Sagrado;Aurelius Nightshade;Transmutación Metálica;1245;384;2,04;29
11620f14-c6ec;Tratado de la Transmutación Infinitas;Caspian Blackwood;Filosofía Prohibida;1221;1102;3,09;9
8403e403-a7ea;El Aliento de el Azufre Sagrado;Morgana Vance;Alquimia Teórica;1646;892;2,02;0
ad3502bc-7b2c;Sombras sobre la Quintaesencia;Caspian Sterling;Botánica Arcana;1219;1481;4,93;8
9c3ce313-eeda;Sombras sobre las Almas de Plomo;Thalric Nightshade;Transmutación Metálica;1683;1047;3,01;21
973ad205-65b6;Sombras sobre la Transmutación Infinitas;Thalric Crowley;Alquimia Teórica;1562;644;1,12;22
c837d6d0-440a;Códice de el Sol Negro;Aurelius Crowley;Alquimia Teórica;1268;1154;4,32;7
5bf4f706-b66d;El Enigma de la Quintaesencia;Isolde Grimoire;Alquimia Teórica;1115;398;1,31;29
33a2dade-bbd2;Tratado de las Almas de Plomo;Elara Blackwood;Historia de la Piedra;1248;461;3,16;50
02002800-1fc9;La Esencia de la Quintaesencia;Isolde Blackwood;Alquimia Teórica;1365;146;4,78;49
5f793c47-5b95;Espejos de la Transmutación Infinitas;Thalric Blackwood;Alquimia Teórica;1937;1060;2,45;8
d08b8a4a-bedb;El Aliento de el Azufre Sagrado;Caspian Nightshade;Botánica Arcana;1300;480;4,56;24
f79a6319-072e;Espejos de la Quintaesencia;Morgana Vance;Botánica Arcana;1110;970;2,28;27
c4c3c6d5-4656;Espejos de el Azufre Sagrado;Aurelius Grimoire;Filosofía Prohibida;1470;1214;3,71;20
ffe29feb-02c8;La Esencia de la Transmutación Infinitas;Morgana Crowley;Botánica Arcana;1180;886;2,29;15
a59b801a-edcc;El Aliento de las Almas de Plomo;Morgana Vance;Botánica Arcana;1522;601;2,98;23
03abf3b6-c425;Códice de el Sol Negro;Aurelius Nightshade;Transmutación Metálica;1234;88;1,66;35
1b36ca20-db73;Códice de el Mercurio Rojo;Morgana Grimoire;Transmutación Metálica;1280;258;1,41;36
abeaafd0-8352;Sombras sobre el Azufre Sagrado;Seraphine Sterling;Alquimia Teórica;1576;479;4,67;3
750c16eb-daba;Espejos de el Azufre Sagrado;Aurelius Blackwood;Alquimia Teórica;1170;1474;2,21;47
c7d8fd6a-20ee;El Aliento de el Sol Negro;Thalric Crowley;Botánica Arcana;1163;922;4,15;5
107cbee8-2c50;Códice de el Mercurio Rojo;Balthazar Grimoire;Botánica Arcana;1357;874;1,44;36
28a06bb3-c13e;El Enigma de la Quintaesencia;Thalric Flamel;Historia de la Piedra;1515;179;1,99;21
e9a22cc7-c118;La Esencia de el Azufre Sagrado;Balthazar Blackwood;Botánica Arcana;1190;1229;3,71;47
3baa43c5-b680;Vórtice de la Quintaesencia;Aurelius Crowley;Filosofía Prohibida;1239;956;4,21;13
97e402fa-23b4;La Esencia de la Quintaesencia;Thalric Flamel;Alquimia Teórica;1677;1076;1,75;34
3f7ca411-6ada;Espejos de la Quintaesencia;Aurelius Blackwood;Alquimia Teórica;1279;1167;2,83;49
17b076c9-825a;La Esencia de el Azufre Sagrado;Balthazar Crowley;Historia de la Piedra;1237;1209;3,2;26
9743ff3b-c831;El Enigma de el Mercurio Rojo;Balthazar Vance;Filosofía Prohibida;1297;460;3,91;17
b67411a7-b613;Sombras sobre la Transmutación Infinitas;Thalric Nightshade;Historia de la Piedra;1561;919;3,51;33
a04dbea2-1e4f;Espejos de el Sol Negro;Aurelius Nightshade;Alquimia Teórica;1314;802;3,2;12
825fc3e2-a276;Códice de el Sol Negro;Seraphine Crowley;Historia de la Piedra;1148;637;4,21;19
3b45f2b8-a36b;La Esencia de el Sol Negro;Morgana Flamel;Alquimia Teórica;1182;973;1,07;25
4f9fe1a4-e2d4;La Esencia de las Almas de Plomo;Balthazar Vance;Historia de la Piedra;1334;160;3,69;26
3fffb062-be3a;Códice de el Sol Negro;Aurelius Crowley;Filosofía Prohibida;2019;1176;4;43
30604be4-1c4c;La Esencia de el Azufre Sagrado;Thalric Blackwood;Alquimia Teórica;1876;1206;2,74;12
5baa1710-81b3;El Aliento de las Almas de Plomo;Morgana Flamel;Alquimia Teórica;1589;1466;2,74;21
e92c75e1-0e9b;La Esencia de la Quintaesencia;Aurelius Sterling;Alquimia Teórica;1474;680;1,43;37
07022ced-4823;Espejos de la Quintaesencia;Morgana Grimoire;Botánica Arcana;1609;1150;3,36;49
e245920d-e03f;Tratado de el Azufre Sagrado;Balthazar Grimoire;Filosofía Prohibida;2016;135;2,58;5
e3a37803-6acc;Sombras sobre el Mercurio Rojo;Elara Grimoire;Historia de la Piedra;1396;1236;2,46;42
4e54aa9f-0b6b;Sombras sobre las Almas de Plomo;Caspian Vance;Filosofía Prohibida;1659;680;1,37;29
89d7af2d-bb96;El Aliento de la Quintaesencia;Balthazar Crowley;Alquimia Teórica;1547;478;1,36;49
5466f815-e2ac;Tratado de las Almas de Plomo;Morgana Crowley;Transmutación Metálica;1547;384;1,09;45
d86f7bf2-9894;Códice de la Quintaesencia;Elara Nightshade;Filosofía Prohibida;1464;598;1,43;11
8a2d9cb6-24f7;Espejos de la Quintaesencia;Aurelius Flamel;Filosofía Prohibida;1658;669;2,88;15
0b226f53-9b8d;Vórtice de el Azufre Sagrado;Thalric Grimoire;Historia de la Piedra;1956;1455;3,9;6
ba7bd4e9-16c6;El Enigma de el Azufre Sagrado;Isolde Nightshade;Botánica Arcana;1371;731;1,74;8
2c579903-169d;Códice de la Transmutación Infinitas;Balthazar Flamel;Alquimia Teórica;1513;592;2,03;31
9da2be0e-eb9c;Vórtice de las Almas de Plomo;Balthazar Grimoire;Historia de la Piedra;1221;1019;2,94;22
5fc2969f-1625;La Esencia de las Almas de Plomo;Morgana Nightshade;Transmutación Metálica;1844;341;4,38;41
d89f4683-2a65;El Aliento de la Quintaesencia;Morgana Vance;Alquimia Teórica;2010;349;2,2;17
95745a71-2b55;Códice de la Transmutación Infinitas;Elara Nightshade;Alquimia Teórica;1581;314;2;28
89c3ad10-6a3b;La Esencia de la Transmutación Infinitas;Aurelius Blackwood;Botánica Arcana;1408;1486;1,76;25
327b719b-337f;Espejos de las Almas de Plomo;Isolde Crowley;Transmutación Metálica;1264;827;2,05;48
95055c30-c0a1;Códice de la Transmutación Infinitas;Seraphine Crowley;Transmutación Metálica;1369;1309;4,43;3
bc5d93fd-637b;La Esencia de la Transmutación Infinitas;Morgana Nightshade;Transmutación Metálica;1152;1442;4,84;0
e20e6653-01ab;El Enigma de las Almas de Plomo;Seraphine Sterling;Botánica Arcana;1520;1201;1,79;49
2df35cc7-0e5c;Códice de el Sol Negro;Thalric Grimoire;Alquimia Teórica;1427;1302;4,28;36
1a2a0ef8-ac0b;Tratado de el Sol Negro;Elara Sterling;Historia de la Piedra;1924;1382;3,37;27
b70b511f-b383;Tratado de las Almas de Plomo;Isolde Crowley;Botánica Arcana;1150;729;2,51;5
3b66d2d9-0ce8;Tratado de las Almas de Plomo;Isolde Nightshade;Filosofía Prohibida;1164;1308;3,92;15
a0d8826e-a09f;Sombras sobre las Almas de Plomo;Isolde Sterling;Transmutación Metálica;1373;1171;4,1;17
60949e52-61d5;Vórtice de el Mercurio Rojo;Aurelius Vance;Alquimia Teórica;1703;551;2,66;40
25544312-bea4;Tratado de la Quintaesencia;Aurelius Blackwood;Alquimia Teórica;1516;376;3,88;50
d3a83618-4046;Vórtice de el Azufre Sagrado;Balthazar Nightshade;Alquimia Teórica;1112;1274;4,38;20
6c0f0e95-7bde;Códice de el Sol Negro;Balthazar Flamel;Filosofía Prohibida;1670;1439;1,98;4
8cdc397b-f8ab;Espejos de el Azufre Sagrado;Morgana Grimoire;Historia de la Piedra;1153;1364;3,55;33
0f81fa35-b6fe;El Aliento de las Almas de Plomo;Morgana Crowley;Historia de la Piedra;1567;1172;3,42;27
7269cdd5-984a;La Esencia de la Transmutación Infinitas;Caspian Sterling;Alquimia Teórica;2019;1345;4,14;39
0d6c0a73-ae69;Tratado de la Quintaesencia;Elara Vance;Filosofía Prohibida;1294;946;2,49;13
2edfdb09-f2e8;Vórtice de las Almas de Plomo;Isolde Grimoire;Filosofía Prohibida;1546;363;2,94;50
5bc8f035-d7ba;El Enigma de la Quintaesencia;Balthazar Sterling;Transmutación Metálica;1740;256;3,09;17
661105dd-44e4;Vórtice de el Sol Negro;Isolde Blackwood;Botánica Arcana;2017;264;2,32;42
6fba8db0-ad43;Sombras sobre la Transmutación Infinitas;Isolde Sterling;Transmutación Metálica;1150;910;2;45
2195aaba-c21b;Códice de las Almas de Plomo;Isolde Flamel;Filosofía Prohibida;1601;1481;4,2;40
5e2ca939-2580;Tratado de el Azufre Sagrado;Balthazar Crowley;Botánica Arcana;1328;987;3,45;47
1a27f054-9a1e;El Aliento de el Azufre Sagrado;Aurelius Crowley;Transmutación Metálica;1154;516;3,97;37
b53f156d-42b5;Códice de las Almas de Plomo;Elara Nightshade;Alquimia Teórica;1641;589;4,52;37
bc71b8f3-4270;Vórtice de las Almas de Plomo;Seraphine Blackwood;Filosofía Prohibida;1516;612;1,15;36
e0ce05f1-d431;Vórtice de el Mercurio Rojo;Elara Blackwood;Filosofía Prohibida;1736;479;4,35;37
7b7bd65d-3303;Tratado de la Transmutación Infinitas;Isolde Vance;Transmutación Metálica;1797;177;3,39;19
8d8e5c8e-cb7e;El Enigma de la Quintaesencia;Isolde Blackwood;Alquimia Teórica;1897;1055;1,69;18
90427d3a-2a48;El Aliento de el Mercurio Rojo;Isolde Crowley;Botánica Arcana;1426;730;2,89;28
fbfc0caf-24e1;Espejos de el Sol Negro;Balthazar Vance;Alquimia Teórica;1689;1156;4,33;46
4070e5a4-3e74;Espejos de el Mercurio Rojo;Balthazar Flamel;Filosofía Prohibida;1900;140;1,89;8
01dfdecb-340f;Vórtice de la Quintaesencia;Isolde Nightshade;Alquimia Teórica;1296;582;1,65;35
fcc0520f-fec8;El Enigma de la Transmutación Infinitas;Balthazar Crowley;Alquimia Teórica;1293;1165;1,2;37
a8cece42-f780;El Enigma de el Azufre Sagrado;Isolde Crowley;Filosofía Prohibida;1927;880;4,39;1
2e5c2a84-56e7;Sombras sobre el Sol Negro;Elara Nightshade;Botánica Arcana;1544;736;2,34;45
b43b5dab-8645;El Aliento de las Almas de Plomo;Isolde Crowley;Filosofía Prohibida;1352;1411;1,14;46
ad558471-cffa;Tratado de la Quintaesencia;Isolde Vance;Historia de la Piedra;1269;407;1,29;24
64a9d330-cb41;Tratado de la Transmutación Infinitas;Caspian Blackwood;Alquimia Teórica;1278;474;1,38;4
ec20108d-2240;La Esencia de el Mercurio Rojo;Morgana Sterling;Alquimia Teórica;1463;700;1,37;1
0d868b5c-8eb7;Espejos de el Azufre Sagrado;Balthazar Nightshade;Alquimia Teórica;1898;1132;2,73;32
c4d0abc7-2e8d;Sombras sobre la Quintaesencia;Thalric Vance;Transmutación Metálica;1677;1271;1,29;42
a31c38a4-bde4;Espejos de el Azufre Sagrado;Seraphine Crowley;Alquimia Teórica;1813;1121;4,37;13
6cca0195-16d0;Vórtice de el Azufre Sagrado;Caspian Sterling;Botánica Arcana;1905;405;4,76;16
a1a43a1c-32f9;Códice de la Transmutación Infinitas;Morgana Nightshade;Filosofía Prohibida;1583;975;1,17;47
22444631-bb26;Códice de el Azufre Sagrado;Thalric Nightshade;Transmutación Metálica;1334;870;4,94;3
0ca3660e-c4de;La Esencia de la Quintaesencia;Seraphine Crowley;Filosofía Prohibida;1788;795;4,78;50
84953ef0-bdf0;Sombras sobre el Azufre Sagrado;Caspian Flamel;Botánica Arcana;1477;735;2,98;20
7c93136e-2ea5;La Esencia de la Transmutación Infinitas;Thalric Flamel;Filosofía Prohibida;1383;1406;3,63;22
a196a84f-f4c5;Códice de el Mercurio Rojo;Isolde Grimoire;Historia de la Piedra;1183;1330;1,29;33
85d3ef27-082b;Códice de la Quintaesencia;Balthazar Vance;Botánica Arcana;1361;1415;4,38;29
993239d1-671c;Vórtice de el Sol Negro;Morgana Nightshade;Historia de la Piedra;1712;1475;4,35;18
82addc38-3c64;La Esencia de las Almas de Plomo;Morgana Grimoire;Filosofía Prohibida;1117;443;1,22;38
70bb6459-79e4;Tratado de el Mercurio Rojo;Caspian Nightshade;Historia de la Piedra;1589;1030;4,06;26
2497feeb-7547;Espejos de la Transmutación Infinitas;Balthazar Blackwood;Botánica Arcana;1651;1030;3,94;13
cb66bad1-9d13;El Enigma de el Mercurio Rojo;Morgana Crowley;Botánica Arcana;1134;585;2,92;16
1cfaf10f-dfc3;El Enigma de las Almas de Plomo;Aurelius Flamel;Botánica Arcana;1209;396;3,88;24
36a02b57-d56b;Vórtice de la Quintaesencia;Morgana Nightshade;Alquimia Teórica;1152;969;1,81;1
3b24dc55-4d18;El Enigma de las Almas de Plomo;Morgana Crowley;Filosofía Prohibida;1612;947;2,96;17
28ff4913-ff07;Vórtice de el Azufre Sagrado;Isolde Grimoire;Alquimia Teórica;1967;192;1,24;19
616bba1e-237d;Sombras sobre las Almas de Plomo;Isolde Sterling;Filosofía Prohibida;1809;1045;4,51;37
14293c4b-70b7;Vórtice de las Almas de Plomo;Isolde Blackwood;Historia de la Piedra;1843;882;2,85;10
22e09f04-3f3b;La Esencia de la Transmutación Infinitas;Morgana Sterling;Filosofía Prohibida;1903;118;1,8;1
47590f00-a5cc;Sombras sobre la Quintaesencia;Elara Sterling;Transmutación Metálica;1866;1195;1,86;38
4ade6b28-9f8a;Sombras sobre el Azufre Sagrado;Thalric Crowley;Filosofía Prohibida;1543;1263;1,33;1
cb094d33-1f3d;El Aliento de el Azufre Sagrado;Caspian Flamel;Historia de la Piedra;1791;521;2,7;27
ed242c9b-cb08;Códice de el Azufre Sagrado;Thalric Nightshade;Transmutación Metálica;1579;151;1,07;36
099fcc1c-8997;El Enigma de el Azufre Sagrado;Aurelius Blackwood;Botánica Arcana;1404;244;4,53;40
8690f821-2f00;El Enigma de el Sol Negro;Aurelius Grimoire;Botánica Arcana;1973;1479;4,93;42
ae9cf6c1-9ba2;El Enigma de el Sol Negro;Aurelius Grimoire;Historia de la Piedra;1141;481;1,98;39
57719352-997b;Tratado de el Sol Negro;Balthazar Crowley;Botánica Arcana;1488;1183;1,75;6
23050366-0682;Códice de el Azufre Sagrado;Balthazar Blackwood;Alquimia Teórica;1948;746;2,28;10
0a01a01e-636d;Códice de la Quintaesencia;Morgana Flamel;Botánica Arcana;1597;866;3,7;41
58195258-2bd8;Códice de la Quintaesencia;Aurelius Blackwood;Alquimia Teórica;1287;1205;2,09;20
9b921054-c186;La Esencia de el Mercurio Rojo;Seraphine Blackwood;Alquimia Teórica;1902;1069;4,77;38
d3d9acbe-0b49;Espejos de la Transmutación Infinitas;Caspian Vance;Historia de la Piedra;1891;1364;2,56;19
0a494862-739c;Tratado de el Azufre Sagrado;Thalric Flamel;Alquimia Teórica;1629;995;2,02;22
7771fc45-ace4;Vórtice de la Quintaesencia;Morgana Sterling;Alquimia Teórica;1909;1364;1,61;26
18ba3c09-5b33;Vórtice de las Almas de Plomo;Elara Nightshade;Filosofía Prohibida;1189;1482;2,42;15
bb27daaf-a211;El Aliento de las Almas de Plomo;Aurelius Crowley;Botánica Arcana;1616;269;2,78;43
86efbbf6-afd6;El Enigma de la Transmutación Infinitas;Balthazar Crowley;Transmutación Metálica;1424;96;2,41;46
47d047e2-2166;Códice de las Almas de Plomo;Seraphine Sterling;Alquimia Teórica;1598;316;4,18;3
0aedc8c6-b666;Vórtice de el Sol Negro;Caspian Blackwood;Botánica Arcana;1589;1086;4,34;45
baeb842c-c562;Espejos de la Quintaesencia;Aurelius Sterling;Historia de la Piedra;1758;287;4,34;40
12520fea-3306;Sombras sobre el Sol Negro;Elara Vance;Historia de la Piedra;1891;525;3,11;27
425f6837-8a46;El Aliento de el Mercurio Rojo;Elara Flamel;Botánica Arcana;1391;441;1,86;14
2f035323-5e6f;Espejos de el Mercurio Rojo;Elara Blackwood;Alquimia Teórica;1865;157;4,45;8
cc98f14b-d529;Tratado de la Quintaesencia;Seraphine Vance;Historia de la Piedra;1356;932;2,69;39
df47c46c-2c91;Tratado de la Quintaesencia;Isolde Grimoire;Alquimia Teórica;1556;1453;4,05;30
14ec7f28-c0a1;Espejos de el Azufre Sagrado;Thalric Nightshade;Filosofía Prohibida;1399;706;4,1;2
627bc2e2-4ccb;Espejos de el Mercurio Rojo;Morgana Flamel;Alquimia Teórica;1579;800;1,85;25
b3a6cd4f-0a65;El Enigma de el Azufre Sagrado;Elara Blackwood;Botánica Arcana;1945;751;1,38;31
21e8d948-ef74;La Esencia de el Sol Negro;Seraphine Nightshade;Historia de la Piedra;1268;1278;2,76;29
77d2cbd2-69bf;Espejos de las Almas de Plomo;Thalric Sterling;Alquimia Teórica;1336;477;4,79;15
33a1339d-1915;El Enigma de la Transmutación Infinitas;Isolde Nightshade;Transmutación Metálica;1114;1374;1,27;19
92fc12ee-de18;Tratado de la Transmutación Infinitas;Thalric Grimoire;Alquimia Teórica;1991;686;4,72;23
cb38fb08-ebdd;Sombras sobre el Sol Negro;Elara Crowley;Historia de la Piedra;1132;863;1,58;13
5668c68d-535b;Espejos de la Quintaesencia;Isolde Nightshade;Filosofía Prohibida;1616;822;2,3;14
2c2dd56d-92bb;El Aliento de el Sol Negro;Morgana Sterling;Botánica Arcana;1687;470;1,81;32
56030b91-e44d;Códice de el Azufre Sagrado;Balthazar Crowley;Filosofía Prohibida;1100;380;3,95;15
bda05c8c-f7cb;Espejos de el Azufre Sagrado;Thalric Vance;Alquimia Teórica;1614;560;2,06;1
d818c27f-75ce;El Aliento de las Almas de Plomo;Elara Flamel;Transmutación Metálica;1178;1355;1,92;40
277f45a9-6568;Espejos de el Sol Negro;Balthazar Flamel;Alquimia Teórica;1440;688;4,25;27
6eb5c508-0313;El Aliento de el Mercurio Rojo;Seraphine Flamel;Filosofía Prohibida;1103;1291;2,65;14
51b1d6bf-28e3;Espejos de las Almas de Plomo;Caspian Blackwood;Transmutación Metálica;1378;95;2,75;11
51bb5716-4b15;La Esencia de las Almas de Plomo;Morgana Vance;Botánica Arcana;1519;480;1,62;2
f56ed189-5192;Espejos de la Quintaesencia;Balthazar Grimoire;Filosofía Prohibida;1320;1129;3,07;50
6532638f-164b;Vórtice de el Azufre Sagrado;Morgana Vance;Historia de la Piedra;1338;340;2,01;5
087d2444-0b71;Espejos de la Transmutación Infinitas;Seraphine Flamel;Transmutación Metálica;1527;673;3,32;27
596cf471-f787;El Aliento de las Almas de Plomo;Caspian Flamel;Transmutación Metálica;1530;240;3,02;15
cbb5b3d4-74a2;Espejos de la Transmutación Infinitas;Isolde Nightshade;Filosofía Prohibida;1752;113;4,14;27
cf01da34-d319;Códice de el Mercurio Rojo;Elara Nightshade;Historia de la Piedra;1360;1329;1,51;7
1c6a110a-fee3;Códice de el Sol Negro;Elara Blackwood;Filosofía Prohibida;1484;291;2,76;13
088a9115-e1d4;El Aliento de la Quintaesencia;Aurelius Crowley;Botánica Arcana;1867;1028;1,96;0
9a948711-f6b4;El Enigma de el Mercurio Rojo;Morgana Flamel;Botánica Arcana;2023;816;2,48;16
700bc2b1-599e;Códice de la Quintaesencia;Seraphine Sterling;Filosofía Prohibida;1794;1273;3,48;43
06f32883-8732;Sombras sobre la Transmutación Infinitas;Caspian Nightshade;Botánica Arcana;1839;1149;4,64;5
a106ae7d-a1a3;Sombras sobre el Sol Negro;Isolde Vance;Transmutación Metálica;1583;166;4;44
07d36373-32a6;El Enigma de el Mercurio Rojo;Elara Flamel;Historia de la Piedra;1554;758;2,2;34
0ecd596e-25a7;El Aliento de el Azufre Sagrado;Balthazar Vance;Transmutación Metálica;1783;204;3,81;10
35b90692-fb4e;La Esencia de el Sol Negro;Morgana Vance;Botánica Arcana;1542;190;2,45;22
54dee7b7-352b;La Esencia de la Quintaesencia;Balthazar Vance;Alquimia Teórica;1445;881;2,12;13
8845e7eb-0dee;Espejos de el Azufre Sagrado;Seraphine Nightshade;Transmutación Metálica;1641;1348;1,37;25
b35d18af-418c;El Aliento de las Almas de Plomo;Caspian Sterling;Filosofía Prohibida;1450;1428;2,04;6
16824368-487c;Códice de el Sol Negro;Balthazar Grimoire;Transmutación Metálica;1147;276;2,85;50
b635e303-2e66;Tratado de las Almas de Plomo;Thalric Vance;Filosofía Prohibida;1101;442;1,81;2
49a8f30b-2bed;Espejos de la Quintaesencia;Isolde Grimoire;Filosofía Prohibida;1913;1223;2,33;27
531b25be-6399;Sombras sobre las Almas de Plomo;Caspian Grimoire;Historia de la Piedra;1981;886;3,76;20
3251eb90-0262;Sombras sobre las Almas de Plomo;Aurelius Vance;Filosofía Prohibida;1655;994;1,88;8
118bcbbb-8e2a;Códice de el Sol Negro;Morgana Sterling;Botánica Arcana;1523;147;2,35;9
6dcbb1b3-63ea;Sombras sobre la Transmutación Infinitas;Caspian Grimoire;Historia de la Piedra;1781;1038;2,37;15
340ac7d3-5909;Sombras sobre el Azufre Sagrado;Seraphine Flamel;Filosofía Prohibida;1178;159;4,21;33
92b033a4-d1af;Sombras sobre las Almas de Plomo;Thalric Crowley;Botánica Arcana;1200;1256;1,99;17
7a60f8af-2998;Tratado de el Azufre Sagrado;Isolde Grimoire;Historia de la Piedra;1974;846;2,89;31
3cf0ca31-8f7a;El Aliento de la Quintaesencia;Elara Grimoire;Transmutación Metálica;1735;1077;2,25;39
711daaab-9a0f;Tratado de el Sol Negro;Balthazar Vance;Historia de la Piedra;1192;475;4,44;9
b1d86a89-e78e;La Esencia de el Sol Negro;Seraphine Crowley;Botánica Arcana;1694;364;2,27;11
b325f5c6-0435;Tratado de la Quintaesencia;Thalric Blackwood;Alquimia Teórica;1624;360;3,06;35
72d49d92-85f2;Códice de la Quintaesencia;Aurelius Nightshade;Alquimia Teórica;1513;745;3,56;21
b1061672-6883;Espejos de la Transmutación Infinitas;Morgana Vance;Filosofía Prohibida;1363;1432;3,48;49
f506d848-26ae;El Enigma de la Quintaesencia;Caspian Crowley;Transmutación Metálica;1887;667;3,19;21
dc52f239-8807;Vórtice de el Sol Negro;Elara Grimoire;Filosofía Prohibida;1164;1214;2,8;16
6e660b61-ee90;Espejos de la Transmutación Infinitas;Isolde Grimoire;Transmutación Metálica;1375;1289;4,25;7
deb8cd7d-8c9f;El Enigma de la Quintaesencia;Balthazar Flamel;Alquimia Teórica;1629;267;1,93;5
82f1cffa-1e6e;Códice de la Quintaesencia;Caspian Nightshade;Filosofía Prohibida;1830;1424;2,51;21
d2568733-283f;La Esencia de la Transmutación Infinitas;Morgana Vance;Alquimia Teórica;1954;235;4,07;43
a171ec5b-589e;Espejos de el Azufre Sagrado;Seraphine Blackwood;Botánica Arcana;1203;130;1,04;47
3873b6a2-aadf;El Aliento de el Sol Negro;Caspian Crowley;Botánica Arcana;1660;576;1,21;43
725735ff-a529;El Aliento de el Mercurio Rojo;Caspian Nightshade;Historia de la Piedra;1113;920;2,03;33
179c8a69-337c;Sombras sobre el Azufre Sagrado;Elara Crowley;Historia de la Piedra;1128;1016;3,13;24
a122b9d1-5c1f;Tratado de el Mercurio Rojo;Morgana Vance;Alquimia Teórica;1176;981;4,27;47
5d2c364a-69ba;Sombras sobre las Almas de Plomo;Isolde Nightshade;Historia de la Piedra;1740;1256;4,08;30
ce3564ee-4b04;Sombras sobre el Azufre Sagrado;Aurelius Vance;Alquimia Teórica;1111;297;3,35;47
84acf18a-a591;Sombras sobre las Almas de Plomo;Isolde Blackwood;Botánica Arcana;1276;1344;3,03;39
8b794e01-64e8;El Enigma de las Almas de Plomo;Caspian Crowley;Filosofía Prohibida;1413;840;1,92;31
4abcf834-44fa;El Aliento de el Mercurio Rojo;Aurelius Grimoire;Filosofía Prohibida;1692;446;2,99;36
7ae466ee-685d;Vórtice de el Azufre Sagrado;Caspian Sterling;Botánica Arcana;1491;1405;4,87;34
0c2842d2-f4c8;Espejos de el Mercurio Rojo;Morgana Vance;Transmutación Metálica;1192;1119;1,57;19
07889596-1194;Sombras sobre el Sol Negro;Morgana Vance;Historia de la Piedra;1764;412;4,36;50
a4e4f1b6-8bd6;La Esencia de el Mercurio Rojo;Morgana Sterling;Botánica Arcana;1329;383;3,62;30
03a8d195-67b5;Tratado de la Transmutación Infinitas;Seraphine Sterling;Transmutación Metálica;1494;606;2,18;39
933f0227-9342;Códice de la Quintaesencia;Aurelius Blackwood;Transmutación Metálica;1680;902;4,65;37
c904efec-0de7;El Aliento de la Quintaesencia;Caspian Vance;Filosofía Prohibida;1301;701;2,68;11
8e823e04-7943;Vórtice de las Almas de Plomo;Caspian Nightshade;Historia de la Piedra;1151;1498;3,94;25
f34c033d-4a06;La Esencia de la Quintaesencia;Thalric Flamel;Filosofía Prohibida;1903;847;3,8;14
d1eafd84-ea8a;Códice de el Mercurio Rojo;Thalric Nightshade;Alquimia Teórica;1403;698;4,78;1
935c0f5f-4d4a;Códice de el Azufre Sagrado;Seraphine Grimoire;Filosofía Prohibida;1892;1003;4,6;39
9fe9cf7c-68bd;Espejos de el Azufre Sagrado;Caspian Crowley;Alquimia Teórica;1962;993;4,58;32
397ff229-5a15;Espejos de la Transmutación Infinitas;Seraphine Crowley;Filosofía Prohibida;1899;1023;3,45;48
457c4ceb-db09;El Aliento de las Almas de Plomo;Morgana Vance;Historia de la Piedra;1479;1439;4,96;33
b4d8557b-fc7a;Códice de las Almas de Plomo;Thalric Blackwood;Alquimia Teórica;1820;1089;3,87;25
cda36d5a-f4d2;Vórtice de las Almas de Plomo;Morgana Flamel;Botánica Arcana;1604;197;4,7;35
82730b4b-a4b4;El Enigma de la Quintaesencia;Thalric Grimoire;Alquimia Teórica;1839;103;2,07;17
c0121199-0f16;El Aliento de el Mercurio Rojo;Caspian Grimoire;Alquimia Teórica;1964;435;1,39;0
90c6fee2-f179;Vórtice de las Almas de Plomo;Thalric Grimoire;Historia de la Piedra;1941;897;1;46
3ac96672-3150;Vórtice de el Mercurio Rojo;Balthazar Crowley;Alquimia Teórica;1220;698;2,44;6
c7d62252-883c;Espejos de el Mercurio Rojo;Aurelius Sterling;Botánica Arcana;1758;973;2,63;42
0533c77a-2450;El Enigma de la Transmutación Infinitas;Thalric Sterling;Alquimia Teórica;1684;1259;3,01;41
28967698-efe4;La Esencia de el Azufre Sagrado;Aurelius Crowley;Filosofía Prohibida;1718;1361;1,58;16
e08e5161-5d4e;Códice de el Mercurio Rojo;Thalric Sterling;Transmutación Metálica;1782;519;1,75;11
660a9c9a-7c3d;Tratado de la Quintaesencia;Elara Vance;Alquimia Teórica;1507;1485;4,34;48
51cf9596-a822;Tratado de el Sol Negro;Seraphine Nightshade;Filosofía Prohibida;1455;81;1,16;49
8daf858a-2e1a;Espejos de el Sol Negro;Balthazar Vance;Botánica Arcana;1661;1489;1,9;20
44bf3518-f93b;La Esencia de el Azufre Sagrado;Seraphine Sterling;Filosofía Prohibida;1330;984;4,97;24
0092129c-7453;El Aliento de el Mercurio Rojo;Morgana Crowley;Alquimia Teórica;1571;664;4,22;23
a8492e1b-4998;El Aliento de la Quintaesencia;Thalric Sterling;Alquimia Teórica;1474;671;3,77;25
4ffb0471-018e;Vórtice de la Quintaesencia;Morgana Blackwood;Transmutación Metálica;1446;1391;1,73;37
97b3c737-8f46;Espejos de el Sol Negro;Morgana Blackwood;Historia de la Piedra;1936;1154;1,71;28
e2c353d7-5c3a;Tratado de la Transmutación Infinitas;Balthazar Grimoire;Historia de la Piedra;1591;1220;2,31;30
54bd8cbb-213c;La Esencia de el Azufre Sagrado;Elara Vance;Historia de la Piedra;1443;588;4,68;6
41b64095-f543;Códice de el Mercurio Rojo;Isolde Crowley;Historia de la Piedra;1445;283;1,28;16
38b4ecb8-25cb;Vórtice de las Almas de Plomo;Caspian Sterling;Filosofía Prohibida;1407;1389;3,48;10
f0c50f47-1762;Sombras sobre el Azufre Sagrado;Morgana Sterling;Filosofía Prohibida;2011;560;4,55;47
797dfd2a-0e1d;La Esencia de el Mercurio Rojo;Thalric Flamel;Alquimia Teórica;1582;180;2,44;46
be421869-6fb2;El Aliento de la Quintaesencia;Elara Grimoire;Alquimia Teórica;1967;1198;2,47;36
900f15b2-91c9;Códice de el Azufre Sagrado;Balthazar Blackwood;Botánica Arcana;1477;1496;1,91;20
492fcf84-d6c9;El Aliento de el Mercurio Rojo;Caspian Blackwood;Historia de la Piedra;1683;1206;3,32;28
a58ff441-f078;La Esencia de las Almas de Plomo;Seraphine Blackwood;Filosofía Prohibida;1358;268;3,54;14
dc906896-70fe;Vórtice de el Azufre Sagrado;Aurelius Flamel;Botánica Arcana;1761;491;2,88;48
46a3a271-86c8;El Aliento de el Azufre Sagrado;Elara Flamel;Historia de la Piedra;1878;1227;1,41;41
f12bb85b-4773;El Aliento de las Almas de Plomo;Morgana Crowley;Botánica Arcana;1802;1429;3,62;14
ed4a0d1f-7e2a;Vórtice de la Quintaesencia;Seraphine Blackwood;Filosofía Prohibida;1865;608;1,78;45
3846c771-c91d;Tratado de el Sol Negro;Thalric Sterling;Alquimia Teórica;1181;1256;1,23;10
8f8a88b7-8514;Códice de las Almas de Plomo;Isolde Sterling;Transmutación Metálica;1956;308;1,94;12
0cc98986-ced8;El Aliento de el Azufre Sagrado;Thalric Sterling;Historia de la Piedra;1182;753;1,9;40
4e685203-924b;El Enigma de el Azufre Sagrado;Elara Flamel;Alquimia Teórica;1925;630;2,28;49
28315e6a-844b;El Aliento de la Quintaesencia;Elara Blackwood;Alquimia Teórica;1945;655;3,04;6
2d1b0d2a-30be;Sombras sobre el Azufre Sagrado;Caspian Sterling;Filosofía Prohibida;1554;1118;1,8;17
c1735251-9fd1;El Enigma de las Almas de Plomo;Aurelius Sterling;Transmutación Metálica;1215;627;4,79;15
ed9b736f-4dbf;Tratado de las Almas de Plomo;Isolde Sterling;Transmutación Metálica;1298;603;2,88;26
88944811-a706;El Aliento de el Sol Negro;Balthazar Nightshade;Filosofía Prohibida;1610;1195;2,54;13
642a193e-5e42;El Enigma de las Almas de Plomo;Elara Grimoire;Transmutación Metálica;1140;103;1,51;15
854c3396-4c3f;El Aliento de el Azufre Sagrado;Thalric Crowley;Historia de la Piedra;1889;963;1,13;20
5835190a-20d5;Códice de el Sol Negro;Isolde Nightshade;Alquimia Teórica;1123;1429;3,79;47
60bcedc5-8be9;Tratado de el Mercurio Rojo;Morgana Flamel;Botánica Arcana;2016;980;4,99;6
c960ab9e-bdfa;Sombras sobre la Transmutación Infinitas;Balthazar Vance;Alquimia Teórica;1436;1279;1,57;34
2dc9d1f1-c4c6;Espejos de el Azufre Sagrado;Morgana Nightshade;Historia de la Piedra;1491;604;1,01;8
f3c8bd49-9997;Vórtice de la Transmutación Infinitas;Caspian Vance;Transmutación Metálica;1335;216;1,79;38
270217fe-2e1b;Códice de la Transmutación Infinitas;Elara Crowley;Botánica Arcana;1428;928;4,55;27
e24c9404-59d2;Espejos de el Sol Negro;Caspian Grimoire;Filosofía Prohibida;1898;165;3,61;29
f3430b3c-d388;Códice de las Almas de Plomo;Thalric Sterling;Alquimia Teórica;1344;693;1,77;37
3af28133-080d;Tratado de el Azufre Sagrado;Aurelius Blackwood;Filosofía Prohibida;1922;1352;3,8;45
01f9784f-3fe8;Espejos de el Mercurio Rojo;Aurelius Blackwood;Botánica Arcana;1397;927;3;44
f6182d0a-eeca;La Esencia de el Sol Negro;Aurelius Nightshade;Alquimia Teórica;1701;1113;1,3;36
00f4b9b0-1d2d;La Esencia de la Transmutación Infinitas;Isolde Nightshade;Alquimia Teórica;1806;82;2,98;12
cea1cec7-58db;El Enigma de el Sol Negro;Morgana Nightshade;Botánica Arcana;1708;259;2,57;22
b225134e-11a8;Sombras sobre la Transmutación Infinitas;Balthazar Vance;Historia de la Piedra;2011;88;4,61;36
f367bffe-68be;El Aliento de el Azufre Sagrado;Seraphine Nightshade;Historia de la Piedra;1120;1300;4,77;18
6261bf9a-85f1;El Aliento de el Azufre Sagrado;Aurelius Vance;Filosofía Prohibida;1585;904;1,85;31
e068b39d-d763;Espejos de la Transmutación Infinitas;Balthazar Flamel;Alquimia Teórica;1921;905;4,36;17
a1f52516-9a59;Vórtice de el Sol Negro;Morgana Blackwood;Historia de la Piedra;1250;1250;4,49;6
c7459dfd-7a09;Tratado de el Sol Negro;Thalric Sterling;Historia de la Piedra;1227;1131;4,12;21
ffe1603d-0466;Códice de el Azufre Sagrado;Elara Grimoire;Alquimia Teórica;1139;536;4,31;18
55e6e9f6-b583;Códice de el Mercurio Rojo;Morgana Blackwood;Alquimia Teórica;1228;95;3,73;8
5e7320a9-8197;El Enigma de la Quintaesencia;Caspian Grimoire;Transmutación Metálica;1280;1402;3,48;36
707de516-1d54;El Enigma de el Sol Negro;Thalric Blackwood;Historia de la Piedra;1748;812;3,94;7
0f755c39-ea4c;Tratado de el Sol Negro;Balthazar Sterling;Transmutación Metálica;1253;1454;3,42;38
615637db-8b4b;Tratado de la Quintaesencia;Isolde Flamel;Historia de la Piedra;1118;857;4,16;33
95a3eb53-9c93;El Enigma de el Azufre Sagrado;Aurelius Crowley;Alquimia Teórica;1125;1335;1,77;31
c610bb4c-a111;El Aliento de el Azufre Sagrado;Aurelius Nightshade;Alquimia Teórica;1899;595;3,74;42
448d512c-e558;El Enigma de el Mercurio Rojo;Elara Vance;Historia de la Piedra;1961;355;4,69;29
bf82edf6-9db0;Sombras sobre el Azufre Sagrado;Caspian Vance;Filosofía Prohibida;1192;869;1,82;49
1dd03b45-53bb;El Enigma de la Quintaesencia;Thalric Crowley;Filosofía Prohibida;1658;1062;1,36;20
add7c8a4-eb09;Vórtice de la Quintaesencia;Seraphine Blackwood;Botánica Arcana;1517;823;3,49;32
3781e61e-5aab;Tratado de el Sol Negro;Aurelius Grimoire;Alquimia Teórica;1492;437;1,2;9
602d1974-f1cc;El Aliento de las Almas de Plomo;Morgana Nightshade;Filosofía Prohibida;1958;240;1,43;24
7d036e72-3976;La Esencia de el Sol Negro;Isolde Vance;Botánica Arcana;1842;507;2,16;18
340e4912-15e0;Tratado de las Almas de Plomo;Balthazar Sterling;Transmutación Metálica;1894;391;4,25;43
32011242-3f1a;El Aliento de el Sol Negro;Morgana Blackwood;Alquimia Teórica;2013;1313;4,52;29
e83f9820-69c4;El Aliento de la Transmutación Infinitas;Thalric Grimoire;Historia de la Piedra;1636;911;4,71;20
124387fe-8fe1;El Enigma de el Mercurio Rojo;Aurelius Nightshade;Alquimia Teórica;1208;513;1,46;40
d15ffb9d-1fdc;El Aliento de el Mercurio Rojo;Isolde Blackwood;Transmutación Metálica;2006;532;4,42;4
852891ce-279d;Sombras sobre las Almas de Plomo;Aurelius Nightshade;Filosofía Prohibida;1867;134;1,34;27
53a46835-55fc;Tratado de el Mercurio Rojo;Balthazar Sterling;Botánica Arcana;1796;465;2,57;45
943e42cb-dbe1;El Enigma de las Almas de Plomo;Seraphine Flamel;Transmutación Metálica;1174;735;4,77;33
fdbaebc7-3389;Sombras sobre el Sol Negro;Morgana Vance;Alquimia Teórica;1991;104;1,55;35
e565617f-5c55;Tratado de el Azufre Sagrado;Aurelius Sterling;Historia de la Piedra;1334;559;2,45;19
ee46e5a0-95d2;El Aliento de el Mercurio Rojo;Elara Blackwood;Botánica Arcana;1684;1131;3,01;8
f731eb03-cd9b;Códice de la Quintaesencia;Thalric Blackwood;Alquimia Teórica;1258;264;3,91;12
5e3f3d79-49ee;Sombras sobre el Mercurio Rojo;Balthazar Sterling;Filosofía Prohibida;1315;374;1,07;44
fedeead3-195c;La Esencia de el Sol Negro;Morgana Blackwood;Filosofía Prohibida;1322;373;4,17;33
19c27890-612e;Tratado de el Azufre Sagrado;Thalric Crowley;Alquimia Teórica;1414;1336;4,06;16
863ad575-fbcc;Tratado de el Azufre Sagrado;Aurelius Crowley;Transmutación Metálica;1338;335;3,81;2
781da1df-1484;El Aliento de el Mercurio Rojo;Seraphine Crowley;Botánica Arcana;1357;1168;3,27;46
04548023-2552;Espejos de la Transmutación Infinitas;Thalric Vance;Historia de la Piedra;1305;1464;2,1;23
923b3f93-b47b;La Esencia de la Transmutación Infinitas;Thalric Blackwood;Alquimia Teórica;1692;112;1,36;16
ebd42012-d20d;Vórtice de el Sol Negro;Elara Sterling;Alquimia Teórica;1567;1087;1,96;27
22461311-51b0;Códice de el Azufre Sagrado;Morgana Crowley;Alquimia Teórica;1153;805;4,31;14
fe35fbba-67d0;El Aliento de el Sol Negro;Isolde Vance;Historia de la Piedra;1930;920;2,32;32
5b306016-0f56;Códice de el Sol Negro;Aurelius Nightshade;Botánica Arcana;1111;612;1,83;6
bebb7f26-6fb4;Tratado de el Mercurio Rojo;Elara Vance;Transmutación Metálica;1648;758;4,54;4
566de3cd-df29;Espejos de el Mercurio Rojo;Isolde Nightshade;Transmutación Metálica;1891;394;3,18;28
830d7605-c997;El Aliento de el Azufre Sagrado;Elara Crowley;Transmutación Metálica;1573;898;3,98;18
3c01b4f2-ac28;Espejos de la Quintaesencia;Caspian Sterling;Transmutación Metálica;1280;1446;3,13;47
55949c7a-e342;Espejos de las Almas de Plomo;Seraphine Vance;Historia de la Piedra;1388;1206;4,97;44
560ab25e-33b9;Espejos de la Quintaesencia;Balthazar Blackwood;Transmutación Metálica;1776;732;3,66;19
85b662ea-a6f5;El Aliento de la Transmutación Infinitas;Elara Flamel;Alquimia Teórica;1745;1494;1,13;24
dc35a054-e05d;Vórtice de la Transmutación Infinitas;Seraphine Vance;Historia de la Piedra;1371;1156;2,17;30
a09693ff-fa8e;El Enigma de el Azufre Sagrado;Caspian Flamel;Alquimia Teórica;1661;1357;4,4;44
8c32e6ff-5c7e;El Enigma de las Almas de Plomo;Isolde Flamel;Historia de la Piedra;1786;107;1,8;39
3d6a75ad-5c28;El Enigma de la Quintaesencia;Aurelius Grimoire;Botánica Arcana;1608;464;2,66;35
7573d419-8440;El Enigma de el Mercurio Rojo;Balthazar Vance;Filosofía Prohibida;1664;1058;2,64;43
1920abc8-da1e;La Esencia de el Sol Negro;Morgana Vance;Botánica Arcana;1352;867;2,81;36
2c7a3bd3-6857;Vórtice de el Mercurio Rojo;Balthazar Blackwood;Transmutación Metálica;1952;782;3,6;39
af741037-e939;Vórtice de la Quintaesencia;Elara Nightshade;Transmutación Metálica;1466;1144;1,12;41
4c555fe6-873f;Espejos de el Sol Negro;Aurelius Sterling;Historia de la Piedra;1124;705;3,52;48
489acfde-8e57;Sombras sobre el Azufre Sagrado;Morgana Blackwood;Filosofía Prohibida;1882;1060;3,75;30
399f10ed-2bc0;El Aliento de el Azufre Sagrado;Aurelius Flamel;Botánica Arcana;1189;711;4,83;20
aef94e3f-3b02;La Esencia de las Almas de Plomo;Seraphine Flamel;Historia de la Piedra;1241;512;3,94;45
6e304260-75d7;Sombras sobre el Sol Negro;Seraphine Vance;Transmutación Metálica;1992;654;4,16;32
bbe2aaf1-d3cc;Códice de el Sol Negro;Caspian Crowley;Transmutación Metálica;1156;575;2,26;12
e2c5b732-1d9e;Tratado de las Almas de Plomo;Morgana Crowley;Transmutación Metálica;1511;1153;4,23;50
c9020e00-ca59;La Esencia de el Sol Negro;Isolde Grimoire;Transmutación Metálica;1100;1433;1,27;21
3bd00b4a-8e41;Sombras sobre el Mercurio Rojo;Balthazar Sterling;Historia de la Piedra;1106;720;4,13;49
a47d550b-1d0d;Tratado de las Almas de Plomo;Morgana Crowley;Botánica Arcana;1224;1041;1,23;26
e01d2a01-0acb;Códice de la Transmutación Infinitas;Caspian Flamel;Transmutación Metálica;1814;182;2,38;24
09202291-8290;Tratado de el Sol Negro;Aurelius Sterling;Botánica Arcana;1635;1494;4,39;4
6055c5b0-d6fb;El Aliento de el Sol Negro;Seraphine Flamel;Historia de la Piedra;1149;1480;1,59;28
e4ab472e-17a0;Tratado de el Azufre Sagrado;Seraphine Vance;Botánica Arcana;1841;449;1,75;8
65579bf7-1a9e;Códice de el Azufre Sagrado;Isolde Sterling;Filosofía Prohibida;1607;93;1,22;0
dc78bd51-2cc8;Códice de el Sol Negro;Caspian Flamel;Botánica Arcana;1508;1357;4,49;6
61576b51-e0bf;El Aliento de las Almas de Plomo;Balthazar Grimoire;Botánica Arcana;1263;222;1,08;30
44adf94e-2bb2;La Esencia de la Quintaesencia;Balthazar Vance;Botánica Arcana;1515;1103;2,74;14
64b53db6-d6df;La Esencia de el Azufre Sagrado;Aurelius Grimoire;Historia de la Piedra;1128;738;3,97;24
5aa2c550-9457;Códice de el Mercurio Rojo;Thalric Blackwood;Transmutación Metálica;1567;788;1,36;6
8e56f1a6-794b;Vórtice de la Transmutación Infinitas;Caspian Vance;Alquimia Teórica;1124;156;2,6;48
ec25ad77-de9f;Vórtice de la Quintaesencia;Balthazar Sterling;Filosofía Prohibida;1105;221;3,04;35
6b3469cd-6fa0;Sombras sobre el Mercurio Rojo;Seraphine Flamel;Filosofía Prohibida;1310;538;3,73;41
cfd2d1f1-a3a2;Códice de la Quintaesencia;Balthazar Blackwood;Historia de la Piedra;1880;1182;1,56;17
48a64ba4-4f60;La Esencia de el Azufre Sagrado;Caspian Sterling;Botánica Arcana;1155;1285;1,7;4
c53e63de-2884;El Enigma de el Azufre Sagrado;Aurelius Blackwood;Alquimia Teórica;1437;606;4,44;15
b50bb87c-81f5;El Enigma de el Azufre Sagrado;Morgana Vance;Filosofía Prohibida;1102;860;1,58;10
47d9974d-bf09;Vórtice de el Azufre Sagrado;Aurelius Vance;Botánica Arcana;1138;442;3,96;12
855f5f0e-1ecc;La Esencia de las Almas de Plomo;Elara Blackwood;Alquimia Teórica;1238;205;3,77;10
6f90e1c5-20c6;El Aliento de el Mercurio Rojo;Elara Vance;Botánica Arcana;1140;100;4,72;19
9df8e356-4759;La Esencia de la Transmutación Infinitas;Morgana Grimoire;Botánica Arcana;1781;1293;4,36;27
f3be2755-8a5d;El Enigma de la Transmutación Infinitas;Isolde Crowley;Botánica Arcana;1559;367;3,14;16
167b6ceb-2efa;Sombras sobre la Quintaesencia;Seraphine Flamel;Transmutación Metálica;1663;1183;3,83;10
5d97c872-a1fa;El Aliento de la Quintaesencia;Elara Crowley;Transmutación Metálica;1759;532;2,19;22
55454990-5eb1;El Aliento de el Mercurio Rojo;Balthazar Grimoire;Historia de la Piedra;2014;715;4,84;29
e0812877-0e34;Espejos de la Transmutación Infinitas;Isolde Nightshade;Botánica Arcana;1581;483;3,92;30
cc05265f-3bf4;Sombras sobre la Transmutación Infinitas;Seraphine Blackwood;Historia de la Piedra;1920;1319;2,98;4
07c23eca-d03b;Códice de la Quintaesencia;Thalric Blackwood;Alquimia Teórica;1744;1053;3,75;41
cffb59ae-f8c2;Códice de el Azufre Sagrado;Morgana Nightshade;Transmutación Metálica;1365;693;4,57;46
27da6ec3-f34e;La Esencia de el Azufre Sagrado;Isolde Crowley;Transmutación Metálica;1668;769;1,35;7
f08015cd-4dde;La Esencia de el Azufre Sagrado;Caspian Crowley;Transmutación Metálica;1995;1281;2,71;6
31cb658f-5a83;Códice de el Sol Negro;Isolde Sterling;Filosofía Prohibida;1836;1355;4,48;41
392f09f9-2ea2;Vórtice de el Azufre Sagrado;Isolde Blackwood;Alquimia Teórica;1593;434;2,38;16
4355f669-4b89;El Enigma de la Transmutación Infinitas;Morgana Blackwood;Historia de la Piedra;1718;836;4,77;22
07d6db92-689f;El Aliento de la Transmutación Infinitas;Caspian Blackwood;Botánica Arcana;1362;206;2,14;49
151ea45a-e8d4;Vórtice de el Azufre Sagrado;Isolde Flamel;Botánica Arcana;1400;1413;3,43;13
81aa10ce-7e77;Códice de la Quintaesencia;Thalric Grimoire;Filosofía Prohibida;1603;304;4,8;46
bf168c54-5282;El Enigma de el Azufre Sagrado;Morgana Blackwood;Alquimia Teórica;1101;627;1,47;17
e324f333-e6a9;Sombras sobre la Quintaesencia;Isolde Sterling;Alquimia Teórica;1819;1163;2,04;17
cabe995a-1d62;Tratado de el Azufre Sagrado;Aurelius Blackwood;Transmutación Metálica;1991;597;4,03;25
cea5121d-924a;Sombras sobre el Azufre Sagrado;Morgana Grimoire;Alquimia Teórica;1876;1490;1,22;48
675d9a1e-ef22;El Aliento de la Transmutación Infinitas;Aurelius Crowley;Alquimia Teórica;1943;1228;4,61;37
df28740a-8188;Códice de el Sol Negro;Elara Grimoire;Historia de la Piedra;1875;438;4,31;21
f0c989a9-a589;Espejos de el Sol Negro;Seraphine Crowley;Botánica Arcana;1792;1413;4,88;18
42e5b254-8613;El Enigma de el Sol Negro;Seraphine Grimoire;Botánica Arcana;1810;443;3,6;30
38380588-03a2;Vórtice de la Quintaesencia;Isolde Nightshade;Filosofía Prohibida;1805;1409;3,45;23
20040d90-b651;Códice de el Sol Negro;Isolde Blackwood;Alquimia Teórica;1424;702;3;14
c5225d4e-6fba;El Aliento de el Sol Negro;Thalric Flamel;Transmutación Metálica;1459;137;1,04;35
dd8b603c-d9cc;Códice de el Mercurio Rojo;Seraphine Crowley;Historia de la Piedra;1325;849;2,52;38
1aa7c4c3-a409;Sombras sobre las Almas de Plomo;Elara Blackwood;Historia de la Piedra;1577;1295;3,55;34
18a14ae4-2360;El Enigma de el Azufre Sagrado;Elara Sterling;Botánica Arcana;1859;724;2,98;15
37620be4-9c06;Códice de el Mercurio Rojo;Isolde Blackwood;Botánica Arcana;1327;1494;2,18;48
47160b7e-50ab;Códice de la Transmutación Infinitas;Aurelius Crowley;Filosofía Prohibida;1853;1256;4,36;7
df810e33-5ee6;El Enigma de el Azufre Sagrado;Caspian Vance;Filosofía Prohibida;1357;444;1,98;1
4883d4fc-8e8a;El Enigma de las Almas de Plomo;Isolde Nightshade;Filosofía Prohibida;1512;1337;2,39;20
76815eca-cebc;Códice de las Almas de Plomo;Caspian Sterling;Filosofía Prohibida;1616;763;2,19;30
61e87621-7322;Espejos de el Azufre Sagrado;Isolde Blackwood;Alquimia Teórica;1627;1475;1,55;24
5ad4ec62-51b3;Vórtice de la Transmutación Infinitas;Balthazar Nightshade;Historia de la Piedra;1663;1269;2,15;49
635e5982-95cd;Espejos de el Azufre Sagrado;Seraphine Flamel;Filosofía Prohibida;1216;786;4,12;6
2785a569-a1ef;Sombras sobre el Mercurio Rojo;Elara Nightshade;Botánica Arcana;1762;669;4,26;3
ae0a2da2-34a9;Tratado de la Transmutación Infinitas;Thalric Nightshade;Transmutación Metálica;1194;173;1,37;29
8b7d5f09-6291;El Enigma de las Almas de Plomo;Seraphine Crowley;Botánica Arcana;1549;250;2,97;29
9a5b1f2d-4dc2;Vórtice de la Transmutación Infinitas;Aurelius Crowley;Filosofía Prohibida;1751;917;4,88;44
0b12d21e-480f;Espejos de la Transmutación Infinitas;Elara Grimoire;Historia de la Piedra;1267;746;1,13;20
e36f3db5-ff20;Tratado de la Quintaesencia;Caspian Vance;Transmutación Metálica;1664;1343;3,41;9
c970c042-1087;Espejos de la Transmutación Infinitas;Caspian Grimoire;Transmutación Metálica;1362;160;2,1;2
eb4a64f9-3ab6;Vórtice de la Quintaesencia;Thalric Sterling;Botánica Arcana;1752;734;1,03;44
7b5851e0-f560;Códice de el Azufre Sagrado;Caspian Vance;Filosofía Prohibida;1594;385;4,32;45
8c837710-b7f1;Espejos de el Mercurio Rojo;Aurelius Flamel;Alquimia Teórica;1721;244;2,85;15
c904f632-8a67;Sombras sobre las Almas de Plomo;Aurelius Crowley;Botánica Arcana;1503;755;1,82;7
8824c6f8-7313;El Aliento de la Transmutación Infinitas;Caspian Nightshade;Historia de la Piedra;1200;601;1,51;47
88efc851-a53d;Sombras sobre las Almas de Plomo;Balthazar Nightshade;Botánica Arcana;1915;1243;2,77;4
715f5648-81be;Espejos de el Azufre Sagrado;Morgana Nightshade;Transmutación Metálica;1942;1370;1,83;11
85bad636-396c;La Esencia de la Quintaesencia;Isolde Sterling;Filosofía Prohibida;1172;913;4,84;7
97c271fb-d37f;La Esencia de el Azufre Sagrado;Balthazar Crowley;Filosofía Prohibida;1405;1453;1,22;19
b03e6e71-c449;El Aliento de la Quintaesencia;Isolde Vance;Filosofía Prohibida;1797;112;3,9;10
3138178f-3ca3;Tratado de el Azufre Sagrado;Morgana Crowley;Transmutación Metálica;1818;1216;3,94;1
8c40c125-71b2;Códice de el Sol Negro;Aurelius Vance;Botánica Arcana;1189;792;3,82;49
cf4967d7-81ed;La Esencia de las Almas de Plomo;Balthazar Vance;Historia de la Piedra;1368;1295;1,43;30
082f4765-b2fc;Vórtice de el Sol Negro;Caspian Sterling;Historia de la Piedra;1975;733;4,79;23
5473f5ee-1571;Sombras sobre el Sol Negro;Morgana Vance;Transmutación Metálica;1856;249;2,62;15
8e24ebec-a36d;El Enigma de la Transmutación Infinitas;Balthazar Vance;Historia de la Piedra;1359;111;1,74;42
9b18d027-372e;Sombras sobre el Azufre Sagrado;Caspian Sterling;Botánica Arcana;1379;971;4,33;50
f0655fa9-00a5;Tratado de el Sol Negro;Thalric Crowley;Botánica Arcana;2021;977;2,24;32
54debc9e-6cc7;Espejos de el Azufre Sagrado;Morgana Blackwood;Transmutación Metálica;1533;1015;1,03;46
969a02ea-4397;Sombras sobre la Quintaesencia;Isolde Crowley;Historia de la Piedra;1171;1146;4,32;41
01efa66b-9120;La Esencia de la Quintaesencia;Aurelius Grimoire;Transmutación Metálica;2000;1369;1,95;32
c22c6cf2-b2ad;El Aliento de el Mercurio Rojo;Balthazar Grimoire;Transmutación Metálica;1485;1020;4,13;48
d645c1f4-f8a2;Vórtice de el Mercurio Rojo;Seraphine Blackwood;Alquimia Teórica;1374;863;2,73;48
8cd46cfd-797d;Tratado de el Mercurio Rojo;Seraphine Flamel;Alquimia Teórica;1163;705;4,68;39
99e7d03f-afc2;La Esencia de el Mercurio Rojo;Morgana Flamel;Alquimia Teórica;1387;1063;4,04;9
2df99b7e-4922;Vórtice de la Quintaesencia;Elara Blackwood;Historia de la Piedra;1561;1048;4,95;45
f16cdc68-46c2;Códice de la Transmutación Infinitas;Balthazar Blackwood;Filosofía Prohibida;1631;747;2,76;4
50f9585b-563f;Sombras sobre la Transmutación Infinitas;Isolde Crowley;Filosofía Prohibida;1955;699;3,25;25
3a9d217c-fc26;Tratado de el Mercurio Rojo;Balthazar Grimoire;Historia de la Piedra;1196;546;4,91;13
6631cfe9-ae60;El Aliento de el Mercurio Rojo;Caspian Crowley;Historia de la Piedra;1118;1482;2,94;11
1ce64863-3200;Vórtice de la Quintaesencia;Isolde Crowley;Historia de la Piedra;1480;374;2,07;6
b6b2de41-75ea;Vórtice de la Transmutación Infinitas;Aurelius Vance;Alquimia Teórica;1371;1303;2,24;38
20b14142-3002;Vórtice de el Sol Negro;Thalric Flamel;Botánica Arcana;1235;243;3,75;35
bb23522e-f5b9;El Enigma de las Almas de Plomo;Thalric Vance;Transmutación Metálica;1821;966;2,86;23
4e8c0291-01be;Vórtice de la Quintaesencia;Balthazar Nightshade;Alquimia Teórica;1295;369;3,83;19
0a4e4a93-27c0;Vórtice de el Mercurio Rojo;Caspian Sterling;Filosofía Prohibida;1501;1492;3,98;33
24d9308a-357f;El Enigma de el Azufre Sagrado;Aurelius Grimoire;Alquimia Teórica;1235;698;1,92;23
52558d63-8d7d;El Aliento de la Transmutación Infinitas;Thalric Grimoire;Transmutación Metálica;1500;215;1,84;45
c59689fd-7c76;Códice de las Almas de Plomo;Seraphine Grimoire;Historia de la Piedra;1599;1031;3,34;30
dfb46574-5937;Códice de el Azufre Sagrado;Balthazar Crowley;Transmutación Metálica;1894;1079;2,56;28
2dbe7b47-15f8;Códice de el Azufre Sagrado;Isolde Blackwood;Alquimia Teórica;1601;1129;1,16;5
b734994f-104c;Tratado de la Quintaesencia;Caspian Crowley;Alquimia Teórica;1751;270;4,16;36
6b610999-2126;Tratado de el Azufre Sagrado;Balthazar Flamel;Alquimia Teórica;1982;82;4,72;31
a2ec6d6d-f886;Sombras sobre la Quintaesencia;Isolde Grimoire;Alquimia Teórica;1907;1220;2,01;0
1045bcd5-3d6f;Sombras sobre las Almas de Plomo;Balthazar Grimoire;Alquimia Teórica;1947;1428;2,23;1
d4e1c98c-2d42;El Aliento de la Transmutación Infinitas;Morgana Crowley;Historia de la Piedra;1841;704;1,98;5
ea37b4a1-2fff;Espejos de las Almas de Plomo;Balthazar Crowley;Botánica Arcana;1405;1120;2,04;10
d66deef5-f905;Espejos de el Azufre Sagrado;Caspian Crowley;Filosofía Prohibida;1532;522;3,48;42
57ddb31c-fcd5;Espejos de las Almas de Plomo;Morgana Crowley;Transmutación Metálica;1571;1362;4,64;32
49f3a8f0-aee7;Sombras sobre el Sol Negro;Isolde Grimoire;Transmutación Metálica;1448;590;1,48;5
6cddb48a-f2fa;Espejos de las Almas de Plomo;Isolde Blackwood;Filosofía Prohibida;1583;170;4;28
4bc974e0-a1a7;Tratado de la Quintaesencia;Aurelius Vance;Botánica Arcana;1435;1299;1,39;48
14a17df6-f3be;Espejos de el Azufre Sagrado;Elara Blackwood;Alquimia Teórica;1977;172;3,55;49
35f9f34d-4bdc;Códice de las Almas de Plomo;Thalric Grimoire;Transmutación Metálica;1501;957;3,6;7
b3f92f8d-44e9;La Esencia de las Almas de Plomo;Aurelius Vance;Filosofía Prohibida;1228;929;1,93;3
baee8029-c5a3;Espejos de el Azufre Sagrado;Balthazar Blackwood;Botánica Arcana;1488;427;2,05;11
4f40e9b6-f983;Vórtice de la Transmutación Infinitas;Isolde Blackwood;Botánica Arcana;1242;872;2,95;21
aaef464f-cc6e;Tratado de el Azufre Sagrado;Caspian Blackwood;Historia de la Piedra;1535;147;1,69;1
4a95c601-6fb7;Espejos de el Sol Negro;Isolde Crowley;Alquimia Teórica;1426;1248;4;50
b404fc8b-a68d;El Aliento de las Almas de Plomo;Thalric Nightshade;Historia de la Piedra;2022;611;3,82;36
fcf4419e-0738;Tratado de la Transmutación Infinitas;Morgana Vance;Historia de la Piedra;1711;549;1,62;0
4e2a10c6-627a;Vórtice de el Sol Negro;Morgana Nightshade;Historia de la Piedra;1233;778;4,11;35
a5346171-e398;Vórtice de el Azufre Sagrado;Elara Vance;Transmutación Metálica;2026;244;1,1;28
9849bc0d-d69d;La Esencia de la Transmutación Infinitas;Aurelius Flamel;Historia de la Piedra;1370;1452;1,16;9
c91ddccf-e408;Sombras sobre el Sol Negro;Balthazar Nightshade;Botánica Arcana;1703;776;3,04;1
7174b8ee-794a;La Esencia de el Azufre Sagrado;Balthazar Nightshade;Filosofía Prohibida;1695;592;3,37;39
0d2b845d-0c79;Vórtice de la Transmutación Infinitas;Seraphine Flamel;Botánica Arcana;1335;1116;4,87;18
4e97a4de-5379;Tratado de la Transmutación Infinitas;Aurelius Crowley;Filosofía Prohibida;1144;801;1,63;3
00b5db27-e3a2;Tratado de las Almas de Plomo;Balthazar Sterling;Filosofía Prohibida;1947;1417;4,98;15
c1039968-ae01;Tratado de el Azufre Sagrado;Morgana Crowley;Historia de la Piedra;1872;155;4,84;27
3c8894d3-06a6;Vórtice de el Mercurio Rojo;Balthazar Blackwood;Alquimia Teórica;1164;786;2,33;41
95c0e7d0-38b5;El Enigma de el Sol Negro;Seraphine Sterling;Historia de la Piedra;1618;318;1,82;49
30d20a2f-6e99;Tratado de las Almas de Plomo;Elara Nightshade;Alquimia Teórica;1354;1288;1,76;33
a43c8275-dfd2;Vórtice de el Mercurio Rojo;Aurelius Flamel;Historia de la Piedra;1772;757;1,67;38
9d3dc905-bdd9;La Esencia de la Transmutación Infinitas;Balthazar Flamel;Transmutación Metálica;1308;560;3,38;27
3a5871f8-f73f;Sombras sobre la Transmutación Infinitas;Caspian Flamel;Alquimia Teórica;1207;1204;4,36;39
64b9268a-c449;Tratado de el Azufre Sagrado;Isolde Crowley;Transmutación Metálica;1737;1101;3,43;5
45293cb2-5a9f;Tratado de las Almas de Plomo;Aurelius Blackwood;Alquimia Teórica;1394;1492;4,37;36
b60adc6b-3ff0;Vórtice de la Quintaesencia;Balthazar Crowley;Historia de la Piedra;1784;688;4,72;50
8a08d389-b720;El Aliento de la Quintaesencia;Caspian Crowley;Historia de la Piedra;1555;1182;4,43;31
f524a66d-c156;Vórtice de el Mercurio Rojo;Aurelius Vance;Filosofía Prohibida;1968;654;1,02;1
a8d8315a-0a4e;Sombras sobre el Sol Negro;Isolde Grimoire;Filosofía Prohibida;1997;1471;5;18
1712dfb1-53ec;La Esencia de las Almas de Plomo;Thalric Blackwood;Historia de la Piedra;1743;888;3,71;39
37dcdf87-9f0e;La Esencia de el Mercurio Rojo;Caspian Flamel;Alquimia Teórica;1369;124;3,78;23
d0bc1c1c-7653;El Aliento de el Sol Negro;Caspian Blackwood;Alquimia Teórica;1432;821;3,87;13
daa223c5-2275;Vórtice de el Azufre Sagrado;Isolde Nightshade;Alquimia Teórica;1865;1252;3,27;32
8177b863-bb79;Espejos de el Azufre Sagrado;Elara Grimoire;Transmutación Metálica;1148;1073;4,76;17
2ab24bcd-5fcd;Sombras sobre las Almas de Plomo;Elara Sterling;Filosofía Prohibida;1452;1321;3,31;23
1533d3ae-f6fd;Vórtice de la Quintaesencia;Seraphine Grimoire;Historia de la Piedra;1754;307;3,71;35
a9eb32c2-b210;El Aliento de el Azufre Sagrado;Elara Sterling;Botánica Arcana;1386;778;4,86;3
44ad498c-cb54;El Aliento de el Azufre Sagrado;Morgana Grimoire;Transmutación Metálica;1658;447;1,18;35
d72955f4-68cf;El Aliento de las Almas de Plomo;Balthazar Crowley;Alquimia Teórica;1609;93;2,87;2
fb6d76b9-fc53;La Esencia de la Transmutación Infinitas;Isolde Crowley;Transmutación Metálica;1366;1134;3;24
19d5d172-89ee;El Enigma de la Quintaesencia;Balthazar Crowley;Filosofía Prohibida;1944;977;3,92;3
e8082cf1-561f;Sombras sobre el Azufre Sagrado;Seraphine Blackwood;Filosofía Prohibida;1253;1217;1,51;40
3050bacc-2b18;Espejos de el Sol Negro;Caspian Flamel;Alquimia Teórica;1293;283;1,43;2
b92eea9c-be6d;Espejos de la Quintaesencia;Elara Blackwood;Alquimia Teórica;1403;1110;4,95;12
e1f32ecd-4336;La Esencia de el Sol Negro;Isolde Sterling;Alquimia Teórica;1729;336;4,96;24
f0be581f-f6dd;Sombras sobre las Almas de Plomo;Caspian Nightshade;Botánica Arcana;1890;1420;2,61;26
fa083081-3c6f;La Esencia de el Sol Negro;Morgana Blackwood;Alquimia Teórica;1806;1315;1,49;39
939f9b89-3dd1;Espejos de las Almas de Plomo;Thalric Nightshade;Transmutación Metálica;1787;1249;3,99;17
dbff7f18-aa57;La Esencia de la Transmutación Infinitas;Elara Sterling;Transmutación Metálica;1898;1288;1,73;13
4f1f5197-9b09;Sombras sobre la Transmutación Infinitas;Morgana Blackwood;Alquimia Teórica;1734;1038;1,59;5
97e94f06-8f96;Espejos de las Almas de Plomo;Elara Flamel;Alquimia Teórica;1871;1435;4,64;16
a9b0ce58-d34a;Sombras sobre las Almas de Plomo;Aurelius Crowley;Alquimia Teórica;1962;251;4,75;37
e06824b0-b58b;El Aliento de el Azufre Sagrado;Caspian Flamel;Transmutación Metálica;1511;357;1,99;17
3b4ed27c-03c0;El Enigma de el Sol Negro;Seraphine Nightshade;Filosofía Prohibida;1972;875;4,14;11
b064b87e-ba68;Vórtice de el Sol Negro;Aurelius Nightshade;Transmutación Metálica;1737;1162;4,98;49
c41ca451-ae7a;Sombras sobre el Azufre Sagrado;Aurelius Vance;Transmutación Metálica;1897;464;3,79;50
179115cb-ef64;El Enigma de el Mercurio Rojo;Aurelius Vance;Botánica Arcana;1349;1086;3,61;33
21d634ac-6d8b;Vórtice de las Almas de Plomo;Thalric Sterling;Botánica Arcana;1996;1321;2,75;33
9f899a65-fe63;Tratado de el Mercurio Rojo;Morgana Vance;Historia de la Piedra;1520;555;3,97;32
7b17fe91-0079;Códice de el Sol Negro;Isolde Sterling;Botánica Arcana;1807;264;4,4;23
d7d86711-724e;La Esencia de el Mercurio Rojo;Isolde Crowley;Alquimia Teórica;1441;1407;4,51;28
fe567fc2-01af;Espejos de la Quintaesencia;Isolde Sterling;Botánica Arcana;1980;282;1,69;2
a2712f1b-8c6b;El Aliento de la Transmutación Infinitas;Balthazar Sterling;Transmutación Metálica;1859;603;3,02;45
3675aecb-3622;Tratado de la Transmutación Infinitas;Morgana Grimoire;Alquimia Teórica;1190;1375;3,11;21
95420f9e-383c;Tratado de el Azufre Sagrado;Isolde Flamel;Transmutación Metálica;1638;436;4,34;17
cd3b42bd-4c14;Tratado de las Almas de Plomo;Morgana Blackwood;Historia de la Piedra;2003;521;4,4;26
cd1d182b-0430;El Enigma de el Mercurio Rojo;Thalric Crowley;Alquimia Teórica;1422;695;4,64;11
e16156d3-0765;Códice de el Azufre Sagrado;Isolde Blackwood;Alquimia Teórica;1939;1378;2,9;35
1e2baa29-55f8;Espejos de el Sol Negro;Thalric Blackwood;Botánica Arcana;1838;1373;1,49;30
4857ba87-1f21;Sombras sobre las Almas de Plomo;Aurelius Sterling;Historia de la Piedra;1824;421;2,49;50
e8ac2bd1-167c;La Esencia de el Sol Negro;Caspian Flamel;Filosofía Prohibida;1563;1104;2,57;49
1f713f76-a461;La Esencia de las Almas de Plomo;Elara Nightshade;Botánica Arcana;1265;561;1,02;13
d873d21b-d0f0;Vórtice de el Azufre Sagrado;Aurelius Flamel;Filosofía Prohibida;1779;98;1,22;3
e12d0d1d-d96e;Códice de la Quintaesencia;Elara Nightshade;Historia de la Piedra;1682;1390;2,22;19
1edf6d9c-2c83;La Esencia de la Quintaesencia;Seraphine Nightshade;Alquimia Teórica;1209;1141;2,38;0
ff7968d3-df77;El Aliento de las Almas de Plomo;Elara Crowley;Filosofía Prohibida;1517;807;3,3;1
9afe1d51-36d6;Sombras sobre las Almas de Plomo;Caspian Blackwood;Alquimia Teórica;1790;372;4,73;18
427327f7-6284;Vórtice de la Transmutación Infinitas;Aurelius Nightshade;Botánica Arcana;1289;669;3,11;2
43b8b8dc-b21f;Vórtice de la Transmutación Infinitas;Morgana Vance;Botánica Arcana;1725;98;3,38;1
bf435789-ca96;Espejos de el Mercurio Rojo;Thalric Blackwood;Filosofía Prohibida;1744;87;3,98;37
31169840-096b;Espejos de la Transmutación Infinitas;Thalric Vance;Botánica Arcana;1850;756;3,68;23
e899667f-09c8;Códice de el Sol Negro;Balthazar Grimoire;Alquimia Teórica;1914;1123;5;35
0f4aa420-e58a;El Enigma de el Mercurio Rojo;Balthazar Grimoire;Filosofía Prohibida;1794;1290;2,39;19
7546c90d-0032;La Esencia de el Mercurio Rojo;Seraphine Sterling;Transmutación Metálica;2007;1116;3,94;33
a35114b1-9b48;Espejos de el Sol Negro;Caspian Blackwood;Botánica Arcana;1700;1231;2;23
9393b9e9-e576;La Esencia de las Almas de Plomo;Morgana Flamel;Filosofía Prohibida;1641;1159;4,64;19
34b455e9-3005;Códice de la Transmutación Infinitas;Balthazar Nightshade;Botánica Arcana;1114;186;2,99;31
a04a936a-683a;Tratado de el Mercurio Rojo;Isolde Crowley;Filosofía Prohibida;1558;641;2,79;20
bb25ea3c-17b5;Vórtice de el Sol Negro;Aurelius Nightshade;Filosofía Prohibida;1931;437;1,41;8
8279be7d-0def;Vórtice de el Mercurio Rojo;Aurelius Grimoire;Alquimia Teórica;1969;999;2,65;43
08cf53ac-2e00;La Esencia de el Sol Negro;Seraphine Grimoire;Historia de la Piedra;1686;340;3,57;46
ecb54c4a-c9a1;Tratado de la Transmutación Infinitas;Balthazar Sterling;Alquimia Teórica;1253;279;2,47;18
cf1b5f84-dcf2;Códice de el Mercurio Rojo;Caspian Grimoire;Historia de la Piedra;1780;165;1,35;11
efc70f70-01e0;Vórtice de el Azufre Sagrado;Isolde Vance;Alquimia Teórica;1633;1449;4,97;36
8aa64890-732a;Tratado de la Transmutación Infinitas;Thalric Sterling;Alquimia Teórica;1243;1493;1,9;11
c14f989e-1c63;El Aliento de el Sol Negro;Thalric Vance;Botánica Arcana;1966;999;2,42;24
5f23daf9-cae0;Códice de la Transmutación Infinitas;Isolde Grimoire;Transmutación Metálica;1826;1261;3,97;41
777db2b6-cc75;Tratado de la Transmutación Infinitas;Elara Blackwood;Alquimia Teórica;1211;366;3,3;41
31948f9a-dc54;Tratado de la Transmutación Infinitas;Thalric Nightshade;Botánica Arcana;1608;1296;1,83;36
8fab55b5-c2a6;Tratado de las Almas de Plomo;Thalric Nightshade;Historia de la Piedra;1307;112;2,05;20
0854d9b2-b4b8;Tratado de el Azufre Sagrado;Elara Grimoire;Alquimia Teórica;1676;569;4,98;28
070c66fa-534d;Tratado de las Almas de Plomo;Thalric Blackwood;Historia de la Piedra;1916;210;1,36;45
55e21fba-69f4;Sombras sobre el Azufre Sagrado;Seraphine Vance;Botánica Arcana;1669;219;2,17;36
0647695c-1c0e;Espejos de el Mercurio Rojo;Thalric Blackwood;Botánica Arcana;1371;124;1,6;21
342d9443-8fe0;Vórtice de el Sol Negro;Caspian Nightshade;Alquimia Teórica;1152;112;2,88;13
d3577b5e-01a5;Sombras sobre la Quintaesencia;Seraphine Nightshade;Alquimia Teórica;1375;660;4,16;40
dc6b62ca-9ebb;Espejos de el Mercurio Rojo;Elara Grimoire;Historia de la Piedra;1817;1404;4,13;36
4733a09a-9a0f;Vórtice de el Azufre Sagrado;Morgana Sterling;Alquimia Teórica;1574;1310;2,6;9
3fd25c9e-3971;Vórtice de el Azufre Sagrado;Elara Nightshade;Alquimia Teórica;1104;1122;2,61;48
590db809-4902;Sombras sobre la Quintaesencia;Seraphine Vance;Filosofía Prohibida;1380;1409;4,89;18
a3cd5ee0-2b20;El Aliento de las Almas de Plomo;Thalric Nightshade;Botánica Arcana;1179;1275;4,62;4
60e49bc2-2d08;Tratado de el Sol Negro;Elara Grimoire;Filosofía Prohibida;1134;833;4,38;6
77873afc-d5f1;Vórtice de la Quintaesencia;Caspian Grimoire;Alquimia Teórica;1679;298;1,35;47
3d2ddd5d-aaf5;Códice de la Transmutación Infinitas;Balthazar Nightshade;Botánica Arcana;1464;734;2,97;0
a6360144-ad69;La Esencia de el Azufre Sagrado;Balthazar Nightshade;Botánica Arcana;1502;224;3,14;2
2bc3a935-2f98;Códice de las Almas de Plomo;Morgana Nightshade;Historia de la Piedra;1741;1097;4,22;46
61331819-48f6;El Aliento de el Mercurio Rojo;Thalric Crowley;Transmutación Metálica;1815;589;3,19;35
0af7af5a-57a8;Espejos de la Transmutación Infinitas;Seraphine Crowley;Botánica Arcana;1816;414;4,79;45
33051a17-9244;Vórtice de el Sol Negro;Caspian Crowley;Transmutación Metálica;1777;861;4,12;24
25b414b2-7071;El Aliento de la Transmutación Infinitas;Elara Flamel;Alquimia Teórica;1375;1373;1,43;3
8bc40b10-e834;Tratado de la Transmutación Infinitas;Isolde Nightshade;Alquimia Teórica;1687;1097;2,06;25
1fa96eb4-9928;Vórtice de el Mercurio Rojo;Elara Vance;Botánica Arcana;1526;661;2,21;10
882b8f74-49a3;Códice de la Transmutación Infinitas;Seraphine Nightshade;Alquimia Teórica;1444;306;1,06;39
e4a5747e-bbbf;La Esencia de las Almas de Plomo;Morgana Crowley;Filosofía Prohibida;1265;1117;1,34;8
24775c5c-89b1;La Esencia de las Almas de Plomo;Morgana Crowley;Alquimia Teórica;1296;376;3,22;1
238657f5-1008;Códice de las Almas de Plomo;Caspian Crowley;Transmutación Metálica;1185;1182;2,65;12
65f4efb4-8996;Sombras sobre las Almas de Plomo;Elara Vance;Botánica Arcana;1697;1076;4,23;8
6dc6134f-17a9;La Esencia de la Quintaesencia;Morgana Flamel;Alquimia Teórica;1740;553;3,2;39
c1fab810-bccd;Vórtice de el Mercurio Rojo;Aurelius Crowley;Botánica Arcana;1584;106;4,55;50
a1698adc-a393;La Esencia de el Mercurio Rojo;Aurelius Vance;Historia de la Piedra;1837;1060;3,11;34
a1f02e2e-46ff;El Aliento de el Sol Negro;Morgana Grimoire;Historia de la Piedra;1966;932;1,12;27
d06f1004-c29f;Vórtice de la Quintaesencia;Isolde Vance;Alquimia Teórica;1994;1128;3,37;35
e285034c-1866;La Esencia de el Sol Negro;Aurelius Flamel;Historia de la Piedra;1885;1178;3,7;23
e6dc6ed7-0739;El Enigma de el Sol Negro;Elara Crowley;Transmutación Metálica;1639;741;2,77;25
cac72f03-f0d8;Espejos de la Quintaesencia;Elara Sterling;Botánica Arcana;1146;775;2,86;19
9a2185ae-eaa1;La Esencia de la Transmutación Infinitas;Morgana Crowley;Historia de la Piedra;1373;933;3,01;31
c156cf95-a934;El Aliento de la Quintaesencia;Elara Sterling;Botánica Arcana;1236;1112;4,55;19
5a2614fb-bed2;La Esencia de la Transmutación Infinitas;Caspian Nightshade;Alquimia Teórica;1894;365;1,48;47
7e53ec9e-b191;Vórtice de las Almas de Plomo;Seraphine Blackwood;Alquimia Teórica;1121;1201;3,76;40
64c605e1-c8bd;Códice de la Transmutación Infinitas;Caspian Crowley;Transmutación Metálica;1530;677;2,79;8
be6d8ffc-13d5;El Aliento de el Sol Negro;Balthazar Sterling;Botánica Arcana;1908;1109;2,03;33
d276fa11-b64a;Tratado de el Mercurio Rojo;Aurelius Flamel;Alquimia Teórica;1924;1420;3,02;24
10f2b6db-e077;La Esencia de las Almas de Plomo;Caspian Flamel;Filosofía Prohibida;1996;1017;1,23;42
5db813ab-e231;El Aliento de el Mercurio Rojo;Aurelius Blackwood;Transmutación Metálica;1708;922;2,43;28
b57110cf-d293;Sombras sobre el Mercurio Rojo;Seraphine Grimoire;Transmutación Metálica;1114;569;1,32;26
94763247-548b;Vórtice de la Quintaesencia;Thalric Flamel;Filosofía Prohibida;1450;239;2,51;14
64d6f440-a85b;El Enigma de la Quintaesencia;Seraphine Blackwood;Alquimia Teórica;1484;279;3,24;34
963222de-5c79;Vórtice de el Sol Negro;Balthazar Crowley;Transmutación Metálica;1930;1435;2,77;36
eb74a2ce-ad8b;El Aliento de las Almas de Plomo;Aurelius Nightshade;Filosofía Prohibida;1872;870;3,55;28
c0910a4c-4375;Tratado de la Quintaesencia;Elara Vance;Transmutación Metálica;1211;1496;4,35;25
e164ddfb-8177;Espejos de la Quintaesencia;Isolde Grimoire;Botánica Arcana;1259;455;2,26;10
b623e476-8ea3;El Aliento de la Quintaesencia;Thalric Grimoire;Filosofía Prohibida;1333;936;3,18;37
f4ab7bc9-9291;La Esencia de la Quintaesencia;Aurelius Nightshade;Botánica Arcana;1960;144;2,49;44
abc99047-d79a;Vórtice de la Quintaesencia;Elara Vance;Botánica Arcana;1906;193;1,76;41
8d05cd3f-7973;Espejos de las Almas de Plomo;Morgana Nightshade;Filosofía Prohibida;1187;932;1,53;21
268679f8-0d26;El Enigma de la Quintaesencia;Morgana Nightshade;Botánica Arcana;1340;1469;2,42;37
f351a178-7f0c;Vórtice de el Sol Negro;Isolde Flamel;Alquimia Teórica;1951;247;2;17
5ec2b0d2-8702;La Esencia de las Almas de Plomo;Balthazar Crowley;Historia de la Piedra;1532;253;1,69;29
11726fd1-2aa8;La Esencia de las Almas de Plomo;Aurelius Flamel;Historia de la Piedra;1952;206;4,24;7
6006fc82-5974;Espejos de el Azufre Sagrado;Aurelius Crowley;Filosofía Prohibida;1709;1102;2,38;3
791d46a3-aea4;Espejos de la Quintaesencia;Thalric Vance;Filosofía Prohibida;1963;804;1,25;29
f122d97e-7316;La Esencia de el Mercurio Rojo;Caspian Nightshade;Historia de la Piedra;1418;788;2,07;0
3bde2bda-258a;Códice de el Mercurio Rojo;Seraphine Nightshade;Filosofía Prohibida;1532;746;3,51;45
af889245-2dbb;Sombras sobre el Sol Negro;Caspian Flamel;Alquimia Teórica;1784;677;4,47;36
ee29457d-f8c9;Vórtice de las Almas de Plomo;Elara Blackwood;Filosofía Prohibida;1121;502;1,05;49
d218417d-1912;Sombras sobre la Quintaesencia;Elara Vance;Transmutación Metálica;1496;1043;3,94;30
7c69d9eb-71e0;Espejos de el Mercurio Rojo;Morgana Vance;Transmutación Metálica;1422;646;4,82;35
6c76ae6e-66e7;Códice de el Mercurio Rojo;Caspian Flamel;Alquimia Teórica;1419;165;2,07;42
9457fa1b-dae5;Sombras sobre el Mercurio Rojo;Thalric Grimoire;Filosofía Prohibida;1634;662;4,21;24
3f0338b8-b21b;Códice de el Azufre Sagrado;Aurelius Flamel;Historia de la Piedra;1933;1297;1,67;5
2377d853-b50d;Vórtice de la Quintaesencia;Balthazar Flamel;Transmutación Metálica;1428;1409;1,63;44
240bd39c-30e9;El Enigma de las Almas de Plomo;Morgana Vance;Filosofía Prohibida;1896;1301;1,88;7
3552227c-9fba;Códice de las Almas de Plomo;Seraphine Sterling;Alquimia Teórica;2006;314;2,94;30
15872fca-f76e;El Aliento de la Quintaesencia;Thalric Sterling;Transmutación Metálica;1127;891;4,99;9
92d22b78-3744;El Enigma de las Almas de Plomo;Morgana Sterling;Historia de la Piedra;1978;1172;2,52;19
8472b343-1ed4;El Aliento de el Sol Negro;Balthazar Vance;Historia de la Piedra;1532;602;3,98;2
b135f83b-cb76;El Aliento de las Almas de Plomo;Seraphine Flamel;Filosofía Prohibida;1893;1492;3,42;18
853381c6-e543;Sombras sobre la Transmutación Infinitas;Seraphine Crowley;Botánica Arcana;1858;827;3,4;14
81cb41d0-eb31;Espejos de el Mercurio Rojo;Seraphine Crowley;Historia de la Piedra;1327;463;4,68;31
71f0a5ed-a098;El Enigma de el Mercurio Rojo;Caspian Vance;Botánica Arcana;1260;1194;3,02;17
60b25b86-f5f4;Tratado de el Azufre Sagrado;Isolde Crowley;Botánica Arcana;1741;1371;1,96;36
0b098342-ffe5;Espejos de la Quintaesencia;Morgana Nightshade;Botánica Arcana;1618;1430;3,79;44
8fc8ace4-33ac;La Esencia de el Mercurio Rojo;Balthazar Grimoire;Alquimia Teórica;1578;1389;2,39;48
17f4ae1a-beb1;Sombras sobre el Sol Negro;Thalric Crowley;Filosofía Prohibida;1171;548;3,06;17
db153756-b6b4;El Enigma de el Mercurio Rojo;Morgana Sterling;Filosofía Prohibida;1448;901;2,25;46
e3bcf2f3-9dbf;El Aliento de la Transmutación Infinitas;Balthazar Nightshade;Historia de la Piedra;1495;874;2,72;50
d05b530f-2241;Tratado de el Sol Negro;Morgana Grimoire;Transmutación Metálica;2001;1035;3,05;17
7daeef1e-548d;Vórtice de la Transmutación Infinitas;Balthazar Nightshade;Historia de la Piedra;1217;685;2,19;33
7b3dae1d-f734;El Aliento de el Sol Negro;Elara Sterling;Alquimia Teórica;1466;146;3,61;1
4bbfc07f-8ac5;El Aliento de el Mercurio Rojo;Balthazar Nightshade;Botánica Arcana;1378;1416;2;33
315adc26-2969;Códice de el Sol Negro;Thalric Nightshade;Botánica Arcana;1337;1394;1,75;38
7652e002-21f0;Vórtice de la Quintaesencia;Isolde Vance;Filosofía Prohibida;1457;372;4,05;49
76283698-9d34;Vórtice de las Almas de Plomo;Aurelius Vance;Historia de la Piedra;1182;1163;3,47;1
9d9e791d-5ab8;La Esencia de la Transmutación Infinitas;Isolde Vance;Alquimia Teórica;1672;1110;3,61;5
217ecd43-a4c0;Espejos de la Quintaesencia;Morgana Vance;Filosofía Prohibida;1566;1323;2,16;17
8da0beaa-f828;Vórtice de las Almas de Plomo;Aurelius Blackwood;Filosofía Prohibida;1646;1243;2,43;12
8d02dd48-1153;El Enigma de la Quintaesencia;Seraphine Flamel;Filosofía Prohibida;1823;752;2,68;5
a2b66c5b-28d9;El Aliento de el Sol Negro;Elara Nightshade;Historia de la Piedra;1119;695;4,34;38
53cdeb7f-0917;Sombras sobre la Transmutación Infinitas;Morgana Sterling;Historia de la Piedra;1188;1131;1,88;0
ea5f3908-7475;Códice de el Sol Negro;Isolde Blackwood;Alquimia Teórica;1491;715;3,25;50
bb7c1c85-8488;El Enigma de el Mercurio Rojo;Aurelius Blackwood;Transmutación Metálica;1847;1467;1,97;22
2c4b8c9a-ac68;La Esencia de la Quintaesencia;Elara Crowley;Transmutación Metálica;1849;453;4,85;30
a6d322f8-0906;Vórtice de el Mercurio Rojo;Caspian Blackwood;Botánica Arcana;1415;282;4,57;5
2714e35a-e001;Códice de la Quintaesencia;Balthazar Grimoire;Filosofía Prohibida;1927;765;4,74;41
50b9852b-d38b;Códice de la Quintaesencia;Morgana Nightshade;Historia de la Piedra;1236;331;1,02;6
a6791e80-68e5;El Enigma de la Transmutación Infinitas;Morgana Vance;Filosofía Prohibida;1414;438;3,58;16
e7279370-c6ab;Sombras sobre la Quintaesencia;Morgana Crowley;Transmutación Metálica;1716;486;3,88;30
886bd1a8-e314;La Esencia de las Almas de Plomo;Balthazar Grimoire;Filosofía Prohibida;1273;929;3,99;27
29c4644e-c5a4;El Enigma de el Sol Negro;Thalric Grimoire;Historia de la Piedra;1798;1018;2,08;2
75649bf0-d7f4;La Esencia de el Azufre Sagrado;Seraphine Grimoire;Filosofía Prohibida;1208;1403;4,27;42
b885e3f9-0eda;El Enigma de la Transmutación Infinitas;Caspian Grimoire;Transmutación Metálica;1956;1411;4,08;2
7ac1a835-272c;El Aliento de el Azufre Sagrado;Elara Sterling;Historia de la Piedra;1747;1303;4,22;15
0c714ecc-6727;Sombras sobre la Quintaesencia;Aurelius Nightshade;Transmutación Metálica;1681;799;3,17;19
46f63a8f-8bb6;Códice de el Mercurio Rojo;Caspian Flamel;Botánica Arcana;1444;1250;4,66;4
12954e89-5f97;Vórtice de el Sol Negro;Thalric Crowley;Transmutación Metálica;1946;1171;4,25;27
1636e280-ce64;Tratado de el Sol Negro;Morgana Flamel;Transmutación Metálica;1468;227;3,65;6
7f567275-3b76;Espejos de la Quintaesencia;Seraphine Crowley;Transmutación Metálica;1171;1072;1,22;5
09829bfe-a69f;Espejos de el Azufre Sagrado;Balthazar Nightshade;Filosofía Prohibida;1917;399;1,34;38
19f765bd-1318;Sombras sobre la Transmutación Infinitas;Aurelius Vance;Transmutación Metálica;1165;173;1,84;47
81a12e11-5306;Sombras sobre la Quintaesencia;Thalric Flamel;Historia de la Piedra;1123;1052;3,25;6
98df7349-2e18;Espejos de la Quintaesencia;Balthazar Blackwood;Transmutación Metálica;1367;1219;2,67;18
d6113297-0cf2;Vórtice de la Quintaesencia;Seraphine Nightshade;Botánica Arcana;1805;450;1,28;6
9dc0ff57-bb7d;La Esencia de las Almas de Plomo;Balthazar Flamel;Historia de la Piedra;2002;368;3,38;38
756b6a5b-2d33;Sombras sobre el Azufre Sagrado;Thalric Grimoire;Transmutación Metálica;1644;1079;3,42;27
608ad806-a1e5;Tratado de el Mercurio Rojo;Balthazar Grimoire;Filosofía Prohibida;1666;323;2,82;8
989d85d5-f06d;La Esencia de la Quintaesencia;Morgana Blackwood;Botánica Arcana;1199;820;2,34;50
8cb5a783-1fdb;Espejos de las Almas de Plomo;Balthazar Crowley;Filosofía Prohibida;1948;156;1,02;0
ed836950-b6f6;El Aliento de la Transmutación Infinitas;Morgana Blackwood;Botánica Arcana;1272;446;3,14;40
b99590a5-ae53;El Aliento de el Sol Negro;Balthazar Grimoire;Botánica Arcana;1544;396;1,73;49
7fd386a2-11a6;El Aliento de el Sol Negro;Thalric Nightshade;Filosofía Prohibida;1710;1435;3,86;12
1d70a9c0-a434;El Enigma de la Quintaesencia;Morgana Vance;Botánica Arcana;1363;1338;3,9;1
6f4eeba7-1cb2;Vórtice de las Almas de Plomo;Morgana Vance;Transmutación Metálica;1425;532;3,29;41
4e206959-81cb;Tratado de el Sol Negro;Seraphine Grimoire;Filosofía Prohibida;1927;329;1,2;44
82d24ac4-f037;Espejos de el Mercurio Rojo;Balthazar Nightshade;Transmutación Metálica;1764;1264;3,63;47
a65b764a-b20f;El Aliento de la Quintaesencia;Caspian Vance;Historia de la Piedra;1882;1189;2,77;22
d83d6ecb-35d1;Códice de las Almas de Plomo;Elara Nightshade;Historia de la Piedra;1654;342;3,56;35
fded87ce-8c59;Sombras sobre la Transmutación Infinitas;Elara Sterling;Filosofía Prohibida;1683;270;1,98;48
4e2b7c7e-8110;El Aliento de las Almas de Plomo;Caspian Nightshade;Alquimia Teórica;1478;943;1,69;14
86b8e6b7-7a67;Espejos de el Sol Negro;Aurelius Flamel;Botánica Arcana;1520;1418;1,56;1
8b600400-8c90;El Aliento de las Almas de Plomo;Morgana Crowley;Historia de la Piedra;1608;521;3,58;39
ec678fe0-5259;Espejos de la Quintaesencia;Caspian Flamel;Transmutación Metálica;1490;255;2,5;2
85257555-abc0;Vórtice de la Transmutación Infinitas;Seraphine Sterling;Historia de la Piedra;1931;445;2,11;24
87044ed6-ba19;La Esencia de la Transmutación Infinitas;Morgana Crowley;Filosofía Prohibida;1110;1123;4,68;22
2dbda337-55dd;Vórtice de el Sol Negro;Thalric Flamel;Transmutación Metálica;1204;1070;4,37;9
9373a718-f55d;Vórtice de el Sol Negro;Balthazar Crowley;Historia de la Piedra;1501;1276;3,19;31
93c456c3-d501;Vórtice de la Transmutación Infinitas;Thalric Crowley;Alquimia Teórica;1360;918;4,63;1
f91b0af3-74d7;El Enigma de la Quintaesencia;Seraphine Sterling;Alquimia Teórica;1175;1001;3,02;6
49506987-391f;Vórtice de el Azufre Sagrado;Caspian Sterling;Alquimia Teórica;1402;298;1,62;40
7dc30b82-fc1e;Tratado de la Transmutación Infinitas;Caspian Sterling;Alquimia Teórica;1160;573;3,47;8
e7763575-e2f6;Espejos de las Almas de Plomo;Seraphine Flamel;Filosofía Prohibida;1814;1130;4,98;11
a2748cdc-187a;Espejos de las Almas de Plomo;Seraphine Flamel;Historia de la Piedra;1739;1222;4,83;36
947c2e27-42e7;Espejos de el Sol Negro;Seraphine Flamel;Botánica Arcana;1307;1041;1,46;7
d87373b3-e7f9;La Esencia de el Mercurio Rojo;Balthazar Crowley;Transmutación Metálica;1384;304;4,28;37
5f4f98d5-4e0d;Tratado de la Transmutación Infinitas;Morgana Sterling;Botánica Arcana;1972;1066;1,47;33
f25b2d68-d6c8;El Aliento de el Sol Negro;Elara Grimoire;Transmutación Metálica;1331;1407;1,91;23
96fdad2d-66f7;El Aliento de la Quintaesencia;Isolde Crowley;Historia de la Piedra;1693;676;3,08;17
2005e244-9f0e;Espejos de el Azufre Sagrado;Isolde Blackwood;Alquimia Teórica;1699;1094;2,78;32
2ce6723b-24e5;Sombras sobre el Mercurio Rojo;Thalric Nightshade;Botánica Arcana;1605;1209;3,87;30
05c0caf3-a8fa;Sombras sobre el Azufre Sagrado;Thalric Crowley;Historia de la Piedra;1799;1344;3,14;8
8d15a03a-b4b8;Tratado de el Mercurio Rojo;Isolde Flamel;Filosofía Prohibida;1238;817;4,9;2
f3582068-9f1f;El Enigma de las Almas de Plomo;Seraphine Flamel;Transmutación Metálica;2005;1337;2,87;47
a4bca0d9-bf47;El Enigma de la Quintaesencia;Thalric Flamel;Transmutación Metálica;1938;1232;1,22;20
e013e683-2fc5;El Aliento de las Almas de Plomo;Balthazar Sterling;Alquimia Teórica;1332;172;3,18;32
09dccd57-c83b;La Esencia de el Sol Negro;Seraphine Flamel;Filosofía Prohibida;1633;193;3,03;2
9585defd-d76d;La Esencia de el Mercurio Rojo;Balthazar Flamel;Filosofía Prohibida;1371;1385;1,89;26
6377dffe-473e;Sombras sobre la Transmutación Infinitas;Seraphine Sterling;Filosofía Prohibida;1675;745;3,72;8
366331ca-9379;La Esencia de el Mercurio Rojo;Thalric Flamel;Historia de la Piedra;1880;305;2,25;30
1ac68492-7556;Sombras sobre las Almas de Plomo;Aurelius Grimoire;Alquimia Teórica;1763;1406;4,34;5
76a9a796-7005;Espejos de el Sol Negro;Isolde Sterling;Alquimia Teórica;1492;1324;2,34;4
19294aee-6d36;Espejos de las Almas de Plomo;Aurelius Blackwood;Alquimia Teórica;1929;556;3,8;41
48758b7f-231c;La Esencia de el Azufre Sagrado;Thalric Grimoire;Transmutación Metálica;1705;1011;4,8;25
17f0ffd0-995b;El Aliento de el Mercurio Rojo;Seraphine Flamel;Historia de la Piedra;1290;276;1,58;0
9fa0bf8c-7615;Espejos de la Quintaesencia;Aurelius Nightshade;Botánica Arcana;1635;166;3,04;22
a1568dba-4e85;El Aliento de el Azufre Sagrado;Balthazar Flamel;Historia de la Piedra;1812;315;1,54;8
a564a32f-4f6e;Espejos de el Azufre Sagrado;Elara Vance;Filosofía Prohibida;1379;80;3,84;50
c62ec10a-98cc;El Aliento de la Quintaesencia;Elara Crowley;Botánica Arcana;1890;767;2,48;35
94934a8b-1840;El Aliento de la Transmutación Infinitas;Elara Flamel;Alquimia Teórica;1203;1315;2,1;41
fc8dcf1f-5c23;Códice de el Mercurio Rojo;Isolde Grimoire;Transmutación Metálica;1102;830;4,93;14
04cb44df-c6e0;El Aliento de el Azufre Sagrado;Morgana Sterling;Historia de la Piedra;1180;450;2,21;12
cf6eb93f-e1bc;El Enigma de la Quintaesencia;Aurelius Grimoire;Botánica Arcana;1127;442;2,78;36
0a9418c7-406c;Vórtice de la Quintaesencia;Elara Crowley;Botánica Arcana;1494;1177;1,96;26
072cccbe-48d5;Vórtice de la Quintaesencia;Elara Flamel;Filosofía Prohibida;1250;1359;2,84;25
33f50978-f873;El Aliento de el Mercurio Rojo;Aurelius Blackwood;Botánica Arcana;1625;775;3,12;20
bfc3bc3f-e8ca;Vórtice de la Quintaesencia;Morgana Sterling;Historia de la Piedra;1662;970;2,87;1
b2422492-279a;Vórtice de el Azufre Sagrado;Elara Blackwood;Transmutación Metálica;1773;1141;4,48;26
42755035-f69e;El Aliento de el Mercurio Rojo;Seraphine Grimoire;Filosofía Prohibida;1844;165;4,19;26
b4d5c4e9-43f0;Códice de las Almas de Plomo;Thalric Grimoire;Filosofía Prohibida;1378;540;2,59;9
6b8a6bce-5bd7;El Aliento de el Sol Negro;Caspian Grimoire;Filosofía Prohibida;1620;534;4,51;50
eb09acb5-648d;Espejos de la Quintaesencia;Balthazar Grimoire;Filosofía Prohibida;1356;784;4,85;41
45b10b07-add1;El Aliento de las Almas de Plomo;Aurelius Grimoire;Botánica Arcana;1639;187;1,16;42
d79594cd-9411;Vórtice de las Almas de Plomo;Isolde Grimoire;Botánica Arcana;1479;256;4,29;19
cd946ba7-a890;El Aliento de el Mercurio Rojo;Isolde Flamel;Botánica Arcana;1847;1440;1,26;0
b686a515-a750;Tratado de el Mercurio Rojo;Caspian Vance;Filosofía Prohibida;1117;592;3,95;40
a110a9cc-2786;Sombras sobre el Azufre Sagrado;Aurelius Blackwood;Botánica Arcana;2022;798;3,56;22
2554a8c0-3492;Códice de el Sol Negro;Isolde Flamel;Transmutación Metálica;1867;882;1,87;0
b76a4bd7-0425;Tratado de las Almas de Plomo;Isolde Vance;Filosofía Prohibida;1451;864;4,79;0
a6bbd167-77ab;El Aliento de las Almas de Plomo;Isolde Vance;Filosofía Prohibida;1747;262;3,35;14
223b0a35-cc07;Vórtice de la Transmutación Infinitas;Elara Sterling;Alquimia Teórica;1320;1319;4,41;45
99d0d948-c5ed;Tratado de el Azufre Sagrado;Morgana Crowley;Filosofía Prohibida;1625;773;3,52;10
32487a3c-5fcf;La Esencia de la Quintaesencia;Seraphine Crowley;Alquimia Teórica;1622;199;4,01;24
df027eee-9a29;La Esencia de el Mercurio Rojo;Seraphine Blackwood;Historia de la Piedra;1221;166;4,85;13
83a1ae8c-acff;El Aliento de el Sol Negro;Thalric Blackwood;Transmutación Metálica;1856;1424;3,69;46
26a338b0-c383;Tratado de el Mercurio Rojo;Isolde Vance;Transmutación Metálica;1386;697;4,85;21
95cb5f17-269a;La Esencia de la Transmutación Infinitas;Aurelius Crowley;Botánica Arcana;1666;390;4,03;7
95f10c88-6579;El Aliento de la Transmutación Infinitas;Thalric Crowley;Filosofía Prohibida;1387;853;3,95;30
a2c09404-f8e9;Códice de el Mercurio Rojo;Morgana Nightshade;Historia de la Piedra;1381;259;4,09;5
37f0429a-9faf;Vórtice de las Almas de Plomo;Thalric Nightshade;Botánica Arcana;1920;200;2,5;7
e0167584-1863;Espejos de el Sol Negro;Caspian Vance;Alquimia Teórica;1739;1086;2,01;8
0cc2cb6b-0d28;El Aliento de el Sol Negro;Caspian Flamel;Botánica Arcana;1459;590;3,86;21
2f61971d-eb24;Códice de el Sol Negro;Thalric Nightshade;Botánica Arcana;1214;1389;2,93;29
c09c7760-9ef5;Sombras sobre el Azufre Sagrado;Aurelius Flamel;Transmutación Metálica;1245;1289;4,67;28
a71f0d25-2c57;Sombras sobre el Azufre Sagrado;Balthazar Flamel;Filosofía Prohibida;1831;616;3,75;33
9528bc4b-c1cf;Vórtice de el Sol Negro;Elara Nightshade;Filosofía Prohibida;1530;1442;4,14;38
320de7fc-b220;Vórtice de la Transmutación Infinitas;Morgana Nightshade;Alquimia Teórica;1170;573;2,88;13
47c1eeac-df28;Códice de el Azufre Sagrado;Thalric Blackwood;Filosofía Prohibida;1920;305;3,56;44
ab9c26fe-7005;Tratado de las Almas de Plomo;Elara Blackwood;Alquimia Teórica;1512;177;1,33;1
99a4169b-1df2;La Esencia de el Mercurio Rojo;Seraphine Grimoire;Filosofía Prohibida;1894;85;2,1;3
53252305-e00d;Tratado de las Almas de Plomo;Isolde Vance;Historia de la Piedra;1296;329;4,1;24
7fd4416d-927e;Tratado de la Transmutación Infinitas;Thalric Blackwood;Alquimia Teórica;1584;244;3,56;38
f2b1063e-6fff;El Aliento de el Sol Negro;Morgana Crowley;Alquimia Teórica;1769;896;2,51;32
2a080c2a-7488;El Enigma de la Quintaesencia;Seraphine Blackwood;Transmutación Metálica;1863;562;2,38;0
5f578252-15f4;El Enigma de la Quintaesencia;Caspian Flamel;Historia de la Piedra;1275;237;4,13;43
d2c76bc5-7b06;La Esencia de el Sol Negro;Caspian Sterling;Alquimia Teórica;1147;412;4,09;41
84a2f4e9-6bfb;Tratado de el Sol Negro;Seraphine Sterling;Filosofía Prohibida;1336;141;4,71;8
5f7c3cef-e086;Códice de las Almas de Plomo;Isolde Vance;Historia de la Piedra;1461;1170;3,6;42
8635e81d-eb06;Tratado de la Quintaesencia;Morgana Grimoire;Alquimia Teórica;1809;863;3,66;36
16778628-8d06;Tratado de la Quintaesencia;Aurelius Grimoire;Alquimia Teórica;1762;152;2,23;5
1bdcfbdc-711c;Tratado de el Sol Negro;Balthazar Flamel;Transmutación Metálica;1126;507;3,27;17
21e6219a-89f3;Tratado de el Azufre Sagrado;Caspian Vance;Transmutación Metálica;1660;436;1,94;50
2359a37a-c317;Códice de el Mercurio Rojo;Elara Vance;Botánica Arcana;1958;1352;4,8;50
80a97f35-354f;Códice de las Almas de Plomo;Balthazar Vance;Alquimia Teórica;1454;257;1,64;20
172de354-3751;Sombras sobre el Sol Negro;Morgana Grimoire;Alquimia Teórica;1458;456;2,1;7
187ad347-464f;El Aliento de la Transmutación Infinitas;Seraphine Vance;Filosofía Prohibida;1743;387;3,46;24
6581f4e8-697e;Sombras sobre la Transmutación Infinitas;Seraphine Sterling;Transmutación Metálica;2010;851;3,84;31
2640335d-b4cf;El Enigma de el Mercurio Rojo;Isolde Grimoire;Filosofía Prohibida;1482;1164;3,23;49
951a5d1e-06be;Códice de la Quintaesencia;Aurelius Crowley;Transmutación Metálica;1766;136;4,91;22
7a5017ae-b6e4;Tratado de el Mercurio Rojo;Morgana Nightshade;Filosofía Prohibida;1177;1185;3,69;32
125adaca-5482;Sombras sobre el Azufre Sagrado;Thalric Vance;Historia de la Piedra;1223;679;3,62;35
191dbf26-50ad;El Aliento de el Azufre Sagrado;Morgana Flamel;Filosofía Prohibida;1105;464;2,79;15
7c6addc9-caf1;La Esencia de el Mercurio Rojo;Morgana Crowley;Transmutación Metálica;1806;957;3,01;44
f04fa6e8-d5f5;El Aliento de el Mercurio Rojo;Morgana Sterling;Alquimia Teórica;1626;1082;4,42;24
3bc996b9-17b7;El Aliento de las Almas de Plomo;Balthazar Blackwood;Botánica Arcana;1810;1387;4,47;16
9451f9bb-ffd3;Espejos de el Azufre Sagrado;Balthazar Blackwood;Transmutación Metálica;1371;1030;4,48;45
23bcc0b3-6a6e;Vórtice de la Quintaesencia;Morgana Blackwood;Botánica Arcana;1976;1040;2,77;47
cfa7e509-0c6b;Vórtice de el Mercurio Rojo;Isolde Grimoire;Transmutación Metálica;1159;1252;4,64;30
13e97fd7-e627;Sombras sobre el Azufre Sagrado;Morgana Sterling;Filosofía Prohibida;1662;1355;4,89;49
0a91b31d-7531;Tratado de el Mercurio Rojo;Morgana Blackwood;Botánica Arcana;1317;243;2,03;31
a299193c-0166;Sombras sobre el Sol Negro;Morgana Vance;Historia de la Piedra;1766;1171;4,95;11
77b27ee9-d738;Vórtice de el Sol Negro;Caspian Blackwood;Historia de la Piedra;1350;434;2,73;1
864c9294-90af;Vórtice de el Mercurio Rojo;Thalric Nightshade;Filosofía Prohibida;1124;1207;1;37
323fb3db-84ac;Sombras sobre el Azufre Sagrado;Isolde Vance;Historia de la Piedra;2014;803;3,89;44
39e633b5-c72e;La Esencia de las Almas de Plomo;Aurelius Nightshade;Botánica Arcana;1822;769;3,9;31
6fe5a03d-ef09;Vórtice de las Almas de Plomo;Seraphine Sterling;Historia de la Piedra;1178;343;1,86;17
6f93c002-d236;Códice de el Mercurio Rojo;Seraphine Vance;Filosofía Prohibida;1263;1091;1,86;38
60af8684-9276;Espejos de el Azufre Sagrado;Thalric Sterling;Transmutación Metálica;1388;690;2,59;23
8336a25e-2187;La Esencia de la Quintaesencia;Balthazar Blackwood;Transmutación Metálica;1755;426;1,88;4
4ff93771-dadf;Tratado de el Azufre Sagrado;Caspian Vance;Historia de la Piedra;1813;987;4,17;2
88d25997-5292;Espejos de las Almas de Plomo;Elara Blackwood;Filosofía Prohibida;1301;330;1,43;5
e17d80f1-cfd2;La Esencia de el Azufre Sagrado;Elara Vance;Historia de la Piedra;1771;518;2,52;37
7b4d3c05-8ac2;Tratado de el Azufre Sagrado;Isolde Vance;Filosofía Prohibida;1138;957;2,99;24
e0f544f3-ca72;Códice de la Transmutación Infinitas;Thalric Flamel;Filosofía Prohibida;1552;1179;1,4;16
a41860e8-28dc;El Enigma de la Quintaesencia;Caspian Sterling;Alquimia Teórica;1812;757;3,69;33
9ef98297-d1dd;Espejos de el Mercurio Rojo;Aurelius Grimoire;Botánica Arcana;1398;591;1,34;13
1d0dcf84-00fc;Vórtice de el Mercurio Rojo;Thalric Flamel;Transmutación Metálica;1998;219;1,28;29
824df1b1-44b7;Espejos de la Transmutación Infinitas;Morgana Nightshade;Transmutación Metálica;1481;1145;4,55;20
fa479ce9-70e6;El Aliento de las Almas de Plomo;Elara Blackwood;Botánica Arcana;1236;629;2,71;40
ed123a50-b638;Tratado de el Sol Negro;Balthazar Sterling;Filosofía Prohibida;1354;521;1,57;26
91cdccea-ab99;Códice de las Almas de Plomo;Balthazar Nightshade;Transmutación Metálica;1666;720;3,72;2
779e39a4-f8d2;Vórtice de las Almas de Plomo;Balthazar Flamel;Transmutación Metálica;1985;1356;2,55;31
634c0cbc-3b60;El Enigma de la Quintaesencia;Isolde Vance;Transmutación Metálica;1912;1065;2,45;18
cd44ba00-36f9;Sombras sobre el Sol Negro;Seraphine Nightshade;Alquimia Teórica;1622;773;4,9;44
dfb7e308-5400;El Enigma de el Sol Negro;Morgana Blackwood;Filosofía Prohibida;1905;1487;3,98;33
60bd41a9-9af3;Vórtice de el Sol Negro;Balthazar Sterling;Historia de la Piedra;1659;473;2,04;26
403d208b-979d;El Enigma de las Almas de Plomo;Thalric Crowley;Transmutación Metálica;1750;1325;3,82;44
14da3c29-3095;Códice de las Almas de Plomo;Thalric Sterling;Filosofía Prohibida;1868;478;4,97;23
0d42584c-ae27;Tratado de el Azufre Sagrado;Caspian Grimoire;Transmutación Metálica;1248;871;1,1;2
81f70c64-5fe1;Vórtice de la Transmutación Infinitas;Elara Sterling;Transmutación Metálica;1690;266;2;19
6da82853-8b76;Sombras sobre las Almas de Plomo;Seraphine Blackwood;Transmutación Metálica;1191;291;1,3;7
d7f9bcf5-65f5;Sombras sobre la Transmutación Infinitas;Isolde Nightshade;Alquimia Teórica;1841;1069;3,5;9
f197c2b6-604c;El Enigma de las Almas de Plomo;Seraphine Nightshade;Historia de la Piedra;1483;1407;2,38;11
6d26b890-a374;El Enigma de la Transmutación Infinitas;Isolde Flamel;Historia de la Piedra;1585;181;1,95;18
ab0d4719-f419;Sombras sobre la Transmutación Infinitas;Morgana Crowley;Transmutación Metálica;1736;1490;3,55;24
d97866dc-5aaf;El Enigma de la Quintaesencia;Morgana Crowley;Filosofía Prohibida;1974;1463;4,64;19
d8d84a8e-8ef5;Códice de la Transmutación Infinitas;Isolde Nightshade;Transmutación Metálica;1753;1371;3,26;15
49b45622-203a;Espejos de el Sol Negro;Aurelius Flamel;Botánica Arcana;1439;1007;3,3;0
c8c44bde-5a4e;Sombras sobre el Sol Negro;Isolde Nightshade;Filosofía Prohibida;1906;231;3,1;5
f9489db0-3453;La Esencia de las Almas de Plomo;Aurelius Vance;Botánica Arcana;1361;1428;4,47;45
0a2e903e-2b6e;Espejos de la Quintaesencia;Thalric Vance;Alquimia Teórica;1645;1350;4,67;24
d7300cc7-3a77;Tratado de la Quintaesencia;Elara Sterling;Transmutación Metálica;1365;159;4,09;21
412c0bf8-ccad;Códice de la Quintaesencia;Isolde Grimoire;Filosofía Prohibida;1467;1019;4,93;12
3701be66-be1a;La Esencia de la Transmutación Infinitas;Caspian Blackwood;Filosofía Prohibida;1913;851;4,56;28
b76a0ae3-d572;El Enigma de el Sol Negro;Elara Crowley;Historia de la Piedra;1882;934;4,13;37
912ed6fd-6121;El Enigma de las Almas de Plomo;Aurelius Crowley;Transmutación Metálica;1862;903;2,15;46
b2d41015-b3c4;Códice de las Almas de Plomo;Seraphine Grimoire;Transmutación Metálica;1625;1348;2,46;34
efd7e049-a27f;Tratado de las Almas de Plomo;Caspian Flamel;Filosofía Prohibida;1562;380;4,5;49
8796e512-2192;Tratado de la Quintaesencia;Morgana Grimoire;Filosofía Prohibida;1504;946;1,55;25
608efec7-1779;Espejos de el Mercurio Rojo;Isolde Grimoire;Botánica Arcana;1436;1261;1,89;23
23e95fd2-7605;Códice de la Transmutación Infinitas;Thalric Sterling;Alquimia Teórica;1344;1222;3,95;13
efed3477-5be1;Espejos de la Quintaesencia;Balthazar Crowley;Historia de la Piedra;1240;1366;3,05;23
da04311d-2f75;Tratado de el Azufre Sagrado;Aurelius Blackwood;Alquimia Teórica;2021;558;2,22;34
5edf9972-2312;Espejos de el Azufre Sagrado;Isolde Vance;Historia de la Piedra;1314;1043;2,37;22
1162e748-daee;La Esencia de el Sol Negro;Balthazar Flamel;Transmutación Metálica;1634;1256;3,04;36
12987f13-0229;Tratado de la Transmutación Infinitas;Caspian Grimoire;Botánica Arcana;1669;1016;1,26;4
35642b67-38f2;Vórtice de la Transmutación Infinitas;Aurelius Crowley;Historia de la Piedra;1525;1476;4,36;12
192b6daf-5f02;El Aliento de el Mercurio Rojo;Morgana Nightshade;Filosofía Prohibida;1833;332;4,52;39
69c6c7a4-9a7d;Sombras sobre las Almas de Plomo;Elara Vance;Botánica Arcana;1769;1093;2,24;13
c7b5945c-cf4c;Espejos de las Almas de Plomo;Seraphine Flamel;Transmutación Metálica;1681;1432;2,81;29
5f9de2bb-f0d4;Espejos de la Quintaesencia;Elara Vance;Botánica Arcana;1477;390;2,41;31
c533f7cf-94a5;Espejos de el Sol Negro;Seraphine Sterling;Botánica Arcana;1108;1134;1,25;30
8b101274-e390;El Aliento de el Sol Negro;Elara Grimoire;Transmutación Metálica;1543;612;1,3;42
d25d5510-0372;Códice de la Quintaesencia;Morgana Crowley;Transmutación Metálica;1245;613;3,74;43
64abf147-57b9;Tratado de la Transmutación Infinitas;Elara Nightshade;Historia de la Piedra;1647;1391;4,8;0
b30a9c85-3f5d;Códice de la Transmutación Infinitas;Balthazar Crowley;Alquimia Teórica;1551;1116;3,65;12
b029eef3-d4f5;Tratado de la Quintaesencia;Aurelius Blackwood;Botánica Arcana;1610;1053;3,1;16
6dbb5c48-83c8;Sombras sobre la Quintaesencia;Thalric Sterling;Alquimia Teórica;1761;561;2,27;2
244928f2-fba0;Espejos de el Sol Negro;Balthazar Grimoire;Alquimia Teórica;1444;290;4,32;3
f8760faa-330b;Códice de el Azufre Sagrado;Morgana Crowley;Historia de la Piedra;1709;367;3,98;24
f4e74474-b7e4;El Aliento de el Mercurio Rojo;Aurelius Grimoire;Historia de la Piedra;1572;1246;4,23;18
7ef374e2-5f87;El Enigma de la Transmutación Infinitas;Aurelius Flamel;Transmutación Metálica;1551;135;2,04;9
e8b0f3b3-ada8;Vórtice de el Sol Negro;Balthazar Grimoire;Historia de la Piedra;1125;1443;1,78;48
4b3cfc9c-6569;El Enigma de el Mercurio Rojo;Isolde Flamel;Filosofía Prohibida;1664;159;4,83;49
fb353867-b319;Tratado de el Azufre Sagrado;Balthazar Sterling;Botánica Arcana;1558;274;3,12;12
c44af7c0-bbe6;Códice de la Transmutación Infinitas;Aurelius Nightshade;Transmutación Metálica;1968;474;1,07;49
43dbcc9b-5e6b;La Esencia de el Mercurio Rojo;Seraphine Crowley;Historia de la Piedra;1325;441;4,62;24
802d7f20-2606;Vórtice de la Quintaesencia;Elara Nightshade;Alquimia Teórica;1276;940;1,48;39
08151c37-19aa;Tratado de la Transmutación Infinitas;Isolde Nightshade;Alquimia Teórica;1139;1493;4,55;11
1f145ed6-df4a;El Enigma de la Transmutación Infinitas;Aurelius Vance;Filosofía Prohibida;1481;1485;1,45;0
23ddd757-0563;Espejos de la Transmutación Infinitas;Aurelius Grimoire;Transmutación Metálica;1262;677;3,7;11
3b7b4e41-f665;Vórtice de la Transmutación Infinitas;Elara Grimoire;Botánica Arcana;1741;1371;2,18;17
8736f1c8-6549;Vórtice de la Transmutación Infinitas;Balthazar Flamel;Botánica Arcana;1912;262;3,61;5
f4fd11b7-fc7c;El Aliento de el Mercurio Rojo;Thalric Nightshade;Historia de la Piedra;1396;1412;4,56;5
a16dda50-b637;Espejos de las Almas de Plomo;Aurelius Flamel;Filosofía Prohibida;1523;1438;2,33;15
792e9a58-c50a;El Enigma de la Transmutación Infinitas;Thalric Blackwood;Historia de la Piedra;1313;1257;4,31;15
4ae309da-e6c6;Espejos de el Sol Negro;Seraphine Nightshade;Botánica Arcana;1495;1469;4,17;49
215db77a-0bdf;Espejos de las Almas de Plomo;Balthazar Vance;Alquimia Teórica;1759;1456;3,91;46
e6a4a215-9547;Vórtice de el Sol Negro;Isolde Sterling;Historia de la Piedra;1751;936;3,92;33
dbdb4c62-6ced;El Enigma de la Transmutación Infinitas;Morgana Sterling;Historia de la Piedra;1645;901;2,08;35
748e3fd9-2429;Tratado de el Sol Negro;Aurelius Grimoire;Alquimia Teórica;1150;1027;3,86;16
41c9034a-7b6a;La Esencia de el Sol Negro;Caspian Nightshade;Filosofía Prohibida;1134;1058;2,63;50
f0bcc658-724d;Espejos de la Transmutación Infinitas;Thalric Flamel;Historia de la Piedra;1265;1333;3,39;16
62810e80-8ce1;La Esencia de el Sol Negro;Aurelius Flamel;Alquimia Teórica;1698;1046;3,93;40
e6d3b904-9a4a;Vórtice de el Azufre Sagrado;Caspian Crowley;Alquimia Teórica;1336;1315;2,17;14
da18f156-cff3;La Esencia de el Sol Negro;Elara Crowley;Botánica Arcana;1540;679;2,66;0
4b3f445b-ef2c;Tratado de la Transmutación Infinitas;Seraphine Sterling;Alquimia Teórica;1856;1235;4,21;19
42d719b9-78f6;El Aliento de el Azufre Sagrado;Thalric Blackwood;Filosofía Prohibida;1218;112;1,4;22
ec78a745-10c2;La Esencia de el Mercurio Rojo;Aurelius Vance;Historia de la Piedra;1914;1293;4,79;4
c4a099c2-c6c9;La Esencia de la Transmutación Infinitas;Isolde Crowley;Botánica Arcana;1851;270;4,8;39
6ffc90ab-8385;El Enigma de el Mercurio Rojo;Aurelius Grimoire;Historia de la Piedra;1295;1415;2,24;8
e6aaeb2b-3c3c;Vórtice de la Quintaesencia;Seraphine Flamel;Filosofía Prohibida;1721;628;4,96;23
18f244ec-ac51;Espejos de el Sol Negro;Thalric Crowley;Botánica Arcana;1594;1142;3,07;4
1eafaec4-5c3e;El Aliento de las Almas de Plomo;Elara Crowley;Transmutación Metálica;1349;444;3,94;1
49984e7a-354a;Espejos de el Mercurio Rojo;Caspian Blackwood;Transmutación Metálica;1226;1033;1,98;39
3cce9217-6349;La Esencia de el Sol Negro;Seraphine Sterling;Filosofía Prohibida;1275;1097;3,86;32
35756eff-581f;Vórtice de el Mercurio Rojo;Elara Vance;Alquimia Teórica;1705;153;2,66;23
386cbc21-14cd;Sombras sobre el Azufre Sagrado;Caspian Crowley;Transmutación Metálica;1751;776;4,2;18
31594f2b-22e0;Tratado de el Azufre Sagrado;Elara Vance;Alquimia Teórica;1710;1194;3,95;17
d69f7b45-7d5b;El Enigma de la Quintaesencia;Elara Sterling;Historia de la Piedra;1140;1362;1,74;26
052bd717-3d2a;La Esencia de la Quintaesencia;Caspian Crowley;Transmutación Metálica;1518;1474;2,53;1
bd72d0b9-6e49;La Esencia de el Sol Negro;Balthazar Nightshade;Filosofía Prohibida;1853;1076;2;1
99a47b65-155c;Vórtice de la Transmutación Infinitas;Aurelius Nightshade;Alquimia Teórica;1731;305;4,55;40
3ae8e14f-bffc;Códice de las Almas de Plomo;Thalric Grimoire;Alquimia Teórica;1756;869;1,65;39
0673733f-e013;Tratado de la Quintaesencia;Seraphine Blackwood;Botánica Arcana;1565;330;2,06;15
97592931-7ea1;Códice de la Quintaesencia;Aurelius Flamel;Filosofía Prohibida;1778;1050;4,29;26
2cefb3ee-3bff;Tratado de las Almas de Plomo;Elara Flamel;Transmutación Metálica;1661;589;2,5;48
4cddcaa1-c1d6;Sombras sobre la Transmutación Infinitas;Balthazar Sterling;Transmutación Metálica;1582;913;1,44;11
61309364-ee8b;Vórtice de el Sol Negro;Morgana Vance;Alquimia Teórica;1938;1097;2,67;36
14cffd35-e00f;La Esencia de las Almas de Plomo;Aurelius Sterling;Alquimia Teórica;1919;1056;1,64;8
2ee47da9-b4ce;Sombras sobre el Sol Negro;Thalric Nightshade;Botánica Arcana;1630;222;3,75;45
06d31cbc-49f4;Sombras sobre el Sol Negro;Balthazar Flamel;Transmutación Metálica;1957;624;3,98;32
8fab749d-c171;Sombras sobre el Mercurio Rojo;Thalric Grimoire;Transmutación Metálica;1480;437;3,63;30
45ec5b3b-50ba;La Esencia de el Sol Negro;Caspian Grimoire;Filosofía Prohibida;1205;1302;4,54;29
b7b888d8-055b;El Aliento de el Azufre Sagrado;Thalric Flamel;Historia de la Piedra;1486;1095;2,03;47
c834b5f6-a0bd;Códice de la Transmutación Infinitas;Isolde Crowley;Alquimia Teórica;1755;973;2,01;41
912407da-8d55;Códice de las Almas de Plomo;Thalric Sterling;Alquimia Teórica;1190;499;2,92;5
69d9a583-4ed0;Códice de el Sol Negro;Thalric Grimoire;Botánica Arcana;1165;197;1,55;1
bd1ef416-1170;El Enigma de la Transmutación Infinitas;Elara Flamel;Filosofía Prohibida;1526;319;2,59;9
6ba7aac6-7dd9;Códice de las Almas de Plomo;Balthazar Grimoire;Transmutación Metálica;1140;872;3,51;34
4707278f-17ed;Códice de el Azufre Sagrado;Caspian Blackwood;Filosofía Prohibida;1849;353;4,09;13
6f1e9bde-c8fd;El Enigma de el Mercurio Rojo;Morgana Vance;Botánica Arcana;2025;1225;1,76;41
b0dbf484-0e5d;Códice de el Mercurio Rojo;Thalric Nightshade;Botánica Arcana;1927;1133;3,55;17
d9a600ff-7486;La Esencia de el Mercurio Rojo;Caspian Sterling;Botánica Arcana;1496;254;4,4;22
768d7ca3-5502;Espejos de la Transmutación Infinitas;Seraphine Sterling;Alquimia Teórica;1936;1348;2,79;25
639b0eca-a997;El Enigma de la Quintaesencia;Elara Vance;Alquimia Teórica;1104;288;3,09;37
8d9b2501-b5fd;Vórtice de la Transmutación Infinitas;Caspian Crowley;Botánica Arcana;1995;1441;4,05;45
ccc0b192-b464;Tratado de el Mercurio Rojo;Morgana Grimoire;Filosofía Prohibida;1534;922;3,49;22
f955c7f0-8e2a;El Enigma de el Mercurio Rojo;Caspian Grimoire;Botánica Arcana;1146;339;2,93;16
ff95c418-5800;Tratado de el Mercurio Rojo;Thalric Flamel;Transmutación Metálica;1724;610;1,91;15
eb266dbd-dc38;La Esencia de la Transmutación Infinitas;Morgana Sterling;Transmutación Metálica;1137;287;1,28;10
3b58cec7-5583;El Aliento de el Mercurio Rojo;Morgana Sterling;Historia de la Piedra;1325;693;1,41;14
6b876aac-e18a;El Aliento de la Transmutación Infinitas;Seraphine Sterling;Alquimia Teórica;1615;1191;3,85;50
22bb1f2c-70e4;La Esencia de el Azufre Sagrado;Morgana Crowley;Filosofía Prohibida;1601;1098;3,5;47
243df4bd-48e1;Espejos de el Azufre Sagrado;Thalric Grimoire;Alquimia Teórica;1148;471;2,91;44
5d35d344-0ba0;La Esencia de el Azufre Sagrado;Elara Sterling;Historia de la Piedra;1864;408;1,51;1
07e0c23c-257a;La Esencia de las Almas de Plomo;Elara Sterling;Historia de la Piedra;1221;575;1,81;31
bb30a268-0f5d;La Esencia de la Quintaesencia;Morgana Grimoire;Historia de la Piedra;1389;84;2,85;4
b67df07b-9555;El Enigma de el Sol Negro;Seraphine Nightshade;Alquimia Teórica;2007;1173;4,36;48
9de8ee7f-d783;El Enigma de el Mercurio Rojo;Caspian Nightshade;Filosofía Prohibida;1563;1381;2,98;22
ce1f1f5a-08e1;Espejos de la Quintaesencia;Thalric Blackwood;Alquimia Teórica;1207;425;2,83;4
2555b8d5-6252;La Esencia de las Almas de Plomo;Thalric Blackwood;Historia de la Piedra;1132;247;1,34;46
2806814f-f23e;La Esencia de la Quintaesencia;Thalric Nightshade;Filosofía Prohibida;1795;807;2,54;42
c7ae1d37-6a4a;Vórtice de la Quintaesencia;Morgana Flamel;Alquimia Teórica;1502;457;1,65;8
55582058-4c91;El Aliento de el Sol Negro;Morgana Flamel;Historia de la Piedra;1668;1432;1,99;36
d30a468e-4dac;Vórtice de el Azufre Sagrado;Balthazar Vance;Filosofía Prohibida;1525;538;3,64;14
e98c1853-93b6;Espejos de la Quintaesencia;Morgana Flamel;Historia de la Piedra;1628;239;1,75;50
e8fc7af3-186d;Vórtice de la Transmutación Infinitas;Caspian Sterling;Filosofía Prohibida;1154;1265;2,98;24
267c498f-8f21;Tratado de el Azufre Sagrado;Balthazar Blackwood;Historia de la Piedra;1812;1421;3,64;34
30d9974a-d6db;Códice de la Transmutación Infinitas;Aurelius Nightshade;Transmutación Metálica;1106;710;2,89;12
ed0ba17d-f0ad;Sombras sobre la Quintaesencia;Aurelius Crowley;Botánica Arcana;1131;333;1,31;38
d64d4e6c-c698;La Esencia de las Almas de Plomo;Balthazar Nightshade;Historia de la Piedra;1417;976;2,55;36
d0be7ea9-3452;Códice de el Sol Negro;Seraphine Crowley;Historia de la Piedra;1952;1406;2,18;27
6bb59f5a-2d4e;Vórtice de el Azufre Sagrado;Elara Nightshade;Alquimia Teórica;1305;822;2,98;31
7337194d-455c;Códice de las Almas de Plomo;Isolde Sterling;Transmutación Metálica;1842;802;2,52;2
0c44702e-3635;La Esencia de el Azufre Sagrado;Isolde Blackwood;Transmutación Metálica;1827;801;1,37;23
f62a6b4f-9b2e;Códice de las Almas de Plomo;Elara Crowley;Alquimia Teórica;1290;232;1,01;45
9996296c-db44;La Esencia de el Sol Negro;Caspian Sterling;Historia de la Piedra;1979;953;1,57;7
d93e5383-f796;El Aliento de la Quintaesencia;Seraphine Crowley;Historia de la Piedra;1626;1471;4,83;13
d8f41e6e-14d7;El Aliento de la Quintaesencia;Seraphine Sterling;Alquimia Teórica;1869;1403;1,45;40
f33e04c1-b144;La Esencia de el Mercurio Rojo;Elara Flamel;Botánica Arcana;1758;470;4,54;10
6dd4b998-d624;Tratado de la Quintaesencia;Caspian Sterling;Filosofía Prohibida;1933;149;3,67;44
3c1f7277-23b5;Códice de el Mercurio Rojo;Isolde Grimoire;Historia de la Piedra;1112;175;3,5;47
e523e4d2-19d0;La Esencia de las Almas de Plomo;Elara Grimoire;Filosofía Prohibida;1328;925;1,59;2
2e899970-ecfc;Sombras sobre las Almas de Plomo;Balthazar Sterling;Botánica Arcana;1696;217;2,53;43
4e702a60-2632;El Aliento de el Sol Negro;Elara Vance;Historia de la Piedra;1281;1124;2,73;15
2d55e95a-bbc9;Códice de el Mercurio Rojo;Thalric Nightshade;Botánica Arcana;1909;900;4,99;12
2f9bcec8-6e2c;Códice de el Mercurio Rojo;Elara Vance;Botánica Arcana;1158;351;2,34;11
efebf384-e0f6;El Aliento de el Mercurio Rojo;Balthazar Sterling;Transmutación Metálica;1718;1227;1,46;36
ccda9128-4e34;El Aliento de el Mercurio Rojo;Seraphine Nightshade;Alquimia Teórica;1154;974;4,1;23
337d2964-fa40;Sombras sobre la Transmutación Infinitas;Morgana Flamel;Historia de la Piedra;1511;1476;3,62;10
ccda7373-8f7b;Vórtice de las Almas de Plomo;Morgana Nightshade;Filosofía Prohibida;1801;1175;2,09;3
a345e27d-7816;Vórtice de el Sol Negro;Seraphine Crowley;Alquimia Teórica;1493;174;3,85;49
da333534-1f82;El Enigma de la Transmutación Infinitas;Aurelius Grimoire;Historia de la Piedra;1532;909;3,21;4
ef8f7673-e368;El Aliento de las Almas de Plomo;Caspian Flamel;Botánica Arcana;1563;1003;4,82;23
39056730-4de8;El Enigma de la Quintaesencia;Balthazar Crowley;Botánica Arcana;1606;271;3,48;25
aebdaac9-c575;La Esencia de la Transmutación Infinitas;Caspian Vance;Botánica Arcana;1887;1022;3,93;30
744badee-bd72;Sombras sobre la Transmutación Infinitas;Balthazar Flamel;Transmutación Metálica;1332;1055;1,22;11
a7957af4-0238;La Esencia de la Quintaesencia;Seraphine Vance;Filosofía Prohibida;1133;537;3,52;46
5722a116-4c06;El Enigma de el Mercurio Rojo;Seraphine Flamel;Filosofía Prohibida;1818;1054;3,47;12
aedceea5-b9ce;La Esencia de el Mercurio Rojo;Thalric Flamel;Transmutación Metálica;1547;1321;2,7;23
71e40c84-bf7e;Sombras sobre la Transmutación Infinitas;Morgana Nightshade;Historia de la Piedra;1662;618;3,25;28
92f1b8be-c468;Tratado de el Mercurio Rojo;Seraphine Grimoire;Botánica Arcana;1725;1444;3,65;24
da318a43-8e33;Códice de el Sol Negro;Aurelius Crowley;Botánica Arcana;2000;962;2,82;27
69a89d45-e744;El Enigma de el Sol Negro;Thalric Nightshade;Alquimia Teórica;1711;337;1,46;17
48852a1c-2929;La Esencia de el Mercurio Rojo;Caspian Blackwood;Alquimia Teórica;1212;1463;3,02;9
ebd158f6-89b4;La Esencia de el Mercurio Rojo;Elara Vance;Historia de la Piedra;1474;1352;3,34;15
a2ace12a-0e7c;El Enigma de las Almas de Plomo;Caspian Grimoire;Alquimia Teórica;1471;586;4,07;25
9ec5152b-832e;Vórtice de el Azufre Sagrado;Morgana Crowley;Historia de la Piedra;1577;1454;2,42;30
9b3e1335-8eb3;Códice de la Transmutación Infinitas;Elara Blackwood;Filosofía Prohibida;1384;624;3,42;44
f2f707a3-92f3;Vórtice de el Sol Negro;Elara Vance;Historia de la Piedra;1116;437;2,99;47
249b712f-f604;El Enigma de la Transmutación Infinitas;Morgana Vance;Alquimia Teórica;1426;1075;4,9;49
72f2f491-602a;Códice de las Almas de Plomo;Caspian Sterling;Historia de la Piedra;1743;1374;4,69;23
c0f993d7-4d40;Espejos de el Mercurio Rojo;Isolde Vance;Historia de la Piedra;1882;1357;4,01;26
655d7824-2f53;Sombras sobre la Transmutación Infinitas;Seraphine Crowley;Botánica Arcana;1773;993;2,19;15
912f8b56-4dcd;Códice de la Transmutación Infinitas;Thalric Blackwood;Historia de la Piedra;1844;469;1,7;12
72b23574-6d2b;La Esencia de la Quintaesencia;Elara Sterling;Botánica Arcana;1299;261;4,28;6
429bd786-08cb;Sombras sobre la Quintaesencia;Morgana Crowley;Alquimia Teórica;1651;1145;3,27;15
0248a42a-1a15;El Aliento de el Azufre Sagrado;Thalric Vance;Historia de la Piedra;1232;620;1,03;14
cf316a30-e5b9;Códice de las Almas de Plomo;Isolde Grimoire;Alquimia Teórica;1884;307;2,56;31
04008f08-a483;Espejos de las Almas de Plomo;Caspian Crowley;Transmutación Metálica;1213;199;2,25;2
ac030d7c-a4be;Vórtice de el Azufre Sagrado;Isolde Sterling;Botánica Arcana;1730;1291;2,56;44
175fe498-5fb8;Sombras sobre la Transmutación Infinitas;Morgana Nightshade;Botánica Arcana;1440;1363;2,32;21
beaa5cde-f72b;Tratado de la Quintaesencia;Elara Grimoire;Transmutación Metálica;1640;567;3,51;17
92997178-d6e9;El Aliento de las Almas de Plomo;Isolde Nightshade;Filosofía Prohibida;1436;959;2,09;24
d36f8aa0-5289;El Enigma de la Transmutación Infinitas;Balthazar Grimoire;Transmutación Metálica;1594;666;4,7;3
46f3f09f-800e;Tratado de la Transmutación Infinitas;Morgana Blackwood;Botánica Arcana;1860;1478;4,21;40
17ea6236-e2cf;El Aliento de el Sol Negro;Morgana Crowley;Alquimia Teórica;1429;1349;1,43;12
11501e25-055e;Códice de el Azufre Sagrado;Thalric Blackwood;Alquimia Teórica;1441;372;2,13;46
3ffa646f-fc3d;La Esencia de el Mercurio Rojo;Seraphine Vance;Alquimia Teórica;1594;409;4,95;2
c9fdb350-abcb;Códice de la Transmutación Infinitas;Aurelius Blackwood;Transmutación Metálica;1340;834;2,52;38
de4a04c9-4b9e;Sombras sobre el Sol Negro;Thalric Crowley;Filosofía Prohibida;1585;1448;3,12;0
d033f9ea-9c2a;Vórtice de la Quintaesencia;Seraphine Crowley;Historia de la Piedra;1657;345;1,68;1
14fd6335-8fbc;Sombras sobre el Azufre Sagrado;Thalric Sterling;Alquimia Teórica;1407;1424;3,49;48
6eeb5579-b283;El Aliento de el Azufre Sagrado;Aurelius Grimoire;Botánica Arcana;1379;422;2,02;31
b9a15f5e-c39c;El Aliento de la Quintaesencia;Seraphine Flamel;Botánica Arcana;1759;1449;3,74;46
334c38c3-a342;El Enigma de las Almas de Plomo;Morgana Sterling;Historia de la Piedra;1401;1286;1,91;28
99ae733b-d865;La Esencia de la Quintaesencia;Aurelius Blackwood;Transmutación Metálica;1769;1112;3,42;39
9d24d93a-cfe9;Códice de el Mercurio Rojo;Isolde Sterling;Historia de la Piedra;1824;826;4,06;39
9fd468c7-9d5a;La Esencia de el Azufre Sagrado;Thalric Crowley;Botánica Arcana;1369;1113;1,49;46
c46b52cf-f391;La Esencia de la Quintaesencia;Thalric Blackwood;Transmutación Metálica;1786;1256;3,3;41
a9c4781f-5cee;Espejos de el Azufre Sagrado;Elara Blackwood;Botánica Arcana;1741;307;1,76;37
bdb45bb8-e611;Sombras sobre la Quintaesencia;Seraphine Blackwood;Filosofía Prohibida;1544;950;2,85;19
16f62120-c2d8;El Aliento de el Mercurio Rojo;Balthazar Sterling;Botánica Arcana;1713;671;1,72;38
8707f8ce-8c56;Sombras sobre el Mercurio Rojo;Aurelius Flamel;Botánica Arcana;1322;1211;3,98;31
5f240d57-f8b1;El Enigma de el Sol Negro;Caspian Nightshade;Filosofía Prohibida;1565;316;4,6;8
6c62ba25-040a;Sombras sobre la Quintaesencia;Elara Grimoire;Transmutación Metálica;1161;446;3,44;49
b3de6e8e-7931;Códice de la Quintaesencia;Elara Flamel;Botánica Arcana;1356;675;2,07;46
736a4a9f-59e1;El Aliento de el Azufre Sagrado;Balthazar Nightshade;Alquimia Teórica;1392;392;3;2
c62626e3-afb6;Espejos de el Sol Negro;Balthazar Blackwood;Transmutación Metálica;1704;564;1,54;6
6bcc93b5-193c;El Aliento de la Quintaesencia;Balthazar Nightshade;Transmutación Metálica;1647;1048;2,26;47
05b8b93e-9678;Tratado de el Azufre Sagrado;Elara Crowley;Botánica Arcana;1234;577;4,09;23
f831ae37-95b3;Tratado de el Azufre Sagrado;Elara Grimoire;Filosofía Prohibida;1193;958;3,24;13
285448c1-6d88;El Aliento de la Quintaesencia;Morgana Nightshade;Transmutación Metálica;1147;278;2,09;13
7c616dcb-49d2;El Aliento de el Sol Negro;Balthazar Vance;Transmutación Metálica;1771;360;1,27;38
ec8003a6-e455;Sombras sobre las Almas de Plomo;Balthazar Blackwood;Botánica Arcana;1476;1483;3,7;23
fd995610-ac4a;Espejos de las Almas de Plomo;Aurelius Nightshade;Botánica Arcana;2003;472;3,27;28
35a6da5f-5b85;El Enigma de el Azufre Sagrado;Caspian Grimoire;Historia de la Piedra;1913;321;3,05;39
e84ca884-28d2;Tratado de el Azufre Sagrado;Aurelius Blackwood;Filosofía Prohibida;1176;136;1,02;2
ddcfe3b1-3618;Espejos de la Quintaesencia;Elara Nightshade;Alquimia Teórica;1775;830;3,66;39
8bab9b8b-61a9;El Aliento de las Almas de Plomo;Thalric Nightshade;Filosofía Prohibida;1924;260;4,75;43
131b62e8-4bc7;Tratado de el Sol Negro;Aurelius Blackwood;Historia de la Piedra;1499;663;4,44;44
f60fce7d-1334;El Aliento de la Quintaesencia;Balthazar Grimoire;Transmutación Metálica;1894;1464;2,37;24
1ec53357-348e;Tratado de las Almas de Plomo;Morgana Blackwood;Historia de la Piedra;1383;267;1,19;14
cb4a60b9-3bd6;El Enigma de el Sol Negro;Morgana Crowley;Alquimia Teórica;1358;1440;1,78;20
b656ad89-8652;Espejos de la Quintaesencia;Morgana Nightshade;Historia de la Piedra;1456;1278;2,88;27
2dde4174-b121;La Esencia de el Mercurio Rojo;Aurelius Flamel;Filosofía Prohibida;1362;482;4,16;22
c0b20cfd-70bb;Códice de el Azufre Sagrado;Elara Vance;Botánica Arcana;1468;1268;1,19;34
05b3d4a9-dfec;Tratado de el Sol Negro;Isolde Flamel;Historia de la Piedra;1392;1238;4,72;6
e3d47363-422a;Vórtice de la Quintaesencia;Morgana Flamel;Transmutación Metálica;1299;303;3,31;6
422ab1bc-d2a0;El Aliento de la Quintaesencia;Morgana Sterling;Filosofía Prohibida;1449;1324;3,03;13
de7f03b1-2e4a;Tratado de la Quintaesencia;Isolde Vance;Transmutación Metálica;1858;715;3,21;26
176b2040-6f89;Códice de la Quintaesencia;Morgana Flamel;Alquimia Teórica;1661;414;4,85;10
b9ffe059-e2ee;La Esencia de el Sol Negro;Isolde Crowley;Transmutación Metálica;1357;1308;1,43;49
260e73fa-8a3d;Sombras sobre el Mercurio Rojo;Balthazar Nightshade;Alquimia Teórica;1836;546;2,29;38
65b63a22-79a0;Espejos de el Azufre Sagrado;Isolde Crowley;Botánica Arcana;1427;1100;3,81;9
f0ae3f1b-c475;Tratado de el Mercurio Rojo;Balthazar Crowley;Historia de la Piedra;1826;931;3,07;33
9c111d05-7599;La Esencia de el Mercurio Rojo;Caspian Blackwood;Filosofía Prohibida;1505;1213;1,4;38
3c6d127f-e47d;Vórtice de las Almas de Plomo;Aurelius Vance;Historia de la Piedra;1104;1482;3,59;22
f2cd2b36-b056;Tratado de la Transmutación Infinitas;Seraphine Sterling;Botánica Arcana;1389;1050;2,86;32
7d01f67c-7920;El Aliento de la Quintaesencia;Elara Sterling;Transmutación Metálica;1500;119;1,52;46
d4e8c434-a4c2;La Esencia de el Mercurio Rojo;Caspian Nightshade;Botánica Arcana;1383;1403;2,85;43
67b61ace-8468;El Enigma de la Quintaesencia;Isolde Crowley;Botánica Arcana;1844;1072;4,83;20
5aa7812b-cb09;Tratado de las Almas de Plomo;Seraphine Blackwood;Botánica Arcana;1479;725;2,31;5
a758a517-f4c2;El Aliento de la Quintaesencia;Caspian Flamel;Transmutación Metálica;1375;534;2,19;44
c204ec5e-c845;Tratado de la Quintaesencia;Isolde Sterling;Transmutación Metálica;1195;211;4,89;20
94d68016-3c27;Códice de el Mercurio Rojo;Seraphine Crowley;Filosofía Prohibida;1813;576;4,15;0
8ccf98b4-ec8d;Espejos de la Transmutación Infinitas;Elara Sterling;Transmutación Metálica;1749;518;4,96;46
c5eca35d-f929;El Enigma de el Sol Negro;Seraphine Grimoire;Botánica Arcana;1469;1214;1,48;36
b35efea5-9948;Códice de la Quintaesencia;Seraphine Flamel;Transmutación Metálica;1798;733;3,19;30
a2d1870b-320e;El Aliento de el Mercurio Rojo;Seraphine Flamel;Botánica Arcana;1523;914;4,61;42
9c86ac6b-2c94;El Enigma de la Quintaesencia;Caspian Crowley;Botánica Arcana;1277;1048;3,63;18
ab8de1a1-d816;El Enigma de el Mercurio Rojo;Seraphine Grimoire;Alquimia Teórica;1992;407;1,59;16
454a30dc-e131;Sombras sobre el Azufre Sagrado;Isolde Flamel;Filosofía Prohibida;1639;1463;4,76;10
8944b994-5c9a;La Esencia de el Sol Negro;Seraphine Blackwood;Filosofía Prohibida;1278;98;2,84;12
85f9b3b9-6eb2;El Enigma de el Mercurio Rojo;Seraphine Vance;Filosofía Prohibida;1752;1321;3,8;34
ec016322-f5d2;Tratado de las Almas de Plomo;Aurelius Nightshade;Transmutación Metálica;1523;244;1,44;35
a2230ef3-382d;Espejos de la Quintaesencia;Elara Crowley;Botánica Arcana;1264;308;2,93;42
916a7c29-c34e;Códice de el Azufre Sagrado;Caspian Flamel;Filosofía Prohibida;1760;335;4,22;37
172018fe-af25;El Enigma de el Azufre Sagrado;Isolde Flamel;Filosofía Prohibida;1604;461;1,14;16
a34911c9-1c55;Tratado de la Transmutación Infinitas;Elara Nightshade;Transmutación Metálica;1280;1107;4,92;0
a56c573c-fd7c;Tratado de el Sol Negro;Thalric Sterling;Historia de la Piedra;1839;1418;3,38;14
144b12c7-040d;Vórtice de la Quintaesencia;Caspian Crowley;Botánica Arcana;1747;506;3;20
a4ff8785-537a;El Enigma de el Sol Negro;Thalric Grimoire;Transmutación Metálica;1542;379;3,32;34
0bb6a2ae-ea24;El Aliento de el Sol Negro;Caspian Crowley;Botánica Arcana;1212;810;1,2;2
f41c578b-bc47;Espejos de el Mercurio Rojo;Balthazar Flamel;Filosofía Prohibida;1130;396;2,31;34
88f16c15-94cb;La Esencia de las Almas de Plomo;Isolde Crowley;Botánica Arcana;1891;642;4,09;23
0112bd25-0634;Espejos de la Quintaesencia;Isolde Nightshade;Filosofía Prohibida;1529;773;1,21;27
31ee51ca-0799;Sombras sobre el Sol Negro;Isolde Flamel;Filosofía Prohibida;1761;405;2,16;39
9a6c7186-fddb;El Aliento de el Azufre Sagrado;Aurelius Blackwood;Transmutación Metálica;1427;481;1,67;28
937d7588-8f25;La Esencia de la Quintaesencia;Morgana Sterling;Botánica Arcana;1442;661;3,25;13
647f6866-04eb;Códice de el Sol Negro;Morgana Nightshade;Filosofía Prohibida;1275;1093;1,76;42
e47fbdf9-ed8b;Códice de la Quintaesencia;Morgana Nightshade;Filosofía Prohibida;1855;836;3,08;11
f322b8a5-3313;Vórtice de la Quintaesencia;Thalric Vance;Alquimia Teórica;1218;630;2,71;7
9b5d970a-3a2d;Espejos de el Mercurio Rojo;Morgana Crowley;Alquimia Teórica;1863;589;4,95;48
937ad31b-20a6;El Enigma de las Almas de Plomo;Morgana Flamel;Historia de la Piedra;1976;746;3,14;13
70c73a81-7a70;Vórtice de el Sol Negro;Aurelius Sterling;Transmutación Metálica;1623;295;2,62;49
d0117c24-44c3;Tratado de la Quintaesencia;Morgana Flamel;Botánica Arcana;1283;647;4,5;26
dfeb8a3b-c95e;Espejos de la Transmutación Infinitas;Elara Blackwood;Filosofía Prohibida;1406;411;4,23;37
27bab69a-3e36;Vórtice de el Mercurio Rojo;Aurelius Vance;Historia de la Piedra;1540;473;1,75;41
a4a8983f-a610;El Aliento de el Sol Negro;Balthazar Sterling;Alquimia Teórica;1507;98;4,04;4
47a3fe8d-dfb7;Códice de la Transmutación Infinitas;Isolde Sterling;Transmutación Metálica;1349;391;3,98;38
eee9a71c-86c7;El Enigma de la Transmutación Infinitas;Aurelius Sterling;Botánica Arcana;1210;1215;1,71;25
8e7b6adc-3f8d;Espejos de el Azufre Sagrado;Seraphine Crowley;Botánica Arcana;1988;747;2,23;4
dab5f8fc-e120;Sombras sobre el Mercurio Rojo;Isolde Crowley;Transmutación Metálica;1133;198;4,38;16
1c7e68be-0795;Códice de la Quintaesencia;Aurelius Blackwood;Botánica Arcana;1242;389;4,73;38
9b027da1-0ec5;El Aliento de el Azufre Sagrado;Morgana Nightshade;Botánica Arcana;2007;1191;1,61;31
ba494101-16ad;Vórtice de la Quintaesencia;Thalric Crowley;Botánica Arcana;2001;383;1,07;29
5f6e71f1-f260;El Aliento de el Sol Negro;Aurelius Flamel;Filosofía Prohibida;1988;1371;3,51;27
ec5c2f5f-bab7;El Aliento de el Azufre Sagrado;Isolde Sterling;Transmutación Metálica;1699;177;4,32;15
a3fc3587-8efb;Códice de la Quintaesencia;Thalric Blackwood;Alquimia Teórica;1244;628;2,83;37
c1911dca-9de4;El Aliento de la Transmutación Infinitas;Balthazar Blackwood;Transmutación Metálica;1979;344;4,87;13
0ebec9f1-7626;Tratado de la Transmutación Infinitas;Isolde Crowley;Filosofía Prohibida;1588;631;4,52;18
b69c5641-d4a5;La Esencia de el Azufre Sagrado;Balthazar Sterling;Botánica Arcana;1460;198;3,25;42
7131cea0-01c7;Códice de la Transmutación Infinitas;Seraphine Vance;Historia de la Piedra;1591;589;3,46;45
b91c9235-fd23;Códice de el Azufre Sagrado;Thalric Blackwood;Historia de la Piedra;1390;242;4,03;4
397b16b9-2f4e;Códice de el Mercurio Rojo;Thalric Sterling;Botánica Arcana;1906;1195;3,18;42
7e38ad49-04bd;El Enigma de el Mercurio Rojo;Thalric Vance;Historia de la Piedra;1361;1013;3,46;1
81dfaf98-2fad;La Esencia de la Transmutación Infinitas;Thalric Crowley;Alquimia Teórica;1133;664;1,16;5
0b732556-90e2;Códice de las Almas de Plomo;Isolde Flamel;Transmutación Metálica;1486;797;3,95;49
20b8bd7c-db78;Códice de la Transmutación Infinitas;Thalric Nightshade;Botánica Arcana;1456;120;2,65;21
cde3c5cd-5f07;Sombras sobre el Azufre Sagrado;Thalric Grimoire;Historia de la Piedra;1144;598;3,6;38
416494cd-9393;El Enigma de el Sol Negro;Aurelius Crowley;Botánica Arcana;1849;1415;3,36;33
eb9ad9e2-67d6;El Aliento de la Transmutación Infinitas;Aurelius Blackwood;Filosofía Prohibida;1850;1449;4,42;13
13e60eeb-a9af;Espejos de las Almas de Plomo;Morgana Vance;Filosofía Prohibida;1650;1047;1,86;11
5a5543f0-8e13;El Aliento de la Transmutación Infinitas;Isolde Blackwood;Alquimia Teórica;1386;1436;1,19;13
e0ac2753-9653;Sombras sobre la Quintaesencia;Aurelius Flamel;Alquimia Teórica;1102;791;1,53;18
20b2c166-2495;La Esencia de el Azufre Sagrado;Isolde Flamel;Transmutación Metálica;1638;661;2,6;38
656ee051-3e5b;Tratado de el Mercurio Rojo;Isolde Flamel;Transmutación Metálica;1627;810;2,68;41
7aec5f70-8f3a;Espejos de el Mercurio Rojo;Isolde Grimoire;Filosofía Prohibida;1489;938;1,79;32
cd08969f-e6a6;La Esencia de el Sol Negro;Elara Grimoire;Historia de la Piedra;1642;339;3,17;23
59903ba1-326f;Vórtice de el Sol Negro;Thalric Crowley;Alquimia Teórica;1323;1035;4,32;2
fa6cd306-efcb;Espejos de la Quintaesencia;Balthazar Grimoire;Botánica Arcana;1323;1314;3,31;35
c6f21301-46a3;Tratado de la Quintaesencia;Isolde Flamel;Historia de la Piedra;1445;1290;2,11;27
05688a42-8158;El Enigma de la Quintaesencia;Seraphine Nightshade;Transmutación Metálica;1362;675;1,99;8
992f9b1d-1174;Espejos de las Almas de Plomo;Seraphine Crowley;Transmutación Metálica;1100;1470;3,1;41
9870f04e-ab79;Códice de el Sol Negro;Elara Sterling;Historia de la Piedra;1693;1259;3,92;37
c57001ef-3e8b;El Aliento de el Azufre Sagrado;Aurelius Flamel;Transmutación Metálica;1103;1286;4,84;3
90dfbb65-7d2c;Sombras sobre el Azufre Sagrado;Thalric Nightshade;Transmutación Metálica;1992;713;1,87;32
0fee9da2-4e9e;El Aliento de las Almas de Plomo;Aurelius Vance;Alquimia Teórica;1471;174;3,16;29
80c78ee9-3f5f;Sombras sobre la Transmutación Infinitas;Elara Nightshade;Historia de la Piedra;1146;975;3,76;8
b4ee12a1-a2e4;El Enigma de la Quintaesencia;Caspian Nightshade;Filosofía Prohibida;1841;204;4,43;9
20b435b5-d4ce;Espejos de las Almas de Plomo;Thalric Grimoire;Alquimia Teórica;1810;580;2,11;34
c260035d-bd20;Espejos de las Almas de Plomo;Caspian Grimoire;Botánica Arcana;1873;791;1,68;45
2ec345e7-3c9b;Códice de el Azufre Sagrado;Caspian Blackwood;Transmutación Metálica;1507;318;4,37;39
236b32c5-13bd;Sombras sobre el Mercurio Rojo;Morgana Grimoire;Transmutación Metálica;1481;519;1,63;50
db797fc1-421e;Sombras sobre la Quintaesencia;Balthazar Blackwood;Botánica Arcana;1517;383;4,74;6
4fdb1213-455f;Vórtice de las Almas de Plomo;Elara Crowley;Historia de la Piedra;1563;1150;2,91;35
ff29ca25-aafe;Tratado de la Quintaesencia;Isolde Vance;Transmutación Metálica;1292;162;1,79;4
86a1d8a7-6853;Tratado de la Quintaesencia;Caspian Crowley;Botánica Arcana;1375;1418;2,34;46
4010fa72-f522;Códice de las Almas de Plomo;Elara Flamel;Transmutación Metálica;1643;407;1,22;42
7fb3fd4d-43de;La Esencia de el Mercurio Rojo;Morgana Vance;Botánica Arcana;1869;518;1,82;29
0859aff9-e208;Sombras sobre el Mercurio Rojo;Morgana Flamel;Alquimia Teórica;1927;1283;1,66;21
0c089158-f710;Vórtice de el Azufre Sagrado;Aurelius Crowley;Alquimia Teórica;1695;631;2,57;10
14b56038-645d;Códice de el Mercurio Rojo;Thalric Vance;Transmutación Metálica;1467;753;4,73;37
698b91ab-0985;Vórtice de la Quintaesencia;Thalric Sterling;Transmutación Metálica;1372;323;3,41;46
b03647c6-8af3;Espejos de las Almas de Plomo;Morgana Grimoire;Historia de la Piedra;1988;1431;2,74;44
ad07cad8-e849;Vórtice de la Quintaesencia;Morgana Flamel;Historia de la Piedra;1756;523;3,37;27
ba293589-16e8;El Enigma de el Mercurio Rojo;Elara Vance;Botánica Arcana;1668;1219;1,97;0
c8bb13fb-b643;Tratado de el Sol Negro;Caspian Grimoire;Transmutación Metálica;1932;798;2,19;6
4c461ced-f2a9;La Esencia de la Transmutación Infinitas;Aurelius Grimoire;Transmutación Metálica;1233;212;2,35;44
57227c88-3e22;Espejos de las Almas de Plomo;Isolde Flamel;Transmutación Metálica;1618;1069;4,14;14
9ac97f1d-da22;La Esencia de el Mercurio Rojo;Morgana Grimoire;Alquimia Teórica;1100;547;4,15;46
b0b46042-1a98;Códice de el Mercurio Rojo;Balthazar Grimoire;Botánica Arcana;1453;995;2,78;16
c46f7aa9-11de;Sombras sobre el Sol Negro;Caspian Blackwood;Botánica Arcana;1270;1188;2,5;41
74cdcffe-10e8;El Enigma de la Transmutación Infinitas;Thalric Nightshade;Filosofía Prohibida;1683;1090;4,59;38
47111746-ace1;Códice de las Almas de Plomo;Isolde Flamel;Botánica Arcana;1462;1108;2,54;42
57a7400c-4a31;El Aliento de la Quintaesencia;Caspian Sterling;Botánica Arcana;1619;1160;2,48;31
4be1a4f4-e99b;Vórtice de el Mercurio Rojo;Caspian Crowley;Alquimia Teórica;1885;400;3,21;0
772807ef-4a4e;Tratado de la Quintaesencia;Thalric Flamel;Historia de la Piedra;1971;1166;2,98;34
68f4336e-cdba;Espejos de las Almas de Plomo;Seraphine Flamel;Botánica Arcana;1750;205;2,59;40
c9b3e463-9e68;Sombras sobre la Quintaesencia;Isolde Flamel;Botánica Arcana;1704;813;2,24;9
0fff0ef8-7437;Vórtice de la Transmutación Infinitas;Isolde Vance;Filosofía Prohibida;1771;738;3,2;38
e68a33d4-7570;Tratado de el Mercurio Rojo;Balthazar Grimoire;Filosofía Prohibida;1922;1299;3,98;48
65b06fc5-f308;Espejos de el Sol Negro;Elara Nightshade;Alquimia Teórica;1511;480;3,66;1
acfe3a63-e1f1;El Aliento de la Quintaesencia;Aurelius Grimoire;Botánica Arcana;1314;1136;2,88;29
086feba0-b6ec;Códice de la Quintaesencia;Caspian Nightshade;Filosofía Prohibida;1479;1302;3,4;46
764d3fd7-6e89;Tratado de la Quintaesencia;Aurelius Sterling;Transmutación Metálica;1519;1295;1,87;35
dca79b50-2b99;Sombras sobre el Sol Negro;Caspian Sterling;Filosofía Prohibida;1373;875;3,63;17
d0021d65-33f0;Códice de el Sol Negro;Balthazar Blackwood;Filosofía Prohibida;1996;867;4,74;21
18575c06-daa9;El Enigma de el Sol Negro;Isolde Grimoire;Filosofía Prohibida;1686;1439;1,46;42
a427596f-6854;Tratado de la Transmutación Infinitas;Elara Blackwood;Filosofía Prohibida;1359;832;2,32;14
25102b0b-663b;Espejos de el Azufre Sagrado;Morgana Blackwood;Filosofía Prohibida;1212;1086;3,95;4
c62e32df-c4d2;Códice de el Mercurio Rojo;Caspian Nightshade;Filosofía Prohibida;1695;1158;4,11;30
56df5492-8593;Códice de las Almas de Plomo;Aurelius Nightshade;Alquimia Teórica;1330;732;2,58;33
448e3668-24e9;Sombras sobre el Mercurio Rojo;Morgana Grimoire;Filosofía Prohibida;1384;423;4,87;18
c6ae3afa-f803;El Enigma de el Mercurio Rojo;Elara Sterling;Alquimia Teórica;1733;553;3,76;2
257fe427-e61c;Sombras sobre la Transmutación Infinitas;Thalric Grimoire;Alquimia Teórica;1859;532;1,98;19
d62304ce-f7de;Vórtice de el Azufre Sagrado;Thalric Grimoire;Alquimia Teórica;1140;1406;1,18;22
42e3bf01-4f43;Espejos de la Quintaesencia;Balthazar Flamel;Historia de la Piedra;1659;289;4,95;47
a9951988-7f6e;Vórtice de el Sol Negro;Thalric Flamel;Botánica Arcana;1488;739;3,34;26
56be27f6-57eb;Espejos de la Transmutación Infinitas;Elara Crowley;Transmutación Metálica;1723;94;3,71;22
8d9f6952-7775;Tratado de las Almas de Plomo;Morgana Blackwood;Filosofía Prohibida;1894;362;4,39;34
85ce54ba-cffb;Tratado de la Transmutación Infinitas;Thalric Blackwood;Alquimia Teórica;1915;858;4,1;18
e5dc1ed8-a9a2;Códice de las Almas de Plomo;Morgana Sterling;Historia de la Piedra;1614;1161;4,26;37
9a20bf7d-72b8;Tratado de la Quintaesencia;Seraphine Nightshade;Historia de la Piedra;1672;1119;2,67;28
17e6ed89-6ce2;Códice de el Sol Negro;Elara Crowley;Filosofía Prohibida;1225;1115;1,23;18
c50f65a3-0f78;Sombras sobre la Quintaesencia;Seraphine Vance;Transmutación Metálica;1607;714;1,42;24
15d61d9a-bc16;El Aliento de el Sol Negro;Isolde Vance;Transmutación Metálica;1846;948;4,21;24
3824ae38-0bb6;Sombras sobre el Mercurio Rojo;Caspian Flamel;Botánica Arcana;1595;885;3,31;17
348aa1e9-f13c;El Enigma de las Almas de Plomo;Morgana Sterling;Botánica Arcana;1589;416;2,38;46
c80ee4a3-d639;La Esencia de las Almas de Plomo;Isolde Grimoire;Historia de la Piedra;1782;1294;3,78;43
ffc532fe-e453;Tratado de el Mercurio Rojo;Seraphine Nightshade;Historia de la Piedra;1190;981;4,65;21
26a860bc-4903;El Aliento de la Quintaesencia;Aurelius Sterling;Botánica Arcana;1869;190;2,28;4
e11b3343-c021;El Aliento de la Transmutación Infinitas;Elara Crowley;Filosofía Prohibida;1393;1494;1,32;15
6d0dc324-2202;Espejos de las Almas de Plomo;Elara Nightshade;Historia de la Piedra;1914;556;3,4;35
834e96ca-6b39;Códice de el Sol Negro;Aurelius Nightshade;Filosofía Prohibida;1827;706;4,82;27
da34d2c8-a4ba;El Aliento de las Almas de Plomo;Aurelius Vance;Transmutación Metálica;1222;961;2,96;38
371ae882-0f5d;Sombras sobre la Transmutación Infinitas;Morgana Flamel;Alquimia Teórica;1711;205;2,62;32
8d3c3a41-7258;El Aliento de las Almas de Plomo;Caspian Vance;Alquimia Teórica;1140;1206;3,27;20
7a4e62af-a91f;Códice de el Azufre Sagrado;Seraphine Flamel;Transmutación Metálica;1625;419;2,08;20
c8ed3bd2-e201;Tratado de el Azufre Sagrado;Seraphine Nightshade;Botánica Arcana;1765;1441;1,16;33
6a69f7fe-2c50;Sombras sobre la Quintaesencia;Caspian Sterling;Historia de la Piedra;1946;1448;4,12;44
73ec79b6-2ec5;Tratado de el Mercurio Rojo;Balthazar Blackwood;Filosofía Prohibida;1105;1060;4,23;11
c8a1bf3a-5060;El Aliento de las Almas de Plomo;Thalric Blackwood;Botánica Arcana;2001;1461;1,27;25
aaa96f6e-a555;Vórtice de las Almas de Plomo;Aurelius Sterling;Filosofía Prohibida;1737;387;3,45;40
01ac835d-04ff;El Enigma de el Mercurio Rojo;Balthazar Sterling;Alquimia Teórica;1649;242;1,51;15
c426ba67-f422;Tratado de la Transmutación Infinitas;Isolde Flamel;Alquimia Teórica;1819;1219;3,55;47
8f8ff959-2f95;Vórtice de el Sol Negro;Isolde Nightshade;Filosofía Prohibida;2005;465;3,7;8
fb5e86bc-4df4;Vórtice de el Sol Negro;Seraphine Blackwood;Botánica Arcana;1872;761;1,41;10
c5780e6a-7d44;Vórtice de las Almas de Plomo;Aurelius Sterling;Filosofía Prohibida;1674;116;2,16;13
d0b6406e-1c53;La Esencia de el Mercurio Rojo;Elara Grimoire;Filosofía Prohibida;1734;1426;3,14;17
d9e08369-a7dc;Códice de las Almas de Plomo;Thalric Sterling;Historia de la Piedra;1850;275;2,04;6
ae5bab3a-aa9c;El Aliento de el Mercurio Rojo;Caspian Grimoire;Transmutación Metálica;1243;113;1,52;5
dc99fb11-86b6;El Enigma de las Almas de Plomo;Isolde Flamel;Alquimia Teórica;1256;619;2,15;5
676486bb-c164;El Enigma de el Azufre Sagrado;Seraphine Nightshade;Botánica Arcana;1735;950;2,9;0
d92a09be-581d;Sombras sobre el Azufre Sagrado;Isolde Crowley;Transmutación Metálica;1716;144;3,3;17
eebfa061-d551;Espejos de el Azufre Sagrado;Thalric Crowley;Botánica Arcana;1573;691;1,06;4
367aca23-e449;Códice de la Quintaesencia;Morgana Vance;Botánica Arcana;1555;1355;4,1;25
b7ebe1f9-444d;Espejos de el Sol Negro;Seraphine Vance;Filosofía Prohibida;1751;913;3,53;8
bab6ef30-6efa;La Esencia de el Sol Negro;Elara Blackwood;Historia de la Piedra;1882;1078;1,74;8
3a2e4553-2995;Tratado de las Almas de Plomo;Aurelius Vance;Filosofía Prohibida;1461;1109;4,56;2
ff45e41c-9cc3;Códice de el Azufre Sagrado;Isolde Blackwood;Transmutación Metálica;1899;1407;2,44;35
456c7c36-d205;El Aliento de la Transmutación Infinitas;Thalric Grimoire;Alquimia Teórica;1628;621;1,31;1
c7a3a4a2-e8d2;El Aliento de la Quintaesencia;Balthazar Blackwood;Alquimia Teórica;1518;349;2,43;15
38b888eb-897a;La Esencia de el Mercurio Rojo;Caspian Sterling;Transmutación Metálica;1756;946;4,22;31
b539da66-38eb;Códice de el Azufre Sagrado;Elara Flamel;Alquimia Teórica;1266;292;1,18;31
9710e9b8-16e6;El Enigma de la Quintaesencia;Thalric Sterling;Botánica Arcana;1830;1467;3,84;44
e6d46042-6295;El Enigma de la Quintaesencia;Elara Flamel;Alquimia Teórica;1483;867;3,46;38
06af7372-ea04;Códice de el Azufre Sagrado;Morgana Crowley;Filosofía Prohibida;1306;486;4,58;48
d67eefad-3980;Vórtice de la Quintaesencia;Balthazar Flamel;Transmutación Metálica;1250;548;4,17;46
7c1f615a-b131;Tratado de el Azufre Sagrado;Thalric Crowley;Alquimia Teórica;1561;892;2,9;26
6aa30b9b-8b68;Vórtice de el Mercurio Rojo;Aurelius Grimoire;Filosofía Prohibida;1740;949;1,78;50
36377d39-2144;Tratado de el Mercurio Rojo;Morgana Vance;Filosofía Prohibida;1609;99;4,2;0
216c3e6f-5219;El Aliento de la Transmutación Infinitas;Morgana Vance;Historia de la Piedra;1748;1247;1,61;26
4ebeb304-9884;Sombras sobre las Almas de Plomo;Balthazar Nightshade;Alquimia Teórica;1512;933;2,18;11
dc7db48e-b5a1;El Aliento de el Azufre Sagrado;Seraphine Vance;Filosofía Prohibida;1525;1270;2,08;48
78d4b3e5-d831;La Esencia de el Azufre Sagrado;Balthazar Vance;Filosofía Prohibida;1972;1277;2,8;37
5ce04b1c-bcdc;Sombras sobre el Sol Negro;Caspian Grimoire;Historia de la Piedra;1276;581;2,15;13
286f6b45-b998;Tratado de el Azufre Sagrado;Isolde Grimoire;Historia de la Piedra;1587;1335;2,57;36
6d1606e1-d03a;Espejos de las Almas de Plomo;Seraphine Crowley;Botánica Arcana;1222;437;3,24;3
d43a6e60-7255;Sombras sobre la Transmutación Infinitas;Isolde Vance;Botánica Arcana;1145;330;1,82;23
01d9bc5e-c22b;Espejos de la Quintaesencia;Aurelius Vance;Botánica Arcana;1242;998;3,92;24
506ca42c-9fe4;Códice de el Mercurio Rojo;Seraphine Nightshade;Alquimia Teórica;2006;134;1,93;33
7e911693-c19f;Vórtice de el Azufre Sagrado;Thalric Grimoire;Historia de la Piedra;1296;884;3,61;30
5a91508a-4153;Espejos de el Azufre Sagrado;Seraphine Crowley;Alquimia Teórica;1779;383;4,06;3
a4dedcd6-6fbd;La Esencia de la Transmutación Infinitas;Isolde Sterling;Botánica Arcana;1626;1263;2,87;44
3018b5f4-6209;Sombras sobre la Transmutación Infinitas;Seraphine Nightshade;Historia de la Piedra;1598;82;2,96;6
936ce99e-a894;Sombras sobre el Mercurio Rojo;Isolde Sterling;Botánica Arcana;1727;1277;2,67;48
0505da2a-0f4d;Vórtice de el Mercurio Rojo;Caspian Crowley;Botánica Arcana;1859;1035;3,36;42
c30bef93-c904;El Enigma de el Sol Negro;Seraphine Crowley;Filosofía Prohibida;1881;1295;3,11;49
66d1b58f-09db;El Enigma de el Azufre Sagrado;Seraphine Flamel;Filosofía Prohibida;1100;1074;3,42;37
2c1a04bb-3919;El Aliento de la Transmutación Infinitas;Morgana Sterling;Alquimia Teórica;1700;217;3,3;28
d6f355c1-4d5a;Vórtice de el Azufre Sagrado;Morgana Sterling;Historia de la Piedra;1863;1357;1,39;14
615ae50b-91f0;Tratado de las Almas de Plomo;Morgana Nightshade;Alquimia Teórica;1855;997;1,94;24
9ba8dd83-d521;El Enigma de la Transmutación Infinitas;Aurelius Grimoire;Historia de la Piedra;1963;662;4,96;13
897c7454-5377;Espejos de la Quintaesencia;Seraphine Nightshade;Historia de la Piedra;1210;732;4,4;18
80062c8f-0d37;Tratado de la Transmutación Infinitas;Aurelius Crowley;Filosofía Prohibida;1480;1164;4,84;17
61fccb32-5f33;Vórtice de el Azufre Sagrado;Isolde Blackwood;Transmutación Metálica;1954;746;1,59;39
970cf5a6-e518;Vórtice de el Sol Negro;Balthazar Grimoire;Filosofía Prohibida;1567;658;1,21;5
e8741b3e-9eb7;Vórtice de las Almas de Plomo;Seraphine Crowley;Historia de la Piedra;1576;736;3,27;27
f473255d-6d90;El Enigma de la Quintaesencia;Elara Vance;Historia de la Piedra;1807;1034;2,57;28
5303f80a-c52e;La Esencia de el Mercurio Rojo;Thalric Crowley;Filosofía Prohibida;1677;1054;1,58;19
ccd54244-e35d;El Enigma de el Sol Negro;Seraphine Grimoire;Transmutación Metálica;1400;433;2,53;28
d70121f4-c790;La Esencia de las Almas de Plomo;Elara Flamel;Botánica Arcana;1679;428;4,56;11
28b1c9b2-7d0a;Tratado de el Mercurio Rojo;Aurelius Flamel;Historia de la Piedra;1618;1255;1,6;45
3dfc5c5f-90de;Tratado de el Azufre Sagrado;Aurelius Grimoire;Botánica Arcana;2003;890;3,05;32
5fb2b654-013f;La Esencia de el Sol Negro;Elara Flamel;Filosofía Prohibida;1888;1422;1,73;6
5de01a0c-6185;Tratado de la Quintaesencia;Isolde Crowley;Historia de la Piedra;1467;189;4,83;25
08da8c80-49bb;La Esencia de la Transmutación Infinitas;Elara Vance;Botánica Arcana;1138;106;4,84;47
3c2ad6dc-796a;La Esencia de la Transmutación Infinitas;Isolde Crowley;Historia de la Piedra;1306;871;1,43;28
134664cc-03c6;Sombras sobre el Azufre Sagrado;Aurelius Crowley;Botánica Arcana;1581;847;4,02;33
8fb4b104-f6bc;Vórtice de la Transmutación Infinitas;Morgana Sterling;Transmutación Metálica;1457;769;2,37;23
e0a1a550-06cd;El Enigma de las Almas de Plomo;Seraphine Flamel;Filosofía Prohibida;1111;222;2,99;33
55e46adc-49ac;La Esencia de el Azufre Sagrado;Aurelius Nightshade;Transmutación Metálica;1426;841;3,37;46
6b6436fb-471e;Sombras sobre el Sol Negro;Aurelius Sterling;Filosofía Prohibida;1511;157;4,81;32
eedf6e63-7f44;Tratado de la Transmutación Infinitas;Aurelius Vance;Transmutación Metálica;1696;1133;3,56;30
4582565f-a81c;Sombras sobre el Azufre Sagrado;Seraphine Crowley;Botánica Arcana;1341;1355;3,64;7
f8b99524-603a;La Esencia de las Almas de Plomo;Morgana Crowley;Transmutación Metálica;1562;1384;4,96;7
55920286-1c85;Códice de la Quintaesencia;Elara Vance;Transmutación Metálica;1443;1247;3,56;18
7372ad69-21fb;Códice de las Almas de Plomo;Caspian Flamel;Alquimia Teórica;1646;1396;4,07;32
0d3991f5-5291;El Aliento de las Almas de Plomo;Balthazar Flamel;Botánica Arcana;1940;908;4,87;20
3eb07b87-cdfc;El Enigma de el Azufre Sagrado;Caspian Grimoire;Historia de la Piedra;1925;207;4,55;42
d2c3ea70-65e5;El Aliento de la Transmutación Infinitas;Thalric Crowley;Transmutación Metálica;1828;800;1,85;1
f5962dd0-028b;Tratado de el Mercurio Rojo;Seraphine Crowley;Historia de la Piedra;1259;995;4,47;47
4d1be8fc-48c7;Tratado de la Quintaesencia;Morgana Grimoire;Transmutación Metálica;1794;1015;1,93;5
d69dd839-0312;La Esencia de las Almas de Plomo;Morgana Crowley;Alquimia Teórica;1373;530;2,4;45
c3059160-024f;La Esencia de el Azufre Sagrado;Aurelius Grimoire;Filosofía Prohibida;1252;553;2,88;30
e4f797c1-3447;Tratado de la Transmutación Infinitas;Isolde Sterling;Botánica Arcana;1366;591;3,6;10
1f680d63-2058;Códice de el Mercurio Rojo;Elara Vance;Transmutación Metálica;1608;347;2,27;24
cf2849ad-ae23;La Esencia de la Transmutación Infinitas;Caspian Nightshade;Transmutación Metálica;1302;354;3,75;42
fa4f16db-7dd0;Sombras sobre la Transmutación Infinitas;Caspian Nightshade;Alquimia Teórica;1695;1138;3,66;2
53798e72-6c76;El Aliento de el Sol Negro;Isolde Blackwood;Botánica Arcana;1981;1035;1,98;35
bff44a06-8971;El Aliento de el Sol Negro;Morgana Flamel;Filosofía Prohibida;1920;104;3,25;46
627fc267-74d4;La Esencia de la Transmutación Infinitas;Isolde Flamel;Alquimia Teórica;2014;1297;2,21;31
4fb12ac5-70d9;Vórtice de la Transmutación Infinitas;Thalric Crowley;Filosofía Prohibida;1451;626;1,66;2
4a47fce0-3766;La Esencia de el Mercurio Rojo;Thalric Grimoire;Filosofía Prohibida;1154;525;2,1;24
fb219c9c-3046;La Esencia de la Quintaesencia;Balthazar Flamel;Transmutación Metálica;1122;1081;1,22;38
f105fbed-2b5b;La Esencia de el Sol Negro;Thalric Grimoire;Transmutación Metálica;1326;541;1,91;37
6b8214d6-14ed;Códice de el Azufre Sagrado;Aurelius Sterling;Botánica Arcana;1630;694;1,11;49
930d567f-1008;La Esencia de la Quintaesencia;Aurelius Sterling;Historia de la Piedra;1285;681;2,61;14
16b0c73f-9bd6;Códice de las Almas de Plomo;Morgana Crowley;Alquimia Teórica;1837;570;3,46;35
aaed1269-6f76;Vórtice de las Almas de Plomo;Aurelius Flamel;Alquimia Teórica;1255;518;1,71;41
482ec0d5-df69;El Aliento de el Sol Negro;Balthazar Vance;Botánica Arcana;1465;1216;1,53;46
0e5e2815-bd7c;Códice de las Almas de Plomo;Thalric Vance;Transmutación Metálica;1602;1388;2,64;15
d4208644-544f;El Aliento de el Mercurio Rojo;Morgana Blackwood;Botánica Arcana;1514;702;4,72;49
c7ccd8a8-d225;Códice de las Almas de Plomo;Aurelius Flamel;Transmutación Metálica;1114;721;4,39;40
eb13a7cc-46ec;La Esencia de el Mercurio Rojo;Aurelius Grimoire;Filosofía Prohibida;1771;1393;3,91;42
743b0969-afb3;El Aliento de la Transmutación Infinitas;Isolde Flamel;Botánica Arcana;1140;916;1,13;25
a6b292aa-6cf1;El Enigma de el Azufre Sagrado;Aurelius Vance;Alquimia Teórica;1455;546;4,26;36
ab10f29a-4fdc;La Esencia de la Quintaesencia;Isolde Nightshade;Filosofía Prohibida;1622;1348;3,22;23
d2f004f5-2b34;El Aliento de el Azufre Sagrado;Aurelius Sterling;Historia de la Piedra;1582;364;1,42;46
c286f6dc-cb8d;Códice de la Quintaesencia;Aurelius Sterling;Alquimia Teórica;1798;872;4,31;16
f2d38d13-c494;Códice de la Transmutación Infinitas;Aurelius Flamel;Transmutación Metálica;1985;930;2,4;41
5b41450e-4a3f;Vórtice de el Azufre Sagrado;Seraphine Blackwood;Historia de la Piedra;1262;197;4,08;3
be7c0fd4-3361;El Enigma de el Azufre Sagrado;Aurelius Grimoire;Botánica Arcana;1604;1440;2,54;9
6a77c924-b70f;El Aliento de las Almas de Plomo;Thalric Crowley;Filosofía Prohibida;1722;206;4,07;5
f72d8218-ff6d;El Enigma de la Quintaesencia;Morgana Vance;Alquimia Teórica;1950;169;4,83;17
6e04ffe7-cf1f;Tratado de la Transmutación Infinitas;Balthazar Sterling;Botánica Arcana;1958;546;3,3;43
490f3b24-4e19;El Enigma de la Quintaesencia;Isolde Crowley;Historia de la Piedra;1850;227;1,95;0
8dd15130-367b;El Aliento de la Quintaesencia;Elara Vance;Filosofía Prohibida;1339;100;3,97;24
a949e3d8-4c09;El Enigma de la Transmutación Infinitas;Caspian Blackwood;Alquimia Teórica;1450;904;1,31;25
febe0ffe-f028;Tratado de el Azufre Sagrado;Isolde Vance;Historia de la Piedra;1168;227;3,97;3
af71fa05-d078;El Aliento de el Sol Negro;Elara Grimoire;Transmutación Metálica;1517;945;1,89;26
6f7ea047-01cf;Tratado de el Sol Negro;Morgana Flamel;Historia de la Piedra;1759;682;3,55;39
b135c1ce-1334;La Esencia de el Azufre Sagrado;Morgana Flamel;Botánica Arcana;1643;267;3,98;44
1ffe24e1-2c1a;Espejos de el Azufre Sagrado;Thalric Grimoire;Filosofía Prohibida;1628;153;4,32;25
ac90acbe-d08c;Vórtice de el Mercurio Rojo;Seraphine Blackwood;Alquimia Teórica;1228;679;4,56;4
a7f48714-af69;Sombras sobre la Transmutación Infinitas;Morgana Vance;Transmutación Metálica;1996;1124;1,7;17
abbf611b-bf4e;El Aliento de el Sol Negro;Seraphine Nightshade;Filosofía Prohibida;1468;783;2;20
5387ce0e-cddf;El Aliento de la Quintaesencia;Aurelius Vance;Filosofía Prohibida;1605;938;2,45;14
181939cb-7885;La Esencia de las Almas de Plomo;Seraphine Blackwood;Historia de la Piedra;1559;85;4,85;1
e1ebfb1b-20b4;El Aliento de el Sol Negro;Thalric Flamel;Historia de la Piedra;1592;1010;4,96;4
3f4dd63b-83f6;Vórtice de el Sol Negro;Thalric Grimoire;Transmutación Metálica;1390;196;2,35;6
e1beee26-73aa;La Esencia de el Mercurio Rojo;Caspian Crowley;Filosofía Prohibida;1205;360;2,63;13
bbc25bd3-aea5;Códice de la Transmutación Infinitas;Balthazar Sterling;Botánica Arcana;1307;803;4,34;20
420e7081-6857;Vórtice de el Sol Negro;Morgana Nightshade;Alquimia Teórica;1815;509;1,79;13
d45829f7-1130;La Esencia de el Sol Negro;Seraphine Flamel;Transmutación Metálica;1351;599;4,97;22
89ddbaeb-a6d0;El Aliento de las Almas de Plomo;Isolde Flamel;Filosofía Prohibida;1254;1192;1,8;7
a1aeed5b-d10e;Sombras sobre el Mercurio Rojo;Seraphine Vance;Alquimia Teórica;1943;288;4,76;48
658514eb-7335;Tratado de el Sol Negro;Morgana Grimoire;Alquimia Teórica;1443;932;4,76;11
cfb1b535-c4d5;Vórtice de la Transmutación Infinitas;Aurelius Crowley;Alquimia Teórica;1917;482;3,53;12
470e15cd-7f66;La Esencia de el Mercurio Rojo;Aurelius Crowley;Botánica Arcana;1919;219;1,72;20
17ff1952-ee11;El Enigma de las Almas de Plomo;Aurelius Nightshade;Filosofía Prohibida;1439;1484;2,69;44
c44cd011-fbe4;El Enigma de las Almas de Plomo;Elara Nightshade;Filosofía Prohibida;2014;616;4,52;16
28f9dbea-2c45;Vórtice de las Almas de Plomo;Elara Vance;Botánica Arcana;1359;1173;3,72;21
a4d41597-acf4;Vórtice de las Almas de Plomo;Isolde Vance;Transmutación Metálica;1207;917;4,9;19
932cf323-b975;El Enigma de la Quintaesencia;Thalric Nightshade;Botánica Arcana;1475;624;3,33;23
213ef6fd-14e2;El Aliento de la Quintaesencia;Isolde Grimoire;Alquimia Teórica;1396;966;1,44;1
a72e02b5-72ac;El Enigma de el Azufre Sagrado;Thalric Crowley;Alquimia Teórica;1330;1284;3,58;47
50da415f-17f3;Vórtice de las Almas de Plomo;Isolde Vance;Alquimia Teórica;1800;106;3,22;34
3031f136-49c9;El Enigma de el Sol Negro;Elara Blackwood;Botánica Arcana;1287;596;1,08;33
0782fd56-ba34;El Enigma de el Azufre Sagrado;Elara Grimoire;Alquimia Teórica;1116;258;2,05;30
7f6a9dc2-d93d;Espejos de el Mercurio Rojo;Caspian Vance;Transmutación Metálica;1444;234;3,56;17
26e765e5-8311;Espejos de la Quintaesencia;Elara Nightshade;Botánica Arcana;1903;407;4,08;21
8e50afb1-c97f;La Esencia de el Mercurio Rojo;Thalric Vance;Alquimia Teórica;1922;161;2,11;22
5c93ff43-f72f;Códice de el Sol Negro;Caspian Blackwood;Transmutación Metálica;1403;608;3,2;38
0d7a7b23-7da2;Sombras sobre el Sol Negro;Seraphine Blackwood;Botánica Arcana;1277;397;1,4;35
7f335509-efdb;Códice de la Quintaesencia;Thalric Flamel;Filosofía Prohibida;1754;121;1,28;14
33febbce-082a;Tratado de las Almas de Plomo;Isolde Sterling;Botánica Arcana;1527;1127;3,48;17
4804c243-5280;Espejos de la Transmutación Infinitas;Balthazar Sterling;Transmutación Metálica;1767;522;2,68;48
5a00059c-abe9;Códice de el Azufre Sagrado;Aurelius Vance;Transmutación Metálica;1590;1164;4,62;50
60042706-3a45;El Aliento de la Transmutación Infinitas;Isolde Blackwood;Alquimia Teórica;1483;1047;2,88;50
870d9ae3-ca37;Espejos de la Transmutación Infinitas;Seraphine Grimoire;Historia de la Piedra;1971;1125;2,32;24
b43fbcd4-bd22;El Aliento de el Mercurio Rojo;Isolde Vance;Filosofía Prohibida;1243;1403;1,57;16
922bd282-f910;El Enigma de el Azufre Sagrado;Caspian Nightshade;Historia de la Piedra;1144;714;2,3;50
73c2c035-e67c;El Enigma de el Sol Negro;Elara Vance;Historia de la Piedra;1560;700;4,18;48
39db0eb1-9d8e;El Aliento de el Mercurio Rojo;Isolde Sterling;Alquimia Teórica;1651;208;2,43;40
44aa5024-b50d;Sombras sobre el Sol Negro;Isolde Flamel;Alquimia Teórica;1310;1460;2,05;35
a39e184c-69c5;Espejos de el Mercurio Rojo;Elara Sterling;Transmutación Metálica;1780;1084;1,43;34
d9859b93-1a91;Tratado de el Mercurio Rojo;Caspian Grimoire;Alquimia Teórica;1932;1225;3,86;40
3df12547-094d;Códice de las Almas de Plomo;Isolde Vance;Botánica Arcana;1753;919;3,56;15
c19c6d25-2e85;El Enigma de el Sol Negro;Isolde Grimoire;Botánica Arcana;1859;1203;3,82;14
2f4a3585-8ca6;El Aliento de el Azufre Sagrado;Isolde Crowley;Botánica Arcana;1720;471;1,17;2
f322fbc2-a355;Vórtice de las Almas de Plomo;Seraphine Grimoire;Historia de la Piedra;2010;656;3,88;25
bcd922c7-5c41;Espejos de la Transmutación Infinitas;Thalric Blackwood;Filosofía Prohibida;1542;233;3,47;47
1524267b-6010;Códice de la Quintaesencia;Isolde Grimoire;Botánica Arcana;1574;555;2,64;34
fb8c15c0-d410;El Enigma de el Mercurio Rojo;Balthazar Grimoire;Historia de la Piedra;1344;464;2,46;46
680eaff0-4515;Códice de el Sol Negro;Isolde Blackwood;Historia de la Piedra;1527;606;2,63;30
4f128bbf-3d52;Sombras sobre las Almas de Plomo;Morgana Nightshade;Historia de la Piedra;1343;223;1,68;13
e9a5f9d1-891c;El Aliento de las Almas de Plomo;Balthazar Crowley;Alquimia Teórica;1165;1469;3,72;20
1b157123-0395;El Enigma de el Azufre Sagrado;Balthazar Nightshade;Alquimia Teórica;1508;295;4,12;37
25f73b5a-1870;El Aliento de la Transmutación Infinitas;Seraphine Crowley;Botánica Arcana;1378;307;1,32;49
3e8772b5-a88f;Códice de el Sol Negro;Caspian Blackwood;Historia de la Piedra;1719;1334;2,89;13
e0c20145-8e12;El Enigma de el Azufre Sagrado;Morgana Sterling;Alquimia Teórica;1583;899;4,47;25
a02c863e-4bf4;La Esencia de la Quintaesencia;Morgana Grimoire;Botánica Arcana;1562;1237;4,49;1
193d47a4-2277;La Esencia de el Mercurio Rojo;Seraphine Crowley;Botánica Arcana;1202;100;1,85;43
5bb0b2a4-89bf;Sombras sobre el Mercurio Rojo;Aurelius Grimoire;Botánica Arcana;1928;328;4,62;41
a92c632c-c1e9;El Enigma de el Azufre Sagrado;Morgana Nightshade;Historia de la Piedra;1737;1095;4,34;48
2c81277d-0a3b;Tratado de las Almas de Plomo;Caspian Grimoire;Transmutación Metálica;1721;590;3,96;39
04462ac5-8d01;Vórtice de la Quintaesencia;Balthazar Vance;Alquimia Teórica;1797;480;2,42;25
ff810169-3e74;Vórtice de la Quintaesencia;Balthazar Grimoire;Transmutación Metálica;1805;518;3,8;44
9eac3e1f-863d;Vórtice de las Almas de Plomo;Elara Blackwood;Botánica Arcana;1295;872;4,4;7
cb5e407f-1904;El Aliento de el Mercurio Rojo;Aurelius Grimoire;Transmutación Metálica;1926;166;1,74;49
3247bae5-3240;La Esencia de el Sol Negro;Morgana Flamel;Botánica Arcana;1746;1354;2,7;15
a47d254b-4001;La Esencia de el Sol Negro;Balthazar Nightshade;Filosofía Prohibida;1225;929;1,91;49
33b22628-d935;La Esencia de el Mercurio Rojo;Morgana Sterling;Transmutación Metálica;1418;553;4,05;25
2b9cad53-b84f;Tratado de la Quintaesencia;Balthazar Nightshade;Botánica Arcana;1419;487;3,87;37
dfbc8182-232f;La Esencia de la Quintaesencia;Aurelius Flamel;Botánica Arcana;1817;1128;2,72;11
9039bfdd-948b;Sombras sobre el Mercurio Rojo;Thalric Crowley;Filosofía Prohibida;1289;949;3,95;49
9b5a1f11-8b83;Códice de la Quintaesencia;Morgana Sterling;Botánica Arcana;1800;482;3,8;32
4a64671a-c284;La Esencia de la Transmutación Infinitas;Balthazar Blackwood;Transmutación Metálica;1980;155;3,59;37
3cca6624-1874;Tratado de la Transmutación Infinitas;Aurelius Sterling;Botánica Arcana;1973;446;3,93;37
c35e419e-c9fa;Vórtice de las Almas de Plomo;Caspian Nightshade;Transmutación Metálica;1107;520;1,13;48
ad348490-11f3;Vórtice de el Azufre Sagrado;Morgana Sterling;Alquimia Teórica;1716;309;1,37;18
b5a7bfe2-727a;Sombras sobre las Almas de Plomo;Seraphine Sterling;Transmutación Metálica;2019;1479;3,43;46
69082b5b-c1f3;Códice de el Azufre Sagrado;Isolde Grimoire;Filosofía Prohibida;1737;772;3,22;36
2f7f3003-3d13;Códice de la Quintaesencia;Thalric Crowley;Botánica Arcana;1751;1034;3,66;13
aabbf789-109d;El Enigma de el Azufre Sagrado;Caspian Vance;Filosofía Prohibida;1262;1449;3;43
1def3d50-f0fc;Códice de el Azufre Sagrado;Isolde Nightshade;Botánica Arcana;1341;1482;4,12;14
f4faa77b-ab2b;Códice de la Quintaesencia;Thalric Flamel;Filosofía Prohibida;1125;338;3,47;11
0a03872a-c0d4;Vórtice de el Mercurio Rojo;Balthazar Blackwood;Filosofía Prohibida;1613;267;1,07;6
96684c50-1b26;Sombras sobre la Quintaesencia;Balthazar Flamel;Botánica Arcana;1252;334;1,84;0
b6598e6e-7cc8;La Esencia de el Sol Negro;Seraphine Nightshade;Alquimia Teórica;1451;1425;2,93;45
5e15498f-e6a6;El Enigma de la Quintaesencia;Aurelius Vance;Historia de la Piedra;1587;558;2,52;40
c92f18e8-a1b6;El Enigma de el Sol Negro;Elara Nightshade;Historia de la Piedra;1217;734;3,31;49
542cd459-3ce4;Sombras sobre la Transmutación Infinitas;Aurelius Blackwood;Botánica Arcana;1240;276;4,18;17
4721ce08-04d9;Espejos de la Quintaesencia;Elara Vance;Filosofía Prohibida;1234;523;2,15;14
7c015734-a71c;Espejos de el Azufre Sagrado;Caspian Blackwood;Alquimia Teórica;1733;1175;2,91;1
e8a917e0-b960;La Esencia de la Quintaesencia;Aurelius Blackwood;Transmutación Metálica;1148;624;2,99;25
752eda44-205c;La Esencia de el Azufre Sagrado;Aurelius Crowley;Filosofía Prohibida;1698;578;1,73;22
3a287592-346c;Sombras sobre el Azufre Sagrado;Morgana Vance;Botánica Arcana;1332;143;3,52;22
c5a2635b-75ae;El Enigma de el Azufre Sagrado;Morgana Sterling;Botánica Arcana;1679;272;4,12;18
de1a953a-79c9;El Enigma de las Almas de Plomo;Aurelius Vance;Botánica Arcana;1972;471;2,44;4
40880246-8754;Códice de el Mercurio Rojo;Isolde Sterling;Filosofía Prohibida;1666;676;4,67;16
1f41979b-70e5;Espejos de la Transmutación Infinitas;Seraphine Grimoire;Alquimia Teórica;1107;226;1,42;30
c7a60104-f859;Códice de el Azufre Sagrado;Morgana Grimoire;Alquimia Teórica;1952;311;4,53;39
4d8d6055-bac2;La Esencia de la Transmutación Infinitas;Aurelius Crowley;Alquimia Teórica;1767;474;1,87;33
b484612c-1fee;Códice de la Quintaesencia;Caspian Crowley;Filosofía Prohibida;1794;1018;4,71;14
cc5afdbd-9b69;El Aliento de las Almas de Plomo;Seraphine Sterling;Filosofía Prohibida;1151;1154;1,35;21
c53bd778-d63a;Vórtice de la Transmutación Infinitas;Aurelius Nightshade;Transmutación Metálica;1340;235;4,25;45
1958c7c0-08ba;El Enigma de la Quintaesencia;Seraphine Blackwood;Alquimia Teórica;1545;593;2,73;44
6f7130e2-1912;Vórtice de el Azufre Sagrado;Elara Flamel;Historia de la Piedra;1492;551;1,52;22
135830cc-2d1d;La Esencia de la Transmutación Infinitas;Balthazar Vance;Alquimia Teórica;1159;1329;3,71;8
dbf7179f-a922;La Esencia de la Quintaesencia;Seraphine Flamel;Botánica Arcana;1188;288;1,67;12
3d4ee504-71d8;Códice de el Mercurio Rojo;Morgana Grimoire;Botánica Arcana;1899;183;1,4;8
6cbbf2af-6c16;Espejos de el Sol Negro;Morgana Blackwood;Alquimia Teórica;1596;764;2,09;11
f87d0e6c-0e1b;El Aliento de el Mercurio Rojo;Aurelius Nightshade;Filosofía Prohibida;1618;1082;2,13;15
8d313dfa-9832;El Enigma de el Azufre Sagrado;Caspian Flamel;Transmutación Metálica;1800;606;4;31
fed027a1-fe3b;Vórtice de las Almas de Plomo;Aurelius Nightshade;Botánica Arcana;1606;454;3,21;4
ca78278c-32ea;Códice de la Transmutación Infinitas;Caspian Flamel;Alquimia Teórica;1929;945;2,43;39
37a12e13-a00c;Espejos de las Almas de Plomo;Aurelius Grimoire;Filosofía Prohibida;1167;1472;4,97;15
b7c5aca3-79ed;Tratado de la Transmutación Infinitas;Seraphine Flamel;Botánica Arcana;1671;923;4,7;36
44b91875-19a4;Sombras sobre la Transmutación Infinitas;Thalric Nightshade;Botánica Arcana;1453;1493;3,66;24
af1be414-debc;Vórtice de el Sol Negro;Aurelius Flamel;Historia de la Piedra;1673;1441;3,01;34
8980fb4b-4c73;El Enigma de el Azufre Sagrado;Thalric Crowley;Botánica Arcana;1542;927;2,12;28
54974eec-fbca;Vórtice de las Almas de Plomo;Caspian Sterling;Filosofía Prohibida;1877;739;4,32;9
553b4954-3588;El Aliento de la Transmutación Infinitas;Isolde Blackwood;Transmutación Metálica;1397;928;2,99;11
d567f806-f46f;Sombras sobre la Transmutación Infinitas;Thalric Sterling;Botánica Arcana;1774;1344;4,55;7
ac590762-77a4;Sombras sobre la Transmutación Infinitas;Morgana Grimoire;Filosofía Prohibida;1634;186;3,91;28
05b58c08-5662;Vórtice de el Mercurio Rojo;Balthazar Nightshade;Transmutación Metálica;1816;792;3,33;28
d8888801-01a7;La Esencia de la Transmutación Infinitas;Balthazar Grimoire;Alquimia Teórica;1774;1103;1,66;4
9ac5f6fe-d649;Vórtice de la Quintaesencia;Caspian Crowley;Filosofía Prohibida;1294;844;2,91;27
79ed5a47-e2a6;Espejos de la Quintaesencia;Seraphine Blackwood;Alquimia Teórica;1369;148;3,08;30
2112d04b-6af0;Tratado de las Almas de Plomo;Morgana Grimoire;Alquimia Teórica;2015;1091;4,54;49
4c4a461f-2192;Tratado de el Mercurio Rojo;Isolde Vance;Transmutación Metálica;1850;743;3,81;37
e3b49d29-9eca;Tratado de el Azufre Sagrado;Aurelius Blackwood;Historia de la Piedra;2005;1074;1,96;19
18162787-96a1;Sombras sobre el Azufre Sagrado;Elara Vance;Transmutación Metálica;1797;546;3,19;20
d8f25bcd-b973;Tratado de el Azufre Sagrado;Seraphine Flamel;Historia de la Piedra;1511;1005;4,93;4
78272ec8-b89f;Tratado de las Almas de Plomo;Aurelius Sterling;Historia de la Piedra;1947;398;3,3;44
e4b0feef-5abc;Códice de el Azufre Sagrado;Aurelius Flamel;Alquimia Teórica;1943;1316;2,72;38
d316fd13-54a5;El Aliento de el Azufre Sagrado;Morgana Crowley;Botánica Arcana;1269;803;2,18;20
6ef2b49d-9fca;El Enigma de la Transmutación Infinitas;Thalric Grimoire;Historia de la Piedra;1545;526;4,78;30
7373c4a7-2b9c;Vórtice de la Transmutación Infinitas;Thalric Grimoire;Filosofía Prohibida;1732;99;1,03;36
6b4902f0-c7eb;Códice de la Quintaesencia;Aurelius Sterling;Botánica Arcana;1495;1238;4,13;3
845b2d98-9f0b;El Aliento de las Almas de Plomo;Caspian Flamel;Botánica Arcana;1420;1467;3,76;42
fd13bbe2-e6d4;Espejos de la Quintaesencia;Seraphine Flamel;Filosofía Prohibida;1620;927;2,75;34
f1296a8c-9995;El Aliento de las Almas de Plomo;Aurelius Sterling;Botánica Arcana;1649;125;4,55;45
11bf5c35-0c62;El Aliento de el Mercurio Rojo;Elara Nightshade;Alquimia Teórica;1346;514;1,69;1
3572fab0-386a;Códice de la Quintaesencia;Caspian Flamel;Alquimia Teórica;1705;1306;1,95;11
8fe48095-e02a;Sombras sobre el Sol Negro;Elara Nightshade;Filosofía Prohibida;1888;1334;4,75;17
be4b7575-838c;Códice de la Transmutación Infinitas;Caspian Flamel;Transmutación Metálica;1264;722;4,76;26
c768dbf4-f773;Tratado de las Almas de Plomo;Isolde Sterling;Filosofía Prohibida;2011;534;4,27;50
43216f66-64c9;La Esencia de la Quintaesencia;Seraphine Blackwood;Transmutación Metálica;1318;680;4,38;3
b02d1e49-8f24;La Esencia de la Transmutación Infinitas;Seraphine Sterling;Botánica Arcana;1255;741;4,24;4
c15cce1d-fa2f;El Aliento de el Sol Negro;Isolde Nightshade;Historia de la Piedra;1551;1318;4,6;5
42808313-fd00;Códice de las Almas de Plomo;Isolde Sterling;Botánica Arcana;1905;1090;4,49;8
a4e45322-91f6;Espejos de la Quintaesencia;Balthazar Flamel;Transmutación Metálica;1318;420;2,36;33
9375e151-18cd;El Enigma de la Transmutación Infinitas;Morgana Flamel;Historia de la Piedra;1206;308;4,99;27
94e4a9b4-6071;El Enigma de las Almas de Plomo;Seraphine Sterling;Alquimia Teórica;1455;360;1,01;36
d37d4a75-4edd;Códice de las Almas de Plomo;Balthazar Nightshade;Historia de la Piedra;1245;123;2,68;7
5f6e4292-e66c;La Esencia de el Azufre Sagrado;Balthazar Blackwood;Botánica Arcana;1393;1212;3,68;44
5f507b5e-bbc1;Espejos de la Transmutación Infinitas;Elara Crowley;Historia de la Piedra;1170;667;3,19;7
a149f010-c3e1;Espejos de la Transmutación Infinitas;Elara Grimoire;Botánica Arcana;1718;918;1,17;5
3aee3ae7-b051;El Enigma de el Sol Negro;Isolde Nightshade;Historia de la Piedra;1817;835;4,75;31
5ee3d721-22bc;Vórtice de el Mercurio Rojo;Isolde Crowley;Alquimia Teórica;1149;825;3,26;30
01c08d9e-c816;Vórtice de el Sol Negro;Aurelius Sterling;Filosofía Prohibida;1753;1464;3,31;2
2b375b0b-eb26;El Aliento de el Sol Negro;Morgana Grimoire;Transmutación Metálica;1275;507;4,19;22
c7490c0d-8ad3;La Esencia de la Quintaesencia;Caspian Grimoire;Transmutación Metálica;1889;1092;2,73;1
0346de3d-5e48;El Enigma de el Sol Negro;Morgana Vance;Botánica Arcana;1487;406;1,48;40
cc592417-ec06;Vórtice de la Quintaesencia;Seraphine Flamel;Historia de la Piedra;1480;1129;3,22;29
617dbc93-e3e1;El Aliento de el Mercurio Rojo;Seraphine Nightshade;Filosofía Prohibida;1207;910;4,48;27
12b2bb49-82a4;Vórtice de la Quintaesencia;Balthazar Blackwood;Historia de la Piedra;1716;879;3,7;20
02a1a307-1b9d;La Esencia de la Transmutación Infinitas;Thalric Blackwood;Alquimia Teórica;1623;837;3,18;50
c7d2d7f8-76c1;Vórtice de el Azufre Sagrado;Isolde Crowley;Historia de la Piedra;1386;466;4,42;27
5c04cede-8fdd;El Enigma de la Quintaesencia;Seraphine Nightshade;Filosofía Prohibida;1845;1327;3,1;9
b3495ae2-49cf;Sombras sobre la Transmutación Infinitas;Seraphine Grimoire;Botánica Arcana;1475;1070;4,41;35
e9b6d92b-06cf;Vórtice de el Sol Negro;Elara Blackwood;Botánica Arcana;1474;366;2,36;44
7a97e737-362a;El Aliento de el Sol Negro;Caspian Blackwood;Historia de la Piedra;1400;391;4,26;10
2bd81748-bb9e;El Aliento de el Mercurio Rojo;Thalric Flamel;Transmutación Metálica;1982;124;1,54;41
bad206f5-294e;El Aliento de el Azufre Sagrado;Caspian Vance;Alquimia Teórica;1178;201;3,56;40
9f2e621f-527d;Espejos de el Mercurio Rojo;Isolde Grimoire;Botánica Arcana;1393;1162;1,62;29
1dde8945-dc52;El Enigma de el Mercurio Rojo;Aurelius Flamel;Historia de la Piedra;1858;1441;4,31;38
06977cce-bf9c;Vórtice de la Transmutación Infinitas;Morgana Nightshade;Alquimia Teórica;1551;226;4,29;6
9ef5ee9d-cbb4;Vórtice de las Almas de Plomo;Elara Grimoire;Filosofía Prohibida;1702;629;4,94;9
4ef6002e-5419;La Esencia de el Azufre Sagrado;Caspian Blackwood;Botánica Arcana;1298;897;2,28;17
34ef90c7-c56e;Tratado de la Transmutación Infinitas;Thalric Blackwood;Botánica Arcana;1937;1337;4,84;28
15e6c1f8-cfad;Espejos de la Quintaesencia;Isolde Blackwood;Historia de la Piedra;1608;1035;4,13;6
f0226310-ce2f;La Esencia de la Transmutación Infinitas;Caspian Crowley;Botánica Arcana;1220;762;2,5;43
73ffbe2c-4dd5;Espejos de el Azufre Sagrado;Isolde Blackwood;Filosofía Prohibida;1549;346;1,85;25
f47b8fa5-6a4b;Sombras sobre el Sol Negro;Seraphine Crowley;Historia de la Piedra;1307;100;3,14;50
9abc2ce0-2031;Vórtice de la Quintaesencia;Caspian Grimoire;Transmutación Metálica;1850;1413;4,77;11
e66b0e8f-93dc;Tratado de el Azufre Sagrado;Aurelius Crowley;Filosofía Prohibida;1961;630;1,37;11
440e38c4-e666;Espejos de la Transmutación Infinitas;Seraphine Vance;Alquimia Teórica;2002;202;3,29;48
ae38667a-af77;Códice de la Transmutación Infinitas;Elara Vance;Filosofía Prohibida;1106;320;4,12;1
3b8d2be1-97c5;Códice de el Mercurio Rojo;Thalric Flamel;Botánica Arcana;1845;924;3,2;6
3ec042b9-d338;La Esencia de el Sol Negro;Elara Nightshade;Botánica Arcana;1489;876;4,23;34
2f885ca6-7a92;El Enigma de el Mercurio Rojo;Seraphine Blackwood;Filosofía Prohibida;1288;1397;1,44;22
5faad715-42a5;Vórtice de el Sol Negro;Isolde Flamel;Filosofía Prohibida;1174;700;1,29;24
6a8f8bff-b36c;La Esencia de la Quintaesencia;Balthazar Grimoire;Historia de la Piedra;1725;1347;2,58;21
634123b0-20ee;Tratado de la Transmutación Infinitas;Morgana Sterling;Historia de la Piedra;1750;756;1,32;50
27966d5d-78a3;Vórtice de el Azufre Sagrado;Isolde Flamel;Transmutación Metálica;1968;431;1,87;19
0886530e-1e32;Sombras sobre la Quintaesencia;Thalric Vance;Historia de la Piedra;1462;81;3,73;5
715d35fa-58f6;Tratado de la Transmutación Infinitas;Thalric Sterling;Transmutación Metálica;1128;690;2,22;34
18ae04b5-4d7d;Vórtice de la Transmutación Infinitas;Morgana Grimoire;Alquimia Teórica;1762;311;2,48;16
f4fdb5d2-7188;Espejos de el Azufre Sagrado;Thalric Vance;Historia de la Piedra;1153;307;2,72;4
57af35b7-b8e7;Tratado de el Mercurio Rojo;Balthazar Nightshade;Filosofía Prohibida;1263;117;2,72;17
3a372dad-e130;La Esencia de las Almas de Plomo;Caspian Grimoire;Botánica Arcana;1612;96;4,66;47
2a78d7fd-91ce;Sombras sobre la Transmutación Infinitas;Elara Flamel;Filosofía Prohibida;1590;1212;4,29;37
74c03e18-9079;Códice de las Almas de Plomo;Aurelius Flamel;Alquimia Teórica;1629;1415;2,68;41
0e60dbb4-3371;El Aliento de el Mercurio Rojo;Balthazar Nightshade;Botánica Arcana;1449;524;2,4;35
1ec9513d-da50;Tratado de el Mercurio Rojo;Morgana Nightshade;Botánica Arcana;1653;210;2,42;38
893a4f64-1d17;Vórtice de el Mercurio Rojo;Aurelius Grimoire;Filosofía Prohibida;1901;1143;3,37;19
b485a3cd-9378;La Esencia de las Almas de Plomo;Isolde Nightshade;Transmutación Metálica;1205;370;4,54;14
aedb2fdd-b1bf;Tratado de la Quintaesencia;Isolde Crowley;Alquimia Teórica;1589;1416;1,17;8
01473fba-2f7c;Espejos de el Azufre Sagrado;Balthazar Vance;Filosofía Prohibida;1635;1241;2,14;37
f688e874-fe9c;La Esencia de el Azufre Sagrado;Isolde Nightshade;Alquimia Teórica;1302;715;2,86;23
891f506f-e45b;El Enigma de el Mercurio Rojo;Elara Vance;Alquimia Teórica;1316;849;1,63;43
b2e8846b-763c;Sombras sobre la Transmutación Infinitas;Seraphine Crowley;Historia de la Piedra;1136;1249;2,35;32
0aaef44d-4d99;Espejos de la Transmutación Infinitas;Aurelius Sterling;Filosofía Prohibida;1104;821;1,77;2
06397a08-9b00;Espejos de el Azufre Sagrado;Thalric Flamel;Historia de la Piedra;1252;970;3,78;10
39bdac7b-159a;Sombras sobre el Mercurio Rojo;Isolde Grimoire;Transmutación Metálica;1780;175;3,06;1
fcb28b84-17d4;Sombras sobre las Almas de Plomo;Thalric Flamel;Historia de la Piedra;1178;603;2,43;25
366aa945-9381;El Enigma de la Quintaesencia;Thalric Vance;Alquimia Teórica;1206;1211;3,01;32
4a24336a-51fe;Tratado de la Transmutación Infinitas;Isolde Blackwood;Historia de la Piedra;1190;1110;3,73;6
61f2963b-481d;La Esencia de la Quintaesencia;Elara Nightshade;Filosofía Prohibida;1474;275;3,07;26
6a97691f-2bf9;Espejos de el Mercurio Rojo;Seraphine Vance;Filosofía Prohibida;1763;507;2,33;42
b1adc3a3-1791;La Esencia de el Mercurio Rojo;Balthazar Crowley;Historia de la Piedra;1757;1169;1,99;5
09b50f94-6446;Códice de el Mercurio Rojo;Elara Flamel;Transmutación Metálica;1415;1345;4,77;4
b3505b39-7150;Espejos de la Quintaesencia;Morgana Vance;Filosofía Prohibida;1996;584;3,54;22
9bc1ff88-0daa;Códice de la Quintaesencia;Elara Vance;Filosofía Prohibida;2016;1248;3,12;44
1ce0075f-650f;El Enigma de el Sol Negro;Balthazar Vance;Alquimia Teórica;1613;1274;3,87;48
b50294b6-3849;La Esencia de las Almas de Plomo;Aurelius Blackwood;Historia de la Piedra;1241;320;4,11;30
b053f034-11e6;Códice de el Azufre Sagrado;Seraphine Nightshade;Alquimia Teórica;1872;301;3,63;4
882c5fc2-4a24;Sombras sobre el Azufre Sagrado;Aurelius Flamel;Botánica Arcana;1843;1090;4,61;42
0e22cb6b-c1f8;La Esencia de el Mercurio Rojo;Caspian Nightshade;Historia de la Piedra;1903;111;3,27;50
f7c5df55-d140;La Esencia de el Sol Negro;Morgana Grimoire;Botánica Arcana;1109;429;4,41;30
9d927ae8-782e;Sombras sobre el Sol Negro;Aurelius Grimoire;Alquimia Teórica;1976;1008;2,72;43
0307eeac-bbd7;Tratado de la Transmutación Infinitas;Aurelius Nightshade;Filosofía Prohibida;1587;233;2,73;5
ab9d98f0-d4a2;Vórtice de las Almas de Plomo;Elara Flamel;Filosofía Prohibida;1346;675;1,57;14
497eee01-b7ec;Vórtice de el Azufre Sagrado;Seraphine Blackwood;Filosofía Prohibida;1234;405;1,98;13
45d70c28-9d37;El Enigma de las Almas de Plomo;Morgana Blackwood;Historia de la Piedra;1142;687;4,68;40
9e4c6e47-bf75;El Aliento de la Quintaesencia;Thalric Flamel;Historia de la Piedra;1121;1139;4,85;24
5c5750fe-9b73;La Esencia de la Quintaesencia;Seraphine Vance;Botánica Arcana;1461;245;3,91;15
a90030e8-4759;Sombras sobre la Quintaesencia;Thalric Sterling;Alquimia Teórica;1262;1167;4,83;45
9cce7993-1750;El Enigma de el Mercurio Rojo;Isolde Nightshade;Alquimia Teórica;1892;357;1,03;23
aff2e809-3fc6;Espejos de la Transmutación Infinitas;Elara Crowley;Filosofía Prohibida;2004;1468;3,45;19
c4521d5c-3d54;El Aliento de el Sol Negro;Elara Crowley;Filosofía Prohibida;1955;603;1,49;24
dd9640c7-480c;El Aliento de el Mercurio Rojo;Isolde Grimoire;Historia de la Piedra;1389;1282;2,99;5
feeeda60-d2b5;La Esencia de el Sol Negro;Seraphine Nightshade;Alquimia Teórica;1314;1258;2,19;41
53058fcb-c4f4;Tratado de el Sol Negro;Isolde Flamel;Botánica Arcana;1742;1060;1,9;12
e8a615fd-e68b;Códice de la Quintaesencia;Elara Grimoire;Alquimia Teórica;1464;815;3,79;31
418d50d3-55e7;Espejos de las Almas de Plomo;Aurelius Sterling;Alquimia Teórica;1937;1327;3,14;32
8b7164b8-9504;La Esencia de el Sol Negro;Caspian Crowley;Filosofía Prohibida;1648;1098;1;3
99b812ea-ee21;Espejos de las Almas de Plomo;Morgana Grimoire;Alquimia Teórica;1279;1180;4,89;12
e33c2f36-c71b;Tratado de el Azufre Sagrado;Aurelius Crowley;Botánica Arcana;1817;727;4,32;50
c863e027-e508;Códice de el Mercurio Rojo;Aurelius Vance;Botánica Arcana;1650;459;1,35;7
7d347b49-4722;Sombras sobre las Almas de Plomo;Balthazar Nightshade;Botánica Arcana;1800;1484;1,33;47
d863187a-de89;La Esencia de el Mercurio Rojo;Isolde Flamel;Historia de la Piedra;1702;749;3,13;35
c72b31d4-05d0;Sombras sobre la Quintaesencia;Isolde Vance;Filosofía Prohibida;1865;85;1,31;40
fbbce0e9-dfef;Tratado de el Sol Negro;Morgana Sterling;Transmutación Metálica;1273;842;3,16;9
a7c9d37d-e82f;Códice de la Quintaesencia;Isolde Grimoire;Alquimia Teórica;1892;112;2,95;46
7354a9a8-c394;Espejos de la Transmutación Infinitas;Morgana Crowley;Botánica Arcana;1707;1235;1,78;36
9ed693bd-0233;Vórtice de el Mercurio Rojo;Isolde Crowley;Transmutación Metálica;1853;1173;2,04;29
dfbef11d-191c;Códice de la Quintaesencia;Caspian Vance;Historia de la Piedra;1550;1216;2,96;43
b2c47558-1688;Espejos de las Almas de Plomo;Isolde Nightshade;Transmutación Metálica;1269;1144;2,84;33
9b6b4929-191e;Vórtice de la Quintaesencia;Caspian Crowley;Transmutación Metálica;1368;1136;4,06;36
05d2dafb-7756;Espejos de la Quintaesencia;Caspian Blackwood;Botánica Arcana;1963;1045;1,46;20
9e6e4565-ae90;Sombras sobre el Azufre Sagrado;Isolde Sterling;Alquimia Teórica;1688;542;3,14;16
f501d29e-e2d0;Espejos de la Quintaesencia;Seraphine Grimoire;Transmutación Metálica;1396;979;4,14;39
9dc85ad4-3141;Espejos de el Mercurio Rojo;Seraphine Nightshade;Transmutación Metálica;1874;810;2,55;8
f6e846bd-1a86;El Aliento de la Transmutación Infinitas;Morgana Grimoire;Historia de la Piedra;1837;1481;2,54;7
31f3d352-ac53;El Aliento de la Transmutación Infinitas;Seraphine Nightshade;Botánica Arcana;1476;1030;4,47;40
09c5aec7-faaa;Espejos de el Azufre Sagrado;Seraphine Nightshade;Botánica Arcana;1929;1080;2,99;44
100333fd-d5fa;El Enigma de la Transmutación Infinitas;Elara Sterling;Historia de la Piedra;1781;863;3,35;18
11b174cc-f032;Espejos de el Sol Negro;Elara Nightshade;Filosofía Prohibida;1501;731;2,76;41
21816d3c-2bca;Espejos de el Mercurio Rojo;Morgana Grimoire;Historia de la Piedra;1152;916;2,56;27
e31b8e6b-7eb3;Tratado de el Mercurio Rojo;Elara Vance;Filosofía Prohibida;1209;1474;4,32;39
b8e056e1-8630;La Esencia de la Quintaesencia;Aurelius Vance;Alquimia Teórica;1326;1239;2,71;12
a7757163-809c;Sombras sobre el Sol Negro;Seraphine Nightshade;Transmutación Metálica;1830;885;4,4;8
9c2d4fcb-04c1;El Aliento de la Transmutación Infinitas;Thalric Flamel;Filosofía Prohibida;1915;662;3,34;22
e4bfbe58-1057;Códice de el Sol Negro;Thalric Crowley;Botánica Arcana;1352;1253;4,97;33
40fae6a4-6a6a;El Aliento de el Sol Negro;Morgana Grimoire;Historia de la Piedra;1829;827;1,24;36
68d4c262-58fc;Códice de el Sol Negro;Caspian Nightshade;Transmutación Metálica;1292;541;4,81;23
19018200-8528;Códice de la Transmutación Infinitas;Elara Nightshade;Transmutación Metálica;1860;1060;2,69;49
56124e6d-c03a;Códice de las Almas de Plomo;Elara Grimoire;Historia de la Piedra;1216;283;3,61;25
97355627-ab62;Tratado de las Almas de Plomo;Thalric Crowley;Botánica Arcana;1317;120;4,12;34
a36c075d-a21a;El Enigma de el Azufre Sagrado;Seraphine Flamel;Alquimia Teórica;1134;1354;4,62;49
6676cede-fa83;El Aliento de el Mercurio Rojo;Thalric Vance;Filosofía Prohibida;1397;119;1,35;46
64aad958-7f0d;Sombras sobre la Quintaesencia;Morgana Sterling;Botánica Arcana;1104;325;2,45;26
ad24d5f4-7f59;Vórtice de el Azufre Sagrado;Balthazar Flamel;Historia de la Piedra;1982;1497;3,79;25
c8251424-637f;El Enigma de las Almas de Plomo;Caspian Flamel;Alquimia Teórica;1361;1254;1,12;5
c7fd4c13-08d2;Espejos de el Azufre Sagrado;Balthazar Vance;Alquimia Teórica;1835;926;4,01;12
25c98488-4e8b;La Esencia de las Almas de Plomo;Caspian Grimoire;Historia de la Piedra;1634;1473;1,99;17
ac20d519-2fea;Sombras sobre las Almas de Plomo;Balthazar Nightshade;Transmutación Metálica;1739;1480;4,34;41
d1513dfd-bb94;Códice de el Sol Negro;Morgana Crowley;Historia de la Piedra;1419;1095;2,68;20
8eecc6d5-428b;El Aliento de las Almas de Plomo;Balthazar Grimoire;Alquimia Teórica;1912;1221;4,46;35
3d1bdae7-5eff;El Aliento de la Transmutación Infinitas;Caspian Blackwood;Alquimia Teórica;1878;1114;2,7;47
de461064-72cd;Tratado de el Azufre Sagrado;Thalric Vance;Historia de la Piedra;1380;505;4,92;2
f179e97e-2ce7;El Aliento de el Azufre Sagrado;Caspian Blackwood;Filosofía Prohibida;1196;1368;3,3;43
d673e9c8-8554;Tratado de el Sol Negro;Elara Flamel;Filosofía Prohibida;1251;1053;2,62;13
5c484d60-c5ba;La Esencia de la Quintaesencia;Thalric Crowley;Historia de la Piedra;1340;109;3,97;42
c4ac1605-5de7;Espejos de el Sol Negro;Balthazar Sterling;Filosofía Prohibida;1638;486;4,64;36
ce7cb8c7-6311;Vórtice de la Transmutación Infinitas;Caspian Sterling;Botánica Arcana;1712;1299;4,27;47
84fa0d40-dd4a;La Esencia de las Almas de Plomo;Aurelius Flamel;Transmutación Metálica;1642;175;3,3;39
b726c89d-ca6f;Códice de el Mercurio Rojo;Elara Flamel;Historia de la Piedra;1322;554;1,94;47
a49ee80c-8848;El Enigma de la Quintaesencia;Seraphine Flamel;Transmutación Metálica;1322;87;3,68;40
50243ede-3738;El Enigma de la Transmutación Infinitas;Aurelius Flamel;Historia de la Piedra;1925;316;3,75;2
f9350d31-76aa;El Enigma de la Quintaesencia;Elara Blackwood;Filosofía Prohibida;1387;1432;2,45;20
044e09b8-3c00;La Esencia de el Mercurio Rojo;Aurelius Vance;Alquimia Teórica;1857;1315;2,5;36
87ea71a2-1085;El Enigma de el Azufre Sagrado;Isolde Blackwood;Transmutación Metálica;1559;588;4,99;12
87d6b8de-1d80;Espejos de la Transmutación Infinitas;Morgana Vance;Filosofía Prohibida;1340;1458;2,87;7
3f480d9f-f9b7;Vórtice de el Azufre Sagrado;Seraphine Flamel;Alquimia Teórica;1551;1381;1,68;44
36968124-9382;Tratado de la Transmutación Infinitas;Morgana Grimoire;Transmutación Metálica;2007;769;1,59;8
7e8f739d-5b12;Códice de el Azufre Sagrado;Isolde Flamel;Alquimia Teórica;1985;1398;3,84;20
47e6aafe-9d6d;Sombras sobre las Almas de Plomo;Thalric Grimoire;Filosofía Prohibida;1694;257;3,8;40
ab59c098-5f46;El Aliento de la Quintaesencia;Elara Blackwood;Historia de la Piedra;1967;1287;4,09;45
68e18d01-cee2;Espejos de el Azufre Sagrado;Morgana Nightshade;Alquimia Teórica;1280;807;4,09;1
5c4ce6a7-aa42;El Enigma de la Transmutación Infinitas;Caspian Sterling;Botánica Arcana;1520;335;1,41;35
b9b75201-6c04;Espejos de el Sol Negro;Isolde Grimoire;Historia de la Piedra;1683;1082;3,48;19
35b8be5a-f6c3;Espejos de la Quintaesencia;Isolde Grimoire;Alquimia Teórica;1485;1410;1,38;11
efb39bdd-55e5;Códice de el Mercurio Rojo;Aurelius Blackwood;Historia de la Piedra;1654;397;2,55;17
d37cb2ac-b2ba;Tratado de la Quintaesencia;Elara Blackwood;Botánica Arcana;1550;749;1,87;42
c62253b2-5b99;El Aliento de el Mercurio Rojo;Caspian Vance;Botánica Arcana;1326;261;4,19;39
2bd9cfba-d63e;Sombras sobre el Sol Negro;Elara Sterling;Botánica Arcana;1143;261;4,98;0
6b50513b-f3d7;Espejos de el Mercurio Rojo;Morgana Crowley;Alquimia Teórica;1544;929;2,39;24
041f8ede-93b4;El Enigma de el Azufre Sagrado;Elara Vance;Botánica Arcana;1310;849;1,23;35
3e53aee1-afe0;El Aliento de las Almas de Plomo;Isolde Vance;Botánica Arcana;1480;1380;2,32;21
9b34d69f-7446;Vórtice de las Almas de Plomo;Seraphine Vance;Transmutación Metálica;2026;1292;4,81;2
4dd50970-fec2;Espejos de el Azufre Sagrado;Balthazar Nightshade;Botánica Arcana;1332;1461;3,25;47
5675044e-51ee;El Enigma de la Quintaesencia;Aurelius Vance;Filosofía Prohibida;1689;1108;4,76;43
369f9f68-e626;La Esencia de la Transmutación Infinitas;Balthazar Sterling;Botánica Arcana;1456;1414;3,89;46
ee396160-0fbe;Tratado de la Quintaesencia;Elara Grimoire;Alquimia Teórica;1505;995;4,57;37
b9ada991-33e7;El Aliento de el Mercurio Rojo;Morgana Vance;Alquimia Teórica;2012;190;3,22;21
9c8f22f4-16a6;El Enigma de las Almas de Plomo;Isolde Crowley;Historia de la Piedra;1405;234;1,44;30
e1af37d4-17b6;Vórtice de el Azufre Sagrado;Balthazar Blackwood;Historia de la Piedra;1808;1493;3,16;35
5f0702df-b285;Tratado de la Transmutación Infinitas;Balthazar Blackwood;Alquimia Teórica;1235;683;4,39;17
9c262921-563b;El Enigma de la Transmutación Infinitas;Caspian Blackwood;Filosofía Prohibida;1407;91;3,25;44
f933c1d8-49a3;El Enigma de la Quintaesencia;Aurelius Blackwood;Historia de la Piedra;1668;420;3,01;16
8b3b03b7-3e54;La Esencia de el Azufre Sagrado;Seraphine Grimoire;Transmutación Metálica;1141;854;1,98;47
fbc7f06a-1ed9;Sombras sobre el Mercurio Rojo;Isolde Flamel;Historia de la Piedra;1425;992;3;44
1e927e86-5c57;Sombras sobre el Sol Negro;Elara Grimoire;Alquimia Teórica;1702;214;1,92;40
d03baf4d-868c;Vórtice de el Mercurio Rojo;Elara Blackwood;Filosofía Prohibida;1936;741;4,81;29
4d75e2ed-9d6a;El Aliento de la Transmutación Infinitas;Isolde Blackwood;Transmutación Metálica;1404;418;2,44;48
02f2d6d2-d765;Tratado de el Mercurio Rojo;Isolde Blackwood;Filosofía Prohibida;1146;740;2,6;16
32775433-16cb;Sombras sobre la Quintaesencia;Elara Crowley;Alquimia Teórica;1578;876;4,49;29
940f2ab6-4a1a;El Aliento de el Mercurio Rojo;Isolde Flamel;Historia de la Piedra;1472;906;2,86;18
4fdbdcbb-4f5b;Códice de la Quintaesencia;Isolde Crowley;Filosofía Prohibida;1811;911;3,29;36
86721612-7eee;Vórtice de la Transmutación Infinitas;Balthazar Sterling;Alquimia Teórica;1220;1263;4,34;15
1e59ea5c-fa39;La Esencia de el Sol Negro;Balthazar Grimoire;Alquimia Teórica;1773;107;2,86;6
bbc682a8-4c4c;Tratado de la Quintaesencia;Thalric Crowley;Historia de la Piedra;1365;1059;2,02;8
65ce5c98-b15b;La Esencia de el Mercurio Rojo;Caspian Grimoire;Filosofía Prohibida;1909;1002;4,45;38
3cba71b1-6089;Códice de la Transmutación Infinitas;Caspian Grimoire;Botánica Arcana;1556;402;4,53;18
e9ecb5c8-a706;El Enigma de el Mercurio Rojo;Seraphine Crowley;Alquimia Teórica;1869;762;3,57;46
f245a69b-7a95;Tratado de la Transmutación Infinitas;Balthazar Nightshade;Historia de la Piedra;1771;775;1,99;45
d3606506-19ab;Vórtice de el Mercurio Rojo;Elara Nightshade;Filosofía Prohibida;1114;1120;3,21;48
46298635-78c3;Sombras sobre las Almas de Plomo;Thalric Sterling;Alquimia Teórica;1951;152;1,6;44
902d95bd-5e1e;El Enigma de el Azufre Sagrado;Morgana Vance;Transmutación Metálica;2006;124;2,38;31
2d697a0c-5965;Sombras sobre la Transmutación Infinitas;Thalric Nightshade;Filosofía Prohibida;1142;664;1,09;45
9b0db62f-51b9;Códice de el Azufre Sagrado;Seraphine Blackwood;Filosofía Prohibida;1991;520;2,28;45
3d043a62-4a8e;Vórtice de el Sol Negro;Thalric Vance;Alquimia Teórica;1310;580;3,59;28
26e31ea9-b1ac;El Enigma de el Mercurio Rojo;Seraphine Blackwood;Historia de la Piedra;1888;437;4,81;42
51deeea0-bd76;Códice de el Mercurio Rojo;Isolde Flamel;Filosofía Prohibida;1230;711;1,97;16
d2200c30-a584;Códice de el Azufre Sagrado;Morgana Vance;Historia de la Piedra;2007;1093;3,6;49
1457b798-0e11;La Esencia de las Almas de Plomo;Elara Grimoire;Filosofía Prohibida;1950;1019;2,73;36
866a00fe-2deb;El Aliento de la Quintaesencia;Morgana Blackwood;Botánica Arcana;1456;1105;2,43;43
b21614eb-3ac7;Sombras sobre el Mercurio Rojo;Morgana Crowley;Botánica Arcana;1438;1425;3,17;5
f7726326-c334;La Esencia de las Almas de Plomo;Caspian Vance;Transmutación Metálica;1339;848;1,79;41
97df6058-1f14;La Esencia de el Sol Negro;Elara Nightshade;Alquimia Teórica;1856;1068;3;8
eed95d52-d2d9;Sombras sobre la Quintaesencia;Elara Flamel;Filosofía Prohibida;1448;117;4,99;12
80a39ca1-65a6;Códice de el Sol Negro;Aurelius Grimoire;Historia de la Piedra;1130;926;4,15;8
bd5620df-b4fe;Tratado de el Mercurio Rojo;Elara Vance;Historia de la Piedra;1404;499;1,03;30
dce11bcb-95f1;El Aliento de la Quintaesencia;Balthazar Blackwood;Filosofía Prohibida;1621;382;1,24;14
f2542742-0032;Tratado de el Sol Negro;Isolde Vance;Botánica Arcana;1428;1172;1,64;24
4820a6dc-47f2;Sombras sobre el Mercurio Rojo;Aurelius Nightshade;Transmutación Metálica;1191;519;2,37;8
42997fe0-308c;Códice de la Quintaesencia;Isolde Grimoire;Historia de la Piedra;1291;1241;3,26;26
f3fdd30d-ba88;Espejos de el Mercurio Rojo;Isolde Blackwood;Botánica Arcana;1600;586;3,6;39
ffc1c79e-23cf;Códice de la Quintaesencia;Balthazar Blackwood;Alquimia Teórica;1252;1083;3,95;23
bb6d3e6a-929e;Tratado de las Almas de Plomo;Aurelius Grimoire;Filosofía Prohibida;1324;1058;3,98;7
27f5585a-35a9;Vórtice de el Azufre Sagrado;Balthazar Sterling;Transmutación Metálica;1657;522;3,44;42
af6b4a73-4fe3;Vórtice de el Sol Negro;Elara Grimoire;Alquimia Teórica;1346;162;2,93;30
c56e3326-b074;El Aliento de el Mercurio Rojo;Morgana Sterling;Historia de la Piedra;1428;396;3,47;12
0d7c4fc6-8dfc;La Esencia de las Almas de Plomo;Aurelius Crowley;Historia de la Piedra;1537;547;4,09;34
07fadf0c-061a;Sombras sobre el Azufre Sagrado;Morgana Sterling;Historia de la Piedra;1124;817;4,1;36
e0ec9eaf-7d9b;Espejos de el Azufre Sagrado;Balthazar Sterling;Alquimia Teórica;1236;1363;3,18;26
ade4e147-bc6b;La Esencia de el Mercurio Rojo;Seraphine Sterling;Botánica Arcana;1471;241;4,29;23
bf543643-3675;El Enigma de el Mercurio Rojo;Thalric Crowley;Alquimia Teórica;1539;642;2,36;16
9d405a42-607f;Vórtice de la Transmutación Infinitas;Morgana Blackwood;Historia de la Piedra;1689;219;2,79;45
cd04e9b7-dd6d;El Aliento de las Almas de Plomo;Isolde Crowley;Alquimia Teórica;1697;966;2,67;30
35bdb6a6-dc0c;Sombras sobre el Azufre Sagrado;Elara Blackwood;Filosofía Prohibida;1801;1052;1,78;43
d1f1184e-3417;Códice de la Quintaesencia;Morgana Grimoire;Botánica Arcana;1105;416;1,81;2
04d5264b-6d16;Códice de la Quintaesencia;Balthazar Nightshade;Botánica Arcana;1320;1001;2,23;34
a96f9e86-62f5;La Esencia de las Almas de Plomo;Morgana Sterling;Alquimia Teórica;1254;1180;3,93;3
db77a57a-e7a3;Tratado de la Quintaesencia;Caspian Crowley;Filosofía Prohibida;1660;94;2,62;47
748a01e0-74d9;El Aliento de el Sol Negro;Thalric Grimoire;Historia de la Piedra;1992;485;2,68;7
6add5ace-574a;Tratado de la Quintaesencia;Balthazar Crowley;Historia de la Piedra;1334;1261;3,19;47
9cb6c4ae-bc6b;Vórtice de la Transmutación Infinitas;Caspian Blackwood;Filosofía Prohibida;1181;593;1,19;31
43db2309-bc5f;La Esencia de el Azufre Sagrado;Balthazar Vance;Transmutación Metálica;2011;324;4,8;13
31bdbb80-b5a3;El Aliento de el Sol Negro;Thalric Sterling;Historia de la Piedra;1937;607;1,15;32
d952829b-8a74;El Enigma de la Quintaesencia;Isolde Vance;Alquimia Teórica;1870;945;3,53;47
061e193d-4e97;El Enigma de el Azufre Sagrado;Seraphine Vance;Historia de la Piedra;1901;667;2,59;30
be204385-379b;Códice de el Sol Negro;Balthazar Crowley;Alquimia Teórica;1360;944;4,04;19
fb7c7555-d0c1;Códice de las Almas de Plomo;Isolde Nightshade;Alquimia Teórica;1288;759;2,15;15
3264e492-6a08;Vórtice de el Sol Negro;Elara Crowley;Alquimia Teórica;1454;283;3,83;31
89eabf33-7971;Vórtice de la Transmutación Infinitas;Isolde Blackwood;Transmutación Metálica;2009;589;1,05;37
debc8c43-1cf9;Códice de el Azufre Sagrado;Seraphine Crowley;Alquimia Teórica;1457;856;4,85;42
964ed90f-ecdf;Vórtice de la Quintaesencia;Elara Blackwood;Filosofía Prohibida;1773;1308;4,32;30
c0292652-deb7;Sombras sobre el Mercurio Rojo;Elara Crowley;Transmutación Metálica;1709;209;2,38;50
2c286935-bff8;Espejos de las Almas de Plomo;Morgana Grimoire;Transmutación Metálica;1760;696;2,84;20
eacfdc53-05fb;El Aliento de la Quintaesencia;Seraphine Crowley;Botánica Arcana;1865;813;3,52;1
015db1db-c40f;El Enigma de la Transmutación Infinitas;Morgana Grimoire;Filosofía Prohibida;1257;205;3,3;2
67179ede-014d;La Esencia de la Quintaesencia;Elara Flamel;Filosofía Prohibida;1591;1445;2,1;48
5306aa2a-2968;Códice de el Azufre Sagrado;Morgana Grimoire;Filosofía Prohibida;1804;167;1,37;10
b5ef453c-577c;El Enigma de el Sol Negro;Isolde Nightshade;Botánica Arcana;1804;1309;1,22;19
fb9101e3-8a9e;La Esencia de la Transmutación Infinitas;Thalric Flamel;Botánica Arcana;1893;753;4,86;20
105deae2-9fc9;Tratado de la Quintaesencia;Morgana Blackwood;Alquimia Teórica;1472;951;4,86;39
f28a76b2-f83e;Vórtice de la Transmutación Infinitas;Morgana Sterling;Alquimia Teórica;1669;993;4,25;2
300e1ed3-a29d;Vórtice de el Azufre Sagrado;Aurelius Flamel;Botánica Arcana;2001;1136;4,66;10
5e6a4ff1-8e60;Vórtice de el Azufre Sagrado;Thalric Vance;Historia de la Piedra;1435;685;1,25;35
68d6b95d-1d08;Códice de el Azufre Sagrado;Seraphine Nightshade;Filosofía Prohibida;1566;888;5;31
d05d5f95-8541;Espejos de la Quintaesencia;Seraphine Blackwood;Historia de la Piedra;1913;1083;3,99;21
d72afe33-0e7d;Vórtice de el Sol Negro;Elara Flamel;Historia de la Piedra;1517;948;2,17;8
a290481e-f1dc;El Enigma de el Mercurio Rojo;Aurelius Crowley;Transmutación Metálica;1418;1020;1,17;8
39c6aed1-d9be;La Esencia de la Transmutación Infinitas;Balthazar Vance;Alquimia Teórica;1452;588;4,39;11
b677a603-56cf;Espejos de las Almas de Plomo;Aurelius Crowley;Filosofía Prohibida;1679;1466;3,49;40
bad14477-9815;El Enigma de el Sol Negro;Thalric Flamel;Alquimia Teórica;1563;390;2,33;34
4712c152-f1a3;Vórtice de el Azufre Sagrado;Aurelius Sterling;Botánica Arcana;1303;482;4,68;18
e53842d9-c074;El Enigma de el Sol Negro;Caspian Flamel;Historia de la Piedra;1973;416;1,79;13
5d7b876c-96d4;El Enigma de el Sol Negro;Elara Blackwood;Transmutación Metálica;1630;1156;4,76;46
ac7fd583-a548;Sombras sobre la Transmutación Infinitas;Elara Sterling;Transmutación Metálica;1357;715;4,16;10
60300791-a0a9;El Aliento de el Azufre Sagrado;Aurelius Sterling;Filosofía Prohibida;1424;475;4,58;37
34697cd1-2874;Sombras sobre la Transmutación Infinitas;Aurelius Crowley;Transmutación Metálica;1112;1076;2,88;16
24df580b-ccb1;La Esencia de la Transmutación Infinitas;Caspian Grimoire;Botánica Arcana;1198;1280;1,88;26
042e76ad-2a72;Sombras sobre la Quintaesencia;Thalric Vance;Alquimia Teórica;1733;148;1,53;21
146d5215-ca82;La Esencia de el Azufre Sagrado;Thalric Sterling;Historia de la Piedra;1497;90;3,64;22
5dc75db7-c087;El Aliento de el Sol Negro;Aurelius Blackwood;Botánica Arcana;1723;1095;3,37;48
032a3a8f-a385;Códice de el Sol Negro;Aurelius Sterling;Transmutación Metálica;1606;1180;3,03;4
ccf8aff7-7ad7;El Aliento de la Transmutación Infinitas;Caspian Vance;Alquimia Teórica;1182;152;3,92;31
cdf0c75c-8c80;La Esencia de el Sol Negro;Seraphine Vance;Botánica Arcana;1523;288;1,02;33
5929726d-426e;El Enigma de la Quintaesencia;Aurelius Vance;Filosofía Prohibida;1959;1318;4,54;28
2917bb0b-5d18;Sombras sobre el Azufre Sagrado;Balthazar Vance;Historia de la Piedra;1346;1295;2,55;28
7bda360c-517c;Vórtice de el Sol Negro;Caspian Vance;Alquimia Teórica;1764;954;1,77;42
6e56ee2f-ddf6;Espejos de las Almas de Plomo;Isolde Grimoire;Transmutación Metálica;2004;941;3,32;16
6a8477cb-500d;Espejos de el Sol Negro;Balthazar Nightshade;Alquimia Teórica;1516;324;3,17;33
6a561130-bb44;El Aliento de el Azufre Sagrado;Aurelius Blackwood;Transmutación Metálica;1381;919;4,51;26
2220d689-71d1;Códice de el Mercurio Rojo;Seraphine Sterling;Filosofía Prohibida;1808;1469;2,95;16
935253f9-1ff3;El Aliento de las Almas de Plomo;Thalric Vance;Transmutación Metálica;1719;1112;5;43
dbd9bde0-ea06;Códice de el Mercurio Rojo;Balthazar Vance;Filosofía Prohibida;1331;549;4,52;16
7e3d9456-341f;Tratado de la Transmutación Infinitas;Caspian Vance;Filosofía Prohibida;1401;171;2,89;32
6d679067-85d8;El Aliento de el Mercurio Rojo;Morgana Flamel;Transmutación Metálica;1487;1044;2,61;24
13962f7c-bbe6;Sombras sobre el Sol Negro;Caspian Nightshade;Botánica Arcana;1945;796;4,22;39
be90604b-faf9;El Enigma de el Sol Negro;Morgana Sterling;Historia de la Piedra;1304;1368;3,64;9
82eb9a96-f3b6;Códice de el Mercurio Rojo;Thalric Vance;Alquimia Teórica;1140;1474;4,83;18
cc9ce91b-cbbf;Tratado de el Azufre Sagrado;Balthazar Crowley;Botánica Arcana;1370;300;2,42;21
1df3dca5-7b8b;Vórtice de el Azufre Sagrado;Aurelius Grimoire;Transmutación Metálica;1752;516;1,11;38
2bcd8609-1c3e;Códice de el Mercurio Rojo;Aurelius Grimoire;Filosofía Prohibida;1592;410;2,62;32
c22d07ee-f8ce;El Enigma de la Quintaesencia;Isolde Sterling;Botánica Arcana;1150;864;3,01;8
3c0e8d12-67d9;Tratado de las Almas de Plomo;Elara Crowley;Historia de la Piedra;1825;1366;1,2;38
86a0a118-3952;Tratado de el Azufre Sagrado;Thalric Flamel;Historia de la Piedra;1820;731;4,54;3
c7d16054-01d3;Tratado de las Almas de Plomo;Caspian Grimoire;Transmutación Metálica;1271;447;1,96;44
29c5a549-7a7e;Vórtice de la Transmutación Infinitas;Morgana Grimoire;Filosofía Prohibida;1742;1101;1,55;42
bb08c714-d933;El Aliento de la Quintaesencia;Balthazar Sterling;Botánica Arcana;1605;705;2,41;1
4704d940-9890;El Enigma de el Azufre Sagrado;Seraphine Blackwood;Alquimia Teórica;1223;136;4,63;24
936666a5-04e6;Espejos de el Azufre Sagrado;Morgana Grimoire;Alquimia Teórica;1232;648;1,76;50
9b0a20fc-4216;Vórtice de la Quintaesencia;Isolde Nightshade;Alquimia Teórica;1536;867;2,16;50
a796d655-8800;Tratado de la Transmutación Infinitas;Thalric Vance;Alquimia Teórica;1120;1107;4,28;39
d707b0f2-1a55;El Aliento de la Quintaesencia;Thalric Blackwood;Alquimia Teórica;1952;1057;3,49;21
17a6b495-cef7;Tratado de el Sol Negro;Caspian Grimoire;Historia de la Piedra;1665;586;1,99;41
2bdd40f2-544b;Vórtice de las Almas de Plomo;Balthazar Vance;Filosofía Prohibida;1863;308;1,24;8
1a812d18-aa84;El Aliento de las Almas de Plomo;Isolde Crowley;Alquimia Teórica;1519;1367;1,68;50
02fc212c-460a;Espejos de el Azufre Sagrado;Thalric Nightshade;Alquimia Teórica;2023;1153;2,5;27
bc7ce311-ef14;Tratado de el Mercurio Rojo;Balthazar Crowley;Botánica Arcana;1981;658;1,96;44
57183416-fc31;Tratado de las Almas de Plomo;Caspian Blackwood;Filosofía Prohibida;1445;154;2,07;47
ead3584d-96f1;Espejos de la Quintaesencia;Isolde Flamel;Transmutación Metálica;1878;465;3,15;37
7d8b1633-9c6b;Vórtice de las Almas de Plomo;Seraphine Flamel;Historia de la Piedra;1877;911;2,31;30
7ceb38e8-100f;Espejos de la Transmutación Infinitas;Balthazar Grimoire;Historia de la Piedra;1578;1166;2,34;6
05a97f85-60bb;Espejos de el Mercurio Rojo;Aurelius Vance;Transmutación Metálica;1517;170;3,6;17
03d4a029-3352;La Esencia de el Azufre Sagrado;Elara Sterling;Historia de la Piedra;1410;571;4,44;26
5987ab88-9dc1;Tratado de la Transmutación Infinitas;Seraphine Crowley;Transmutación Metálica;1203;1402;4,63;34
2f542f0d-58cb;Sombras sobre las Almas de Plomo;Seraphine Blackwood;Filosofía Prohibida;1263;1018;2,75;28
b019c15b-291d;Vórtice de la Quintaesencia;Morgana Vance;Transmutación Metálica;1772;1079;2,51;9
1014c466-537e;Tratado de el Azufre Sagrado;Isolde Flamel;Alquimia Teórica;1227;711;2,2;38
bc62cf49-7671;Sombras sobre el Mercurio Rojo;Thalric Vance;Alquimia Teórica;1482;1328;3,36;32
5e5c575e-7b5d;Códice de la Transmutación Infinitas;Isolde Sterling;Historia de la Piedra;2003;423;2,09;19
9a69f8dd-e1b9;La Esencia de la Quintaesencia;Elara Sterling;Alquimia Teórica;1865;501;3,91;7
bbcf3626-9811;Sombras sobre el Azufre Sagrado;Isolde Sterling;Alquimia Teórica;1593;982;1,16;16
2a582bc4-430f;Vórtice de el Azufre Sagrado;Morgana Sterling;Historia de la Piedra;1607;1138;1,43;44
62218f71-c6bc;Espejos de el Sol Negro;Balthazar Crowley;Botánica Arcana;1321;746;3,39;34
b7c76723-e8d3;Tratado de el Azufre Sagrado;Aurelius Nightshade;Historia de la Piedra;1118;181;3,52;37
3e4e8412-f354;Tratado de la Transmutación Infinitas;Morgana Vance;Alquimia Teórica;1327;181;4,01;33
94871d60-27aa;Vórtice de el Mercurio Rojo;Thalric Sterling;Filosofía Prohibida;1114;439;1,94;7
38f04360-c602;Sombras sobre la Quintaesencia;Caspian Grimoire;Filosofía Prohibida;1694;1037;2,09;30
3cdc46ff-b344;Tratado de la Quintaesencia;Caspian Sterling;Transmutación Metálica;1994;702;4,29;44
464f6935-6d4a;Sombras sobre el Azufre Sagrado;Seraphine Nightshade;Historia de la Piedra;1421;629;4;28
702fb107-6e3e;El Aliento de el Azufre Sagrado;Morgana Vance;Filosofía Prohibida;1729;154;1,15;30
f598fc1d-58cb;Vórtice de la Transmutación Infinitas;Caspian Flamel;Historia de la Piedra;1878;731;3,62;11
dea84b7d-a0cf;Tratado de el Mercurio Rojo;Elara Blackwood;Filosofía Prohibida;1484;798;3,23;41
3a7703d7-a447;Espejos de las Almas de Plomo;Elara Blackwood;Filosofía Prohibida;1550;116;2,85;50
d8923e8f-4f2b;Códice de la Quintaesencia;Elara Nightshade;Transmutación Metálica;1357;628;1,54;12
b316c859-ff70;Espejos de el Sol Negro;Elara Nightshade;Historia de la Piedra;1485;901;2,91;41
9e2aea48-510f;El Aliento de la Quintaesencia;Caspian Flamel;Transmutación Metálica;1204;201;3,71;35
0cd79c41-0a6a;Sombras sobre el Azufre Sagrado;Morgana Nightshade;Transmutación Metálica;1570;1154;4,76;49
d04e422b-2e65;El Enigma de la Transmutación Infinitas;Caspian Grimoire;Transmutación Metálica;1436;1489;1,2;10
7b339943-eb16;Sombras sobre el Mercurio Rojo;Seraphine Crowley;Filosofía Prohibida;1819;1117;3,44;15
ebe38cab-707e;Códice de el Azufre Sagrado;Morgana Blackwood;Botánica Arcana;1141;536;2,08;23
542d37db-9cbd;La Esencia de la Transmutación Infinitas;Caspian Flamel;Historia de la Piedra;1572;135;3,58;41
17644ca6-fa84;Sombras sobre el Mercurio Rojo;Thalric Flamel;Alquimia Teórica;1555;913;3,51;21
4b37c277-8423;Códice de la Transmutación Infinitas;Thalric Blackwood;Botánica Arcana;1217;607;4,53;3
e6570533-3d1c;Sombras sobre la Transmutación Infinitas;Caspian Vance;Alquimia Teórica;1793;883;4,38;17
8ed80ef1-84fd;El Aliento de el Azufre Sagrado;Aurelius Blackwood;Filosofía Prohibida;1680;1252;2,53;33
5835d79d-b78a;El Aliento de la Quintaesencia;Isolde Vance;Transmutación Metálica;1319;1251;1,91;48
aefac1dc-75fa;Tratado de la Transmutación Infinitas;Balthazar Vance;Historia de la Piedra;1586;452;3,76;7
48bb47f3-4a1e;La Esencia de el Mercurio Rojo;Aurelius Nightshade;Alquimia Teórica;1819;1450;1,17;29
de42ba09-eec7;Sombras sobre el Sol Negro;Caspian Crowley;Botánica Arcana;1403;1426;3,58;21
7ab896e0-70b6;La Esencia de el Mercurio Rojo;Elara Crowley;Historia de la Piedra;1153;1191;2,2;0
699cb6ab-503f;Sombras sobre la Transmutación Infinitas;Isolde Vance;Alquimia Teórica;1401;636;1,71;23
8c20f8ae-396a;El Aliento de la Transmutación Infinitas;Seraphine Vance;Transmutación Metálica;1198;1182;2,9;21
8bf6da5e-1b4d;El Enigma de el Sol Negro;Aurelius Flamel;Alquimia Teórica;1829;366;2,16;21
a0e90061-081b;Códice de las Almas de Plomo;Seraphine Nightshade;Alquimia Teórica;1519;461;2,82;33
dfbc7fce-35bb;Tratado de las Almas de Plomo;Elara Sterling;Alquimia Teórica;1952;169;3,36;26
6b1ae1dd-19ba;El Aliento de la Transmutación Infinitas;Elara Crowley;Botánica Arcana;1186;963;1,23;4
3ee9a45e-2372;La Esencia de el Sol Negro;Aurelius Blackwood;Botánica Arcana;1514;1489;1,89;40
22b9193e-84a7;Sombras sobre las Almas de Plomo;Caspian Blackwood;Alquimia Teórica;1364;617;1,16;10
4d944932-f652;Sombras sobre las Almas de Plomo;Aurelius Grimoire;Transmutación Metálica;1869;696;4,72;29
842eb556-85ef;Sombras sobre la Quintaesencia;Morgana Flamel;Filosofía Prohibida;1286;607;4,23;20
64876fb1-b3b8;Tratado de la Quintaesencia;Aurelius Grimoire;Historia de la Piedra;1452;892;3,77;27
b2a3bdf5-3974;La Esencia de la Quintaesencia;Elara Crowley;Filosofía Prohibida;1867;381;4,64;39
f15f00e3-3f9b;Códice de el Azufre Sagrado;Morgana Blackwood;Botánica Arcana;1672;601;2,27;29
ea76c1bd-1cb0;Códice de el Azufre Sagrado;Morgana Grimoire;Filosofía Prohibida;1799;1267;3,84;46
50f1d9fe-0cb5;Vórtice de la Transmutación Infinitas;Seraphine Flamel;Alquimia Teórica;1742;563;2,08;39
0f0443e8-0600;Códice de las Almas de Plomo;Isolde Sterling;Alquimia Teórica;1972;1094;4,02;43
092b83d6-d99c;Tratado de el Azufre Sagrado;Isolde Flamel;Botánica Arcana;1279;507;4,76;14
533d3bfb-b941;Espejos de el Mercurio Rojo;Morgana Sterling;Alquimia Teórica;1156;400;2,01;15
bfb783ae-dd19;Vórtice de el Azufre Sagrado;Isolde Flamel;Alquimia Teórica;1346;939;3,06;29
a2137886-70c2;Tratado de la Quintaesencia;Morgana Nightshade;Transmutación Metálica;1182;818;4,08;3
ce3612d0-3e38;Vórtice de la Transmutación Infinitas;Caspian Sterling;Alquimia Teórica;1594;301;4,4;29
67b62ddf-8975;Vórtice de la Quintaesencia;Isolde Sterling;Transmutación Metálica;1963;744;4,27;46
175e116e-ce52;Códice de la Quintaesencia;Elara Sterling;Alquimia Teórica;1910;1332;4,37;29
85f909d5-18c9;El Enigma de el Mercurio Rojo;Aurelius Vance;Alquimia Teórica;1464;414;1,98;21
2fab6d52-867b;Espejos de la Quintaesencia;Aurelius Vance;Historia de la Piedra;1535;829;4,39;0
82ef7f23-9e80;La Esencia de el Sol Negro;Thalric Grimoire;Filosofía Prohibida;1827;1027;3,95;13
f428f8a7-d229;Códice de el Sol Negro;Aurelius Vance;Botánica Arcana;1999;1215;1,28;27
a6155825-88a1;La Esencia de el Azufre Sagrado;Balthazar Vance;Transmutación Metálica;2002;536;4,15;31
05cdff95-57b8;La Esencia de la Quintaesencia;Thalric Grimoire;Alquimia Teórica;1800;1348;4,31;50
39a111b7-af21;Códice de la Quintaesencia;Thalric Grimoire;Botánica Arcana;2003;976;4,34;11
aafe538a-1e10;Espejos de el Mercurio Rojo;Caspian Blackwood;Filosofía Prohibida;1531;109;4,89;36
4f9ae191-cc07;El Aliento de el Mercurio Rojo;Caspian Sterling;Filosofía Prohibida;1449;872;3,25;9
e130e342-bc4a;Vórtice de las Almas de Plomo;Seraphine Grimoire;Botánica Arcana;1964;950;3,03;44
edaad213-9601;Vórtice de el Mercurio Rojo;Elara Flamel;Transmutación Metálica;2012;697;4,71;38
d92c13ab-31ff;Tratado de el Azufre Sagrado;Aurelius Nightshade;Botánica Arcana;1742;124;2,6;32
1253bfc0-a150;El Enigma de el Azufre Sagrado;Seraphine Grimoire;Botánica Arcana;1851;982;1,07;48
225bdb81-a3a4;Códice de el Mercurio Rojo;Morgana Crowley;Historia de la Piedra;1821;1332;3,44;24
144f4bf5-d3cc;El Aliento de la Quintaesencia;Thalric Nightshade;Transmutación Metálica;1235;1110;3,82;39
dcaf2a00-8d9d;Códice de las Almas de Plomo;Isolde Blackwood;Filosofía Prohibida;1336;1109;3,69;21
450e03a5-37c0;El Enigma de el Mercurio Rojo;Aurelius Nightshade;Botánica Arcana;1754;381;1,02;17
12d8f9da-4924;Espejos de el Sol Negro;Aurelius Nightshade;Filosofía Prohibida;1831;828;4,24;25
eabb606b-b652;Sombras sobre las Almas de Plomo;Isolde Flamel;Historia de la Piedra;1636;1461;2,79;17
502a6464-2b7e;La Esencia de la Transmutación Infinitas;Balthazar Flamel;Alquimia Teórica;1536;664;2,67;31
e8c42398-c8d4;Códice de la Quintaesencia;Seraphine Sterling;Botánica Arcana;1548;863;1,91;29
96e967c8-b620;La Esencia de las Almas de Plomo;Balthazar Sterling;Filosofía Prohibida;1257;1335;4,31;33
07e24a1e-7882;El Enigma de el Sol Negro;Thalric Nightshade;Botánica Arcana;1855;922;1,49;45
336ed824-f669;La Esencia de el Azufre Sagrado;Balthazar Nightshade;Filosofía Prohibida;2020;1210;3,91;23
420164ee-876e;Códice de el Mercurio Rojo;Thalric Grimoire;Historia de la Piedra;1640;1436;1,27;46
b6bd7f4e-bc5f;El Enigma de las Almas de Plomo;Seraphine Sterling;Transmutación Metálica;2015;951;4,2;45
e60b8e7f-cf0d;El Enigma de las Almas de Plomo;Balthazar Sterling;Transmutación Metálica;1239;1292;4,25;36
df51dc37-a23e;El Aliento de la Transmutación Infinitas;Seraphine Flamel;Botánica Arcana;1895;227;1,61;45
8aeb9f40-7e6d;Vórtice de el Azufre Sagrado;Morgana Sterling;Historia de la Piedra;1769;546;2,74;5
3b0a8028-6b83;Sombras sobre el Sol Negro;Seraphine Blackwood;Alquimia Teórica;1805;1291;4,5;48
28ef13cc-4646;Espejos de la Transmutación Infinitas;Balthazar Blackwood;Filosofía Prohibida;1991;1044;3,6;11
a08cf9cb-a2fb;Vórtice de la Transmutación Infinitas;Aurelius Grimoire;Botánica Arcana;1433;295;1,48;0
c1761d09-596e;El Aliento de la Quintaesencia;Isolde Blackwood;Botánica Arcana;1988;905;3,13;16
8449d5b2-7847;El Aliento de la Transmutación Infinitas;Caspian Nightshade;Historia de la Piedra;1249;589;4,05;20
3b51f528-d487;Tratado de la Transmutación Infinitas;Thalric Flamel;Alquimia Teórica;1107;268;1,12;44
fac41dc7-d537;Tratado de la Transmutación Infinitas;Seraphine Nightshade;Historia de la Piedra;1928;1160;4,2;44
e08ddcba-46af;El Aliento de las Almas de Plomo;Morgana Flamel;Alquimia Teórica;1553;649;2,68;34
8a81506f-0651;Vórtice de el Mercurio Rojo;Caspian Blackwood;Botánica Arcana;1232;631;2,98;30
0a69f782-af81;Sombras sobre la Quintaesencia;Isolde Nightshade;Transmutación Metálica;1121;403;4,51;48
b554b2e4-5803;Sombras sobre las Almas de Plomo;Elara Sterling;Botánica Arcana;1834;589;2,49;21
afe95055-5d0f;El Aliento de el Azufre Sagrado;Morgana Crowley;Alquimia Teórica;1332;965;4,05;27
159e506a-e705;Sombras sobre las Almas de Plomo;Elara Grimoire;Transmutación Metálica;1862;344;3,59;29
8fcb23e0-f28f;Espejos de el Azufre Sagrado;Elara Grimoire;Alquimia Teórica;1437;1259;2,68;15
cb0a298a-908a;El Enigma de el Azufre Sagrado;Isolde Nightshade;Historia de la Piedra;1171;621;3,36;4
1b620439-1753;Tratado de el Azufre Sagrado;Elara Sterling;Alquimia Teórica;1347;945;2,41;23
354c1390-7a6a;Sombras sobre el Azufre Sagrado;Seraphine Crowley;Transmutación Metálica;1755;439;1,84;48
856a99e0-45e4;Vórtice de el Mercurio Rojo;Thalric Vance;Historia de la Piedra;1896;1308;3,77;14
bf58b553-36a3;El Aliento de el Azufre Sagrado;Morgana Crowley;Transmutación Metálica;1433;1075;1,59;25
f0053f1d-234b;Códice de las Almas de Plomo;Seraphine Grimoire;Botánica Arcana;1563;648;1,15;27
0a056d13-e6c6;Tratado de la Transmutación Infinitas;Caspian Vance;Historia de la Piedra;1560;1184;1,42;34
30740714-311f;Vórtice de el Mercurio Rojo;Elara Crowley;Alquimia Teórica;1455;1419;2,15;21
c376bb36-afb1;Vórtice de el Sol Negro;Aurelius Flamel;Botánica Arcana;1148;1444;2,16;15
a82cce52-b660;Códice de la Transmutación Infinitas;Elara Crowley;Transmutación Metálica;1103;1014;1,73;50
55c3e113-1802;Espejos de la Transmutación Infinitas;Isolde Flamel;Botánica Arcana;1189;970;4,95;1
b25eb63f-073b;Espejos de las Almas de Plomo;Balthazar Sterling;Alquimia Teórica;1248;1071;3,02;11
99f67dd4-4e46;La Esencia de el Azufre Sagrado;Elara Grimoire;Filosofía Prohibida;1364;653;3,16;20
befeaa91-a629;Tratado de las Almas de Plomo;Thalric Nightshade;Filosofía Prohibida;1285;1215;4,55;12
4a17a235-58f4;Sombras sobre el Mercurio Rojo;Thalric Crowley;Transmutación Metálica;1777;1359;3,67;46
51b84c66-271c;La Esencia de la Transmutación Infinitas;Elara Blackwood;Botánica Arcana;1348;338;3,05;37
2308025f-2f25;El Aliento de el Azufre Sagrado;Balthazar Vance;Historia de la Piedra;1929;599;4,22;18
93ef6bf6-94c4;Vórtice de el Mercurio Rojo;Thalric Blackwood;Botánica Arcana;1786;136;4,32;26
526dfab3-d473;Sombras sobre el Sol Negro;Elara Nightshade;Historia de la Piedra;1340;824;1,79;16
3a993201-a0be;Tratado de el Sol Negro;Isolde Crowley;Alquimia Teórica;1281;975;4,72;7
af2bcaf4-2d33;Tratado de el Mercurio Rojo;Morgana Blackwood;Botánica Arcana;1888;661;1,68;13
b62cd42b-c45a;Sombras sobre la Transmutación Infinitas;Balthazar Crowley;Botánica Arcana;1724;1073;4,61;32
5319f051-5ab5;El Enigma de la Quintaesencia;Thalric Crowley;Alquimia Teórica;1712;1233;4,91;2
3591765b-7770;La Esencia de la Transmutación Infinitas;Balthazar Sterling;Transmutación Metálica;1425;1408;3,04;3
8e97f5ba-3313;El Enigma de la Transmutación Infinitas;Thalric Grimoire;Historia de la Piedra;1737;621;2,33;32
e809166d-2fc7;El Aliento de la Transmutación Infinitas;Aurelius Blackwood;Transmutación Metálica;1694;1325;4,82;7
c1486ea0-efa1;La Esencia de el Azufre Sagrado;Thalric Nightshade;Historia de la Piedra;1161;1189;4,6;20
8c7dddce-5684;Sombras sobre el Sol Negro;Aurelius Sterling;Alquimia Teórica;1353;825;2,5;8
41d7ef95-0a59;Códice de las Almas de Plomo;Elara Crowley;Transmutación Metálica;1362;1474;4,54;34
c09b33ff-f04a;El Aliento de la Quintaesencia;Elara Sterling;Transmutación Metálica;1548;601;2,02;47
5771d2a0-86b7;Sombras sobre la Quintaesencia;Caspian Blackwood;Filosofía Prohibida;1159;952;1,56;30
fa60a071-d295;Tratado de el Sol Negro;Morgana Blackwood;Transmutación Metálica;1779;133;1,05;8
c684e73d-9448;Espejos de el Sol Negro;Balthazar Sterling;Transmutación Metálica;1132;578;2,69;13
9f06eb73-bde7;El Aliento de la Quintaesencia;Balthazar Flamel;Alquimia Teórica;1313;544;4,13;0
a2aa97c2-32cc;El Enigma de las Almas de Plomo;Caspian Crowley;Botánica Arcana;1262;631;4,34;6
efec20c4-7b2e;Vórtice de la Transmutación Infinitas;Morgana Vance;Botánica Arcana;1741;293;3,61;7
971b6eac-240d;El Aliento de el Sol Negro;Thalric Nightshade;Filosofía Prohibida;1875;1320;4,54;17
897786d7-18d5;Códice de las Almas de Plomo;Seraphine Crowley;Filosofía Prohibida;1731;179;4,06;0
875d3250-07f9;La Esencia de la Transmutación Infinitas;Balthazar Flamel;Historia de la Piedra;1496;421;4,36;9
55bc3ba4-ecea;Tratado de la Transmutación Infinitas;Aurelius Flamel;Historia de la Piedra;1695;634;4,48;8
2880ed84-0a49;La Esencia de el Azufre Sagrado;Thalric Vance;Alquimia Teórica;1587;276;2,48;20
27029976-a4aa;La Esencia de las Almas de Plomo;Caspian Vance;Alquimia Teórica;1425;1389;3,6;42
c2033e9c-c72d;La Esencia de la Quintaesencia;Aurelius Grimoire;Filosofía Prohibida;1866;367;3,74;26
99390acc-ad85;La Esencia de el Sol Negro;Morgana Grimoire;Alquimia Teórica;1699;323;1,16;2
4a6e77b9-4cdc;El Aliento de la Quintaesencia;Caspian Vance;Botánica Arcana;1586;711;1,74;43
9900f6de-70c0;Espejos de el Mercurio Rojo;Isolde Sterling;Alquimia Teórica;1718;786;3,27;0
592bc5a5-588b;La Esencia de la Transmutación Infinitas;Morgana Nightshade;Transmutación Metálica;1196;325;4,99;19
fb84c578-ed3b;La Esencia de el Sol Negro;Elara Nightshade;Transmutación Metálica;1973;1232;1,23;30
fd1c7eb7-3c2a;El Enigma de el Sol Negro;Isolde Nightshade;Alquimia Teórica;1280;420;2,25;29
33203610-17d5;El Enigma de la Transmutación Infinitas;Caspian Sterling;Historia de la Piedra;1630;338;1,39;37
1b7d48e1-726e;La Esencia de la Quintaesencia;Seraphine Sterling;Botánica Arcana;1232;434;4,98;13
e5c07a42-663e;Sombras sobre la Quintaesencia;Isolde Blackwood;Filosofía Prohibida;1657;984;2,52;2
a7189207-f5a9;El Aliento de la Transmutación Infinitas;Caspian Grimoire;Botánica Arcana;1549;1040;2,86;49
aa540341-6ac1;Espejos de el Mercurio Rojo;Seraphine Blackwood;Historia de la Piedra;1190;293;4,97;24
484dac73-029a;El Enigma de el Azufre Sagrado;Elara Blackwood;Filosofía Prohibida;1761;1191;2,29;48
15977ce6-ebfd;Tratado de el Azufre Sagrado;Morgana Blackwood;Transmutación Metálica;1285;521;4,72;15
f1d515c5-5e3c;El Enigma de el Azufre Sagrado;Thalric Crowley;Historia de la Piedra;1633;366;3,63;50
5bf04c09-2190;Tratado de el Mercurio Rojo;Seraphine Sterling;Transmutación Metálica;1994;1468;2,17;26
aeac38eb-ee84;El Aliento de el Azufre Sagrado;Elara Sterling;Botánica Arcana;1936;1433;1,74;49
407d0873-e790;El Enigma de el Sol Negro;Aurelius Grimoire;Botánica Arcana;1972;1443;4,66;36
e0f688fc-e4c8;El Aliento de el Mercurio Rojo;Thalric Blackwood;Historia de la Piedra;1425;1172;1,85;31
1f33b5dc-641d;Sombras sobre la Quintaesencia;Balthazar Blackwood;Historia de la Piedra;1329;951;3,25;5
95fe21b8-a3c3;Espejos de el Sol Negro;Seraphine Vance;Filosofía Prohibida;1953;756;2,36;32
40cf3416-286f;Vórtice de la Transmutación Infinitas;Caspian Nightshade;Botánica Arcana;1904;346;4;33
32139853-0474;Códice de el Sol Negro;Thalric Crowley;Filosofía Prohibida;1810;1324;3,39;3
4a5ffe88-b9a3;Códice de el Sol Negro;Aurelius Sterling;Filosofía Prohibida;2007;896;4,56;23
c1909fd1-4870;Códice de el Mercurio Rojo;Caspian Grimoire;Historia de la Piedra;1396;425;2,89;13
4fc69242-bb60;El Aliento de el Sol Negro;Seraphine Vance;Historia de la Piedra;1898;1310;1,86;15
03197778-475f;Vórtice de el Sol Negro;Isolde Crowley;Historia de la Piedra;1319;1035;2,79;29
f13ed5d7-8d32;Vórtice de el Sol Negro;Balthazar Crowley;Botánica Arcana;1709;711;4,31;35
07f510b8-58f7;Espejos de la Quintaesencia;Morgana Vance;Botánica Arcana;1286;465;4,63;32
985f4889-3f56;Espejos de la Transmutación Infinitas;Thalric Flamel;Historia de la Piedra;1882;577;4,4;30
992ac54d-d9fc;Tratado de el Mercurio Rojo;Seraphine Crowley;Historia de la Piedra;1623;1217;1,42;24
461fa41c-5ab5;La Esencia de las Almas de Plomo;Morgana Grimoire;Alquimia Teórica;1985;562;4,38;38
0c381508-e593;Tratado de el Azufre Sagrado;Aurelius Blackwood;Alquimia Teórica;1645;1059;2,1;30
c74abcd3-44fb;Tratado de el Mercurio Rojo;Thalric Vance;Botánica Arcana;1244;203;1,86;11
885660f1-7ddf;Tratado de la Quintaesencia;Thalric Flamel;Alquimia Teórica;1645;534;2,1;7
71f6aa88-f4fa;El Aliento de el Mercurio Rojo;Balthazar Flamel;Historia de la Piedra;1239;593;2,48;43
8e2c4861-3fc2;Sombras sobre la Transmutación Infinitas;Seraphine Flamel;Transmutación Metálica;1242;1234;1,5;35
ef65faae-c7b0;Espejos de la Quintaesencia;Thalric Blackwood;Historia de la Piedra;1276;1059;3,36;33
7768febc-5eda;Espejos de el Mercurio Rojo;Thalric Flamel;Filosofía Prohibida;1646;235;1,96;50
abc4c931-112b;Vórtice de la Transmutación Infinitas;Thalric Vance;Historia de la Piedra;1235;648;1,18;31
36b81576-2161;La Esencia de el Mercurio Rojo;Seraphine Blackwood;Transmutación Metálica;1188;1154;2,06;7
fe4a9759-d305;Códice de el Mercurio Rojo;Caspian Crowley;Filosofía Prohibida;1157;1459;3,83;6
3276d57b-3bd5;Tratado de el Azufre Sagrado;Caspian Sterling;Historia de la Piedra;1355;851;1,58;29
9d83bca4-5a8f;El Enigma de la Transmutación Infinitas;Morgana Blackwood;Filosofía Prohibida;1926;135;3,24;46
8a840208-c942;Tratado de la Transmutación Infinitas;Elara Blackwood;Historia de la Piedra;1273;849;3,12;36
a700590b-a3d6;Vórtice de el Azufre Sagrado;Aurelius Sterling;Transmutación Metálica;1651;1279;2,52;21
ff3aa96d-770f;El Enigma de las Almas de Plomo;Aurelius Nightshade;Botánica Arcana;1187;1062;2,92;11
f28200b1-c130;Tratado de las Almas de Plomo;Isolde Flamel;Alquimia Teórica;2016;607;2,31;31
9c40b9ec-6a46;Códice de el Azufre Sagrado;Isolde Vance;Alquimia Teórica;1940;1186;1,71;46
ab715c91-d898;El Aliento de el Sol Negro;Aurelius Sterling;Botánica Arcana;1919;946;4,05;31
32f53c9e-f1ae;Espejos de la Transmutación Infinitas;Elara Grimoire;Alquimia Teórica;1886;453;1,87;22
ee04a059-c0ee;Sombras sobre el Mercurio Rojo;Morgana Grimoire;Filosofía Prohibida;1111;1015;1,59;10
15386f67-9ba0;El Enigma de el Mercurio Rojo;Balthazar Blackwood;Filosofía Prohibida;1794;1024;2,57;47
9957e9c7-c315;Vórtice de el Mercurio Rojo;Caspian Crowley;Historia de la Piedra;1848;569;2,1;11
ad6936b3-64e2;Sombras sobre el Azufre Sagrado;Caspian Nightshade;Filosofía Prohibida;1968;1152;3,22;1
e7c73fc3-08ec;Sombras sobre la Transmutación Infinitas;Balthazar Vance;Filosofía Prohibida;1209;1409;2,19;0
38718956-8ad1;La Esencia de el Azufre Sagrado;Elara Blackwood;Transmutación Metálica;1686;762;4,55;32
c08f6cf6-5b4c;El Enigma de la Transmutación Infinitas;Balthazar Blackwood;Historia de la Piedra;1835;1193;2,56;8
2cbabda2-6423;El Enigma de las Almas de Plomo;Aurelius Nightshade;Botánica Arcana;1409;360;1,15;3
2dfc7e11-da17;La Esencia de la Quintaesencia;Isolde Flamel;Botánica Arcana;1787;1162;1,99;30
1c6f6174-0749;Tratado de el Mercurio Rojo;Elara Blackwood;Alquimia Teórica;1825;310;1,03;30
d39daf49-fcda;El Enigma de el Sol Negro;Elara Sterling;Filosofía Prohibida;1368;486;2,26;36
a037480d-8a4d;Tratado de la Transmutación Infinitas;Seraphine Sterling;Botánica Arcana;1930;1058;4,02;15
b1faa401-4e06;La Esencia de el Sol Negro;Seraphine Blackwood;Alquimia Teórica;1510;393;1,28;3
e457afed-5931;El Aliento de el Mercurio Rojo;Balthazar Vance;Alquimia Teórica;1572;1056;1,26;22
1ad6520c-55b9;Espejos de las Almas de Plomo;Caspian Nightshade;Alquimia Teórica;1758;1487;2,27;10
2b76f7c2-5125;El Enigma de la Transmutación Infinitas;Seraphine Flamel;Filosofía Prohibida;1905;871;4,02;0
9840150b-79ed;Códice de el Azufre Sagrado;Elara Vance;Alquimia Teórica;1939;793;4,57;38
140ba277-d2ad;La Esencia de el Azufre Sagrado;Caspian Blackwood;Transmutación Metálica;2006;954;4,64;23
d379250a-c5d3;Tratado de las Almas de Plomo;Balthazar Crowley;Transmutación Metálica;1804;485;4,16;0
b5fc15ec-56e2;El Aliento de la Transmutación Infinitas;Caspian Grimoire;Filosofía Prohibida;1537;1288;2,27;31
05a0286b-bbcc;Sombras sobre la Transmutación Infinitas;Seraphine Blackwood;Botánica Arcana;1177;398;4,07;13
60a6ff6d-59e7;Vórtice de las Almas de Plomo;Seraphine Blackwood;Filosofía Prohibida;1101;605;2,84;43
415854f5-e0c5;Espejos de la Quintaesencia;Seraphine Sterling;Filosofía Prohibida;1648;1187;4,92;5
cc870b1d-4e69;Tratado de el Mercurio Rojo;Seraphine Crowley;Alquimia Teórica;1391;1253;1,73;28
c03f2da0-2460;Tratado de la Transmutación Infinitas;Elara Nightshade;Historia de la Piedra;1490;1442;3,35;38
5a1150a7-6334;Tratado de las Almas de Plomo;Balthazar Grimoire;Filosofía Prohibida;1253;88;2,64;10
a63c4ac5-29dd;Vórtice de la Transmutación Infinitas;Balthazar Sterling;Transmutación Metálica;1377;234;1,4;1
2f10ae64-b11c;La Esencia de el Azufre Sagrado;Aurelius Blackwood;Transmutación Metálica;1771;283;4,53;37
62a25a51-25dc;La Esencia de el Azufre Sagrado;Caspian Grimoire;Botánica Arcana;1200;953;1,46;38
1a166166-d09d;El Enigma de el Mercurio Rojo;Aurelius Nightshade;Filosofía Prohibida;1426;136;2,72;21
80541a45-9e62;Sombras sobre el Sol Negro;Seraphine Blackwood;Transmutación Metálica;1498;768;3,54;22
4fbc1cc9-bfba;La Esencia de las Almas de Plomo;Isolde Vance;Botánica Arcana;2008;1220;2,4;6
ee578986-9441;Tratado de la Quintaesencia;Caspian Nightshade;Alquimia Teórica;1318;367;3,53;27
acfc632d-d3ff;El Enigma de el Azufre Sagrado;Caspian Sterling;Historia de la Piedra;1169;541;1,29;5
b9e716ba-e93a;Espejos de el Azufre Sagrado;Balthazar Blackwood;Alquimia Teórica;1138;452;3,17;34
b2a477ed-69b7;Espejos de la Quintaesencia;Thalric Sterling;Botánica Arcana;1606;203;4,07;27
5b01ae16-49ba;El Enigma de la Quintaesencia;Thalric Blackwood;Filosofía Prohibida;1795;756;4,43;3
b91a4245-c33c;Sombras sobre la Quintaesencia;Caspian Flamel;Historia de la Piedra;1891;684;2,72;7
c60c8738-e830;Códice de el Mercurio Rojo;Aurelius Nightshade;Botánica Arcana;1852;110;4,46;47
ef77d9d6-f93f;Códice de el Azufre Sagrado;Caspian Crowley;Botánica Arcana;1878;793;4,03;46
2b1f400b-a323;La Esencia de la Quintaesencia;Morgana Crowley;Filosofía Prohibida;1533;1494;2,2;12
06f864fe-8e2b;Códice de el Mercurio Rojo;Isolde Blackwood;Historia de la Piedra;1211;178;3,4;50
2cc11d9f-d347;El Enigma de la Transmutación Infinitas;Balthazar Grimoire;Transmutación Metálica;1936;389;4,47;49
c8b7cc23-85dd;El Enigma de el Mercurio Rojo;Thalric Crowley;Filosofía Prohibida;1597;1379;4,63;29
314a5646-7865;Sombras sobre la Quintaesencia;Seraphine Blackwood;Botánica Arcana;1285;979;2,85;46
f6de689b-b3c4;Espejos de el Mercurio Rojo;Elara Vance;Alquimia Teórica;1770;171;1,39;41
8af2935d-0006;El Enigma de el Azufre Sagrado;Aurelius Blackwood;Filosofía Prohibida;1716;945;2,92;5
22a967a4-67d4;Sombras sobre la Quintaesencia;Balthazar Crowley;Historia de la Piedra;1188;1297;2,95;49
b65b2bd2-0e6a;El Aliento de las Almas de Plomo;Caspian Grimoire;Alquimia Teórica;1256;686;1,29;36
0e5af42b-6bda;Sombras sobre el Azufre Sagrado;Aurelius Flamel;Transmutación Metálica;1733;949;3,58;9
304eb8fd-e89d;El Aliento de el Azufre Sagrado;Isolde Nightshade;Alquimia Teórica;1509;1150;2,83;49
bba0d728-625a;Códice de la Transmutación Infinitas;Thalric Crowley;Botánica Arcana;1321;1116;4,59;9
6c4b9bea-cb63;Tratado de el Mercurio Rojo;Elara Grimoire;Historia de la Piedra;1653;1474;4;39
7bb4fbd0-3911;Vórtice de la Transmutación Infinitas;Aurelius Blackwood;Historia de la Piedra;1189;557;3,37;42
15df2b3e-1b02;Espejos de la Quintaesencia;Seraphine Nightshade;Alquimia Teórica;1598;531;4,62;32
b58b5101-ab8d;Vórtice de la Transmutación Infinitas;Caspian Crowley;Transmutación Metálica;1268;267;3,39;0
96fd7802-c6f9;El Enigma de la Transmutación Infinitas;Caspian Sterling;Historia de la Piedra;1916;532;2,1;28
5c4ef65d-c8a9;Vórtice de la Transmutación Infinitas;Aurelius Nightshade;Historia de la Piedra;1851;858;1,62;19
0d24e471-d8e1;Sombras sobre el Azufre Sagrado;Seraphine Nightshade;Historia de la Piedra;1169;982;4,11;36
61cc4c33-592f;Sombras sobre las Almas de Plomo;Aurelius Nightshade;Transmutación Metálica;1220;505;2,86;26
be8abba7-afb1;El Aliento de el Sol Negro;Seraphine Grimoire;Botánica Arcana;1619;1156;3,71;48
e8f3abe6-9016;El Aliento de el Azufre Sagrado;Isolde Blackwood;Alquimia Teórica;1549;241;2,49;6
65b00e6d-56fa;El Aliento de la Quintaesencia;Aurelius Vance;Botánica Arcana;1868;1131;1,27;41
2ae84f64-cf63;El Aliento de las Almas de Plomo;Aurelius Vance;Botánica Arcana;1574;363;1,41;7
5ef7bdaa-4bd1;La Esencia de el Sol Negro;Aurelius Crowley;Transmutación Metálica;1617;953;3,73;50
3379541e-7fe2;Tratado de el Azufre Sagrado;Thalric Blackwood;Transmutación Metálica;1422;714;4,83;30
43f63825-a21f;El Enigma de la Transmutación Infinitas;Elara Blackwood;Historia de la Piedra;1160;85;3,01;36
88e6d824-07f3;Vórtice de las Almas de Plomo;Elara Grimoire;Botánica Arcana;1532;1039;2,53;13
582c7868-b536;Vórtice de el Sol Negro;Morgana Vance;Transmutación Metálica;1413;477;1,26;33
d81d7f48-9509;El Aliento de el Mercurio Rojo;Aurelius Flamel;Botánica Arcana;1201;228;1,06;35
b66fa155-27b0;Espejos de el Sol Negro;Caspian Flamel;Botánica Arcana;1200;1398;4,08;33
64489184-0e93;Espejos de la Quintaesencia;Seraphine Sterling;Transmutación Metálica;1476;1449;4,28;2
79298090-cf6c;La Esencia de las Almas de Plomo;Morgana Vance;Filosofía Prohibida;1878;1267;2,58;47
741a88f0-0f0b;Tratado de las Almas de Plomo;Aurelius Blackwood;Alquimia Teórica;1258;555;2,58;3
d1895fa3-2ccb;Códice de el Sol Negro;Thalric Blackwood;Alquimia Teórica;2017;705;4,35;36
073dee84-bb69;Vórtice de el Sol Negro;Caspian Flamel;Historia de la Piedra;1880;704;4,87;27
173757c5-9eb7;La Esencia de el Sol Negro;Aurelius Vance;Transmutación Metálica;1224;899;2,34;18
e2f3ac2c-8846;El Enigma de el Sol Negro;Isolde Vance;Alquimia Teórica;1304;961;1,57;27
05d33b85-6531;Tratado de el Azufre Sagrado;Isolde Grimoire;Historia de la Piedra;1854;879;3,62;32
be46fda8-cf3e;El Aliento de el Sol Negro;Elara Blackwood;Filosofía Prohibida;1874;1317;3,22;22
b00ae50b-bd93;Vórtice de el Mercurio Rojo;Elara Flamel;Transmutación Metálica;1504;528;4,88;13
16e8970c-444b;Códice de el Sol Negro;Balthazar Vance;Botánica Arcana;1187;272;1,69;8
476485ad-eafd;Vórtice de la Quintaesencia;Caspian Nightshade;Alquimia Teórica;1764;348;2,61;32
66b2cc60-779b;Tratado de la Transmutación Infinitas;Caspian Nightshade;Alquimia Teórica;1433;1020;2,82;15
55596ee1-fa49;El Aliento de la Quintaesencia;Balthazar Grimoire;Botánica Arcana;1984;688;4,45;33
acc513b4-bbf7;Códice de la Transmutación Infinitas;Thalric Crowley;Filosofía Prohibida;1525;722;2,98;22
eab62508-9c96;La Esencia de las Almas de Plomo;Morgana Crowley;Botánica Arcana;1698;1097;1,02;45
31b0f094-8dec;El Aliento de la Transmutación Infinitas;Balthazar Grimoire;Alquimia Teórica;1296;166;2,37;46
0efc482b-3b17;Espejos de la Transmutación Infinitas;Elara Crowley;Botánica Arcana;1226;1193;3,88;2
5abcb0a8-66ee;El Aliento de la Transmutación Infinitas;Thalric Grimoire;Filosofía Prohibida;1407;821;3,14;40
c4db90f8-fbaa;Espejos de el Azufre Sagrado;Morgana Flamel;Filosofía Prohibida;1964;239;2,4;31
05a33d01-6d57;Sombras sobre la Transmutación Infinitas;Balthazar Flamel;Transmutación Metálica;1463;190;2,42;38
42cd1a9e-703f;La Esencia de el Sol Negro;Caspian Flamel;Transmutación Metálica;1476;581;3,77;47
e2db35ad-fabe;Sombras sobre el Azufre Sagrado;Morgana Blackwood;Transmutación Metálica;1406;1124;4,33;39
2f1283f7-ca9a;Sombras sobre el Mercurio Rojo;Elara Flamel;Filosofía Prohibida;1392;572;2,72;47
2879a5a9-79b4;Vórtice de el Mercurio Rojo;Thalric Nightshade;Historia de la Piedra;1281;631;2,88;49
d6a528a8-d6fd;Tratado de el Sol Negro;Aurelius Crowley;Filosofía Prohibida;1495;838;2,73;26
aa1daf76-2b65;La Esencia de las Almas de Plomo;Elara Vance;Historia de la Piedra;1550;1274;3,28;31
f2a5350e-499a;Vórtice de la Transmutación Infinitas;Thalric Flamel;Alquimia Teórica;1736;550;1,88;46
849bc815-164c;El Aliento de la Quintaesencia;Morgana Blackwood;Transmutación Metálica;1860;726;3,72;43
3792d7af-203c;El Aliento de el Azufre Sagrado;Morgana Vance;Transmutación Metálica;1204;1100;2,49;48
21e3a5d7-e88f;Tratado de la Quintaesencia;Caspian Crowley;Filosofía Prohibida;1783;305;3,42;39
56f369c4-cf2f;El Enigma de el Azufre Sagrado;Elara Grimoire;Transmutación Metálica;1548;143;2,68;34
dfc57bfa-283a;Tratado de la Quintaesencia;Elara Flamel;Filosofía Prohibida;1896;1111;1,65;43
82aac116-c6a9;La Esencia de la Transmutación Infinitas;Elara Nightshade;Filosofía Prohibida;1286;1110;2,32;15
6b49d7b1-0fbc;Vórtice de el Mercurio Rojo;Caspian Crowley;Filosofía Prohibida;1292;1482;2,6;33
82657ca9-ca3a;Espejos de el Sol Negro;Morgana Grimoire;Transmutación Metálica;1403;565;1,57;39
c7b43b37-a796;El Aliento de el Sol Negro;Seraphine Vance;Historia de la Piedra;1559;1086;1,95;1
a2d28104-4bbd;Tratado de el Mercurio Rojo;Seraphine Nightshade;Transmutación Metálica;1905;133;4,69;32
aec10aac-52c5;Espejos de el Mercurio Rojo;Morgana Nightshade;Historia de la Piedra;1872;623;4,42;19
1930e55b-995e;El Enigma de el Mercurio Rojo;Aurelius Crowley;Alquimia Teórica;1854;500;1,36;15
fef451b4-0b52;Espejos de el Mercurio Rojo;Balthazar Blackwood;Botánica Arcana;1492;665;1,47;43
67aef2c5-aed5;El Enigma de el Mercurio Rojo;Elara Blackwood;Alquimia Teórica;1449;785;4,69;33
41fbfc62-e5ac;El Aliento de la Transmutación Infinitas;Seraphine Grimoire;Transmutación Metálica;1197;283;3,7;30
b595fc75-d83a;Vórtice de el Mercurio Rojo;Morgana Vance;Historia de la Piedra;1878;600;2,96;9
402489e3-8c5a;Tratado de la Quintaesencia;Caspian Flamel;Filosofía Prohibida;1977;518;4,67;17
3765f707-22d3;Sombras sobre las Almas de Plomo;Balthazar Flamel;Historia de la Piedra;1568;1010;1,54;32
5a978e32-3ffc;La Esencia de el Mercurio Rojo;Elara Nightshade;Historia de la Piedra;1359;1378;1,77;40
7cdcf656-8967;La Esencia de las Almas de Plomo;Morgana Vance;Filosofía Prohibida;1500;540;1,97;21
6d507a68-d424;Sombras sobre el Mercurio Rojo;Seraphine Flamel;Transmutación Metálica;1555;404;4,86;34
36911a3c-45c8;Sombras sobre el Mercurio Rojo;Caspian Grimoire;Historia de la Piedra;1337;610;2,83;36
fdb8288a-c349;Tratado de el Mercurio Rojo;Morgana Nightshade;Transmutación Metálica;1738;794;3,95;13
76c16975-ecea;El Enigma de el Mercurio Rojo;Morgana Flamel;Filosofía Prohibida;1491;868;3,59;40
ff0d8131-d4dc;Sombras sobre el Mercurio Rojo;Isolde Blackwood;Transmutación Metálica;1886;516;1,57;48
7d3db80b-ea09;Vórtice de el Azufre Sagrado;Thalric Sterling;Historia de la Piedra;1984;1211;2;21
ddde5171-2415;El Enigma de la Transmutación Infinitas;Balthazar Vance;Transmutación Metálica;1401;1116;2,88;12
3ee128e5-21c1;Espejos de las Almas de Plomo;Caspian Blackwood;Filosofía Prohibida;1820;162;4,34;25
133607ff-7c2e;Códice de la Quintaesencia;Balthazar Vance;Filosofía Prohibida;1327;401;1,24;1
82a3a94e-ccf5;El Enigma de el Azufre Sagrado;Morgana Sterling;Historia de la Piedra;1644;510;4,3;38
b16dd4c3-4885;La Esencia de la Quintaesencia;Aurelius Nightshade;Filosofía Prohibida;1710;553;2,41;31
8af04864-fe1e;Códice de el Mercurio Rojo;Seraphine Flamel;Filosofía Prohibida;1585;464;2,81;28
07e2d928-e60c;Vórtice de el Azufre Sagrado;Elara Vance;Historia de la Piedra;1213;1248;2,92;20
a9f19914-4c1c;Vórtice de las Almas de Plomo;Elara Flamel;Botánica Arcana;1695;1087;3,33;46
c2c34259-c848;La Esencia de la Transmutación Infinitas;Seraphine Flamel;Transmutación Metálica;1169;768;2,31;16
d46b38e1-d57e;El Aliento de la Quintaesencia;Isolde Grimoire;Botánica Arcana;1109;1217;2,35;48
7c772cb0-9432;La Esencia de la Transmutación Infinitas;Seraphine Vance;Transmutación Metálica;1885;855;1,66;38
86034908-8f50;Vórtice de el Azufre Sagrado;Balthazar Grimoire;Transmutación Metálica;1794;284;4,89;27
6eb30407-11e9;Sombras sobre la Quintaesencia;Elara Blackwood;Historia de la Piedra;1193;1150;2,15;22
36d6d93a-ab59;Códice de el Sol Negro;Thalric Sterling;Transmutación Metálica;1772;583;3,39;18
aca20db8-23b0;El Enigma de la Quintaesencia;Morgana Crowley;Historia de la Piedra;1496;224;4,29;38
27fb3f1a-2fe9;Espejos de la Transmutación Infinitas;Morgana Sterling;Historia de la Piedra;1767;723;4,43;34
437ac224-4745;El Aliento de el Mercurio Rojo;Aurelius Vance;Filosofía Prohibida;1547;365;1,45;21
76d9dc86-b2d2;El Enigma de el Azufre Sagrado;Elara Nightshade;Alquimia Teórica;1170;1276;1,26;10
af9c97ac-1b6e;La Esencia de las Almas de Plomo;Isolde Sterling;Botánica Arcana;1117;358;4,55;1
9685aea6-2372;Vórtice de la Quintaesencia;Seraphine Crowley;Botánica Arcana;1865;443;3,22;37
d5c155cf-04c1;Tratado de el Mercurio Rojo;Isolde Sterling;Alquimia Teórica;1830;947;2,03;44
05cfc801-074d;Espejos de el Mercurio Rojo;Balthazar Vance;Filosofía Prohibida;1700;992;4,41;12
9935475b-721f;La Esencia de la Transmutación Infinitas;Morgana Crowley;Botánica Arcana;1728;1073;2,26;40
f9996e92-6408;El Enigma de la Transmutación Infinitas;Isolde Crowley;Alquimia Teórica;2000;1205;3,59;20
944de347-eacd;El Aliento de la Quintaesencia;Seraphine Nightshade;Alquimia Teórica;1799;1090;4,6;36
32719b5c-cb83;Tratado de el Sol Negro;Thalric Vance;Alquimia Teórica;1408;222;1,82;11
8261fdfa-f2ac;Sombras sobre el Mercurio Rojo;Thalric Sterling;Transmutación Metálica;1484;853;4,29;26
d30e87d1-814c;Espejos de las Almas de Plomo;Isolde Nightshade;Historia de la Piedra;1648;1162;4,09;5
99ab3028-7eac;El Enigma de el Azufre Sagrado;Isolde Blackwood;Transmutación Metálica;1831;426;2,34;26
6679dd39-cdfa;Espejos de las Almas de Plomo;Aurelius Grimoire;Botánica Arcana;1259;149;3,95;17
eb2c8294-ba0c;Códice de el Azufre Sagrado;Balthazar Vance;Alquimia Teórica;1408;306;3,52;0
f66e6f9c-3bcc;Tratado de la Quintaesencia;Isolde Sterling;Historia de la Piedra;1266;465;4,39;28
bc8a68e4-bdad;Tratado de la Quintaesencia;Seraphine Flamel;Botánica Arcana;1435;337;4,32;42
ea6b12c3-3ab8;Códice de el Mercurio Rojo;Balthazar Nightshade;Botánica Arcana;1117;1043;2,27;12
d0e4d463-0b7d;El Enigma de el Azufre Sagrado;Isolde Blackwood;Botánica Arcana;1268;1149;3,56;37
872b7a1a-6dde;Códice de la Transmutación Infinitas;Isolde Blackwood;Botánica Arcana;1163;402;3,56;16
19bf04a7-0db1;El Aliento de el Sol Negro;Balthazar Nightshade;Botánica Arcana;1601;1287;1,21;1
2a146076-bddf;El Enigma de el Mercurio Rojo;Morgana Flamel;Alquimia Teórica;1860;1334;1,6;36
7f5339a1-1df6;Tratado de la Quintaesencia;Morgana Flamel;Historia de la Piedra;1516;918;2,11;37
278eb07f-b68f;Códice de las Almas de Plomo;Aurelius Flamel;Alquimia Teórica;1402;468;4,72;42
93451f82-5f93;El Enigma de el Sol Negro;Balthazar Flamel;Filosofía Prohibida;1163;1145;1,69;10
49bf2774-f331;El Aliento de la Transmutación Infinitas;Elara Sterling;Filosofía Prohibida;1360;617;3,11;3
b4d0a6c4-be60;Tratado de el Sol Negro;Seraphine Vance;Historia de la Piedra;1867;280;3,71;18
158d1c18-8a5e;Espejos de el Azufre Sagrado;Aurelius Grimoire;Transmutación Metálica;1668;828;1,43;7
355dec8d-4236;El Enigma de el Mercurio Rojo;Aurelius Crowley;Alquimia Teórica;1150;841;2,31;46
a69a42e1-e8f8;Códice de el Sol Negro;Caspian Grimoire;Transmutación Metálica;1166;912;3,44;3
3b2e53a1-162d;Códice de la Quintaesencia;Elara Nightshade;Botánica Arcana;1118;1316;3,1;3
03056dcf-e51a;Tratado de las Almas de Plomo;Seraphine Flamel;Filosofía Prohibida;1912;1294;3,21;6
559edc4f-bb0c;El Aliento de el Mercurio Rojo;Morgana Grimoire;Historia de la Piedra;1772;1483;1,24;14
2ff19cab-ad99;Códice de el Sol Negro;Caspian Vance;Botánica Arcana;1763;306;1,54;39
e73c0b8c-9f9a;Sombras sobre el Sol Negro;Caspian Crowley;Historia de la Piedra;1951;1136;4,33;24
25b72746-52a4;El Enigma de la Transmutación Infinitas;Caspian Sterling;Alquimia Teórica;1202;773;2,15;0
4044fc0b-cb2c;Sombras sobre el Azufre Sagrado;Caspian Crowley;Alquimia Teórica;1201;84;2,23;33
f903f908-3135;El Aliento de el Sol Negro;Elara Flamel;Filosofía Prohibida;1235;378;3,26;42
7ca45a38-29a0;Tratado de la Transmutación Infinitas;Morgana Nightshade;Historia de la Piedra;1805;1133;2,3;45
18481bb1-cb6b;Espejos de la Quintaesencia;Seraphine Flamel;Historia de la Piedra;1586;663;1,92;22
dab77c52-79b3;La Esencia de el Azufre Sagrado;Isolde Grimoire;Historia de la Piedra;1695;1327;3,21;47
5eff8a81-543b;La Esencia de el Azufre Sagrado;Morgana Crowley;Alquimia Teórica;1619;745;1,31;6
26598927-f10a;Sombras sobre las Almas de Plomo;Aurelius Grimoire;Alquimia Teórica;1539;368;4,06;18
9f4f606f-03eb;El Enigma de la Quintaesencia;Elara Vance;Botánica Arcana;1196;89;3,22;32
aaa2988b-ac8a;Espejos de el Azufre Sagrado;Aurelius Crowley;Alquimia Teórica;1793;1351;4,88;13
7a74dcc8-ffe4;Vórtice de la Transmutación Infinitas;Morgana Nightshade;Historia de la Piedra;1979;842;2,52;42
ba464461-1819;Códice de las Almas de Plomo;Isolde Grimoire;Alquimia Teórica;1110;964;2,09;12
69ae1e81-cb1a;Sombras sobre el Azufre Sagrado;Morgana Crowley;Filosofía Prohibida;1331;994;1,99;7
9821e769-8263;El Enigma de el Mercurio Rojo;Thalric Grimoire;Alquimia Teórica;1857;901;4,16;31
9baeeb39-f497;Códice de las Almas de Plomo;Caspian Blackwood;Filosofía Prohibida;1227;1025;2,08;12
a54f35d4-f8f7;Tratado de el Azufre Sagrado;Caspian Nightshade;Historia de la Piedra;1930;217;1,42;25
d9369243-ded4;Tratado de la Quintaesencia;Elara Sterling;Transmutación Metálica;1311;1223;4,09;24
81fd830c-9ea8;El Enigma de la Quintaesencia;Thalric Grimoire;Historia de la Piedra;1522;687;4,42;29
967b7f3f-cee6;Espejos de la Quintaesencia;Balthazar Nightshade;Transmutación Metálica;1753;462;1,09;47
0f554fb0-0def;Tratado de el Sol Negro;Aurelius Flamel;Historia de la Piedra;1968;1174;1,18;46
4830feaa-3d8a;Vórtice de el Mercurio Rojo;Aurelius Crowley;Transmutación Metálica;1597;1055;4,9;39
4ecc57e7-4c75;Vórtice de la Transmutación Infinitas;Balthazar Nightshade;Transmutación Metálica;1235;1336;4,92;41
6a9d67bd-c4b5;Vórtice de el Azufre Sagrado;Morgana Nightshade;Botánica Arcana;1369;1469;4,36;17
6bdb52cb-5560;El Aliento de la Quintaesencia;Isolde Flamel;Historia de la Piedra;1159;193;4,84;28
8ae99c3f-14c2;Vórtice de la Transmutación Infinitas;Seraphine Crowley;Filosofía Prohibida;1794;324;2,17;6
33ffced4-f0f1;Códice de el Azufre Sagrado;Caspian Vance;Historia de la Piedra;1866;845;2,55;38
d508ce29-f55f;El Aliento de el Azufre Sagrado;Elara Sterling;Botánica Arcana;1701;346;4,53;43
89bb0ce3-1ce4;Códice de el Mercurio Rojo;Aurelius Nightshade;Filosofía Prohibida;1284;487;1,13;20
e65cba88-0b08;El Enigma de el Mercurio Rojo;Balthazar Vance;Transmutación Metálica;1139;113;2,57;44
b8c4de49-8a79;Sombras sobre el Sol Negro;Morgana Vance;Historia de la Piedra;1402;319;2,94;20
92f153e3-5a29;El Aliento de las Almas de Plomo;Thalric Nightshade;Historia de la Piedra;1676;542;4,77;4
aaaeae18-d13a;Códice de el Mercurio Rojo;Morgana Flamel;Filosofía Prohibida;1808;1200;3,95;4
cfc2d97c-b1e5;El Enigma de la Quintaesencia;Thalric Crowley;Historia de la Piedra;1195;857;4,9;38
f5557b61-d2ee;Sombras sobre la Transmutación Infinitas;Seraphine Sterling;Botánica Arcana;1569;722;4,39;42
e1122303-9264;Códice de la Transmutación Infinitas;Elara Crowley;Historia de la Piedra;1206;485;3,82;50
0dbf92c3-3759;Sombras sobre la Transmutación Infinitas;Aurelius Crowley;Filosofía Prohibida;1793;720;1,78;11
6a5bdeb9-d7ce;El Aliento de las Almas de Plomo;Seraphine Crowley;Transmutación Metálica;1712;317;4,01;42
4e583507-5089;Sombras sobre el Mercurio Rojo;Thalric Flamel;Historia de la Piedra;1623;1178;1,55;7
7044831d-d1c6;Sombras sobre las Almas de Plomo;Seraphine Vance;Historia de la Piedra;1669;371;2,13;34
3ce57b21-19c7;El Aliento de la Quintaesencia;Balthazar Vance;Filosofía Prohibida;1208;1012;4,1;19
101da127-4d10;Tratado de el Azufre Sagrado;Caspian Flamel;Alquimia Teórica;1919;857;3,32;2
d4690b93-1d1c;Códice de el Azufre Sagrado;Balthazar Sterling;Alquimia Teórica;1658;367;1,05;36
1c65728b-bbf0;Sombras sobre el Azufre Sagrado;Balthazar Vance;Transmutación Metálica;1757;768;3,33;13
957fb944-4261;Códice de el Mercurio Rojo;Caspian Flamel;Alquimia Teórica;1638;754;3,94;31
5a324156-2038;El Enigma de la Transmutación Infinitas;Seraphine Nightshade;Transmutación Metálica;1113;696;2,87;6
f7f53950-835a;La Esencia de el Mercurio Rojo;Balthazar Flamel;Botánica Arcana;1721;128;3,25;21
3c396b24-ddfe;El Aliento de el Sol Negro;Elara Sterling;Filosofía Prohibida;1296;1104;4,58;16
a8194c96-08a0;El Aliento de la Quintaesencia;Thalric Grimoire;Filosofía Prohibida;1125;874;3,96;5
4ab5c03a-9701;Espejos de el Mercurio Rojo;Elara Crowley;Historia de la Piedra;1674;425;4,33;12
adb7fe1d-9607;Sombras sobre las Almas de Plomo;Seraphine Flamel;Filosofía Prohibida;1397;864;2,81;11
0181e387-b8e2;Códice de las Almas de Plomo;Elara Nightshade;Filosofía Prohibida;1758;1117;3,68;29
6a22563e-2fb9;Sombras sobre las Almas de Plomo;Aurelius Flamel;Botánica Arcana;1620;764;4,07;10
73e663da-ee49;La Esencia de el Mercurio Rojo;Elara Blackwood;Alquimia Teórica;1102;475;4,55;37
58627a31-9f22;Códice de las Almas de Plomo;Seraphine Blackwood;Botánica Arcana;1989;1432;1,35;30
e8463c27-d3b3;Sombras sobre el Sol Negro;Isolde Vance;Botánica Arcana;1181;603;2,36;36
b2ff7b62-5988;La Esencia de las Almas de Plomo;Aurelius Vance;Historia de la Piedra;2015;163;3,25;0
bfcf4749-07c1;Sombras sobre las Almas de Plomo;Thalric Sterling;Botánica Arcana;1221;814;1,4;41
74f1eb20-cb23;La Esencia de el Sol Negro;Caspian Flamel;Botánica Arcana;1234;594;3,7;49
7d317b1c-1628;Espejos de la Transmutación Infinitas;Isolde Grimoire;Transmutación Metálica;1562;633;2,02;47
b0f1c3cc-d999;El Aliento de la Quintaesencia;Caspian Sterling;Historia de la Piedra;1671;551;1,34;14
21ee55d0-9922;La Esencia de la Quintaesencia;Caspian Blackwood;Historia de la Piedra;1493;1427;3,43;29
fe4d2afa-1f69;Códice de la Transmutación Infinitas;Seraphine Flamel;Historia de la Piedra;1862;794;3,61;34
8cf6adc1-5e77;Sombras sobre la Transmutación Infinitas;Caspian Grimoire;Filosofía Prohibida;1795;1307;4;14
b1b8e40d-cf4f;El Aliento de las Almas de Plomo;Elara Sterling;Transmutación Metálica;1293;131;2,69;5
0e42d729-9dd1;Espejos de las Almas de Plomo;Isolde Flamel;Filosofía Prohibida;1618;106;2,5;2
897cfeac-82d6;Códice de la Quintaesencia;Morgana Nightshade;Alquimia Teórica;2016;504;1,86;34
1085503a-6a66;Sombras sobre la Quintaesencia;Caspian Vance;Historia de la Piedra;1174;1485;4,98;29
8f6ce782-f1e8;Códice de el Mercurio Rojo;Thalric Crowley;Botánica Arcana;1118;437;3,81;19
593f13e8-8d53;Espejos de la Transmutación Infinitas;Thalric Nightshade;Transmutación Metálica;1687;810;1,46;45
b0c0b0e8-dea9;La Esencia de las Almas de Plomo;Morgana Grimoire;Historia de la Piedra;1111;1217;4,12;18
cfe8dc2e-0577;Sombras sobre la Quintaesencia;Elara Vance;Filosofía Prohibida;1252;556;2,41;1
ef291dc6-363b;Vórtice de la Transmutación Infinitas;Elara Nightshade;Historia de la Piedra;1104;1204;4,14;8
5ae88d8e-9718;La Esencia de la Quintaesencia;Elara Nightshade;Filosofía Prohibida;1766;661;2,49;16
fe1b1cf5-3c29;Códice de el Sol Negro;Balthazar Grimoire;Alquimia Teórica;1120;1361;2,25;22
0aed66e9-dd67;Espejos de la Transmutación Infinitas;Isolde Nightshade;Historia de la Piedra;1120;583;1,97;10
bff5cee3-acee;Códice de la Quintaesencia;Elara Flamel;Historia de la Piedra;1691;551;2,05;35
d246a74c-09e6;Sombras sobre las Almas de Plomo;Elara Grimoire;Botánica Arcana;1466;101;2,17;38
866137e3-0c7d;Vórtice de la Transmutación Infinitas;Seraphine Nightshade;Botánica Arcana;1652;1087;3,95;44
6a31f676-a43f;Sombras sobre la Quintaesencia;Elara Sterling;Botánica Arcana;1225;739;2,89;33
a9d3f9fe-297f;Espejos de el Mercurio Rojo;Morgana Flamel;Alquimia Teórica;1193;797;4,18;24
d25c1ec7-90b6;Vórtice de las Almas de Plomo;Caspian Grimoire;Botánica Arcana;1746;728;1,85;39
3f82ade6-5f7f;La Esencia de las Almas de Plomo;Balthazar Sterling;Alquimia Teórica;1726;1004;4,33;34
68347737-7542;El Enigma de las Almas de Plomo;Thalric Grimoire;Transmutación Metálica;1689;1076;2,84;24
a4aa203e-09da;Códice de las Almas de Plomo;Balthazar Grimoire;Historia de la Piedra;1850;320;3,52;17
36563e74-c2ed;Espejos de el Azufre Sagrado;Balthazar Crowley;Filosofía Prohibida;1559;556;4,14;42
d6d10bca-55d8;Espejos de el Azufre Sagrado;Seraphine Grimoire;Botánica Arcana;1563;783;4,26;32
d720df01-d424;Espejos de el Mercurio Rojo;Morgana Grimoire;Transmutación Metálica;1680;1318;3,61;30
0fe5038c-9de7;El Aliento de el Mercurio Rojo;Aurelius Nightshade;Filosofía Prohibida;1776;318;3,47;35
257e3fd8-b88d;Vórtice de el Azufre Sagrado;Seraphine Nightshade;Historia de la Piedra;1233;267;2,84;10
7b28a16b-c7e9;Sombras sobre el Azufre Sagrado;Morgana Grimoire;Historia de la Piedra;1198;672;4,76;22
14aa228a-1793;Vórtice de la Quintaesencia;Aurelius Flamel;Historia de la Piedra;1938;581;1,43;27
6742ed0f-691e;Sombras sobre la Quintaesencia;Aurelius Nightshade;Alquimia Teórica;1892;981;2,36;41
edd07d9f-3159;Vórtice de el Mercurio Rojo;Caspian Crowley;Alquimia Teórica;1695;1068;1,49;11
d56c553d-7f8c;Tratado de el Sol Negro;Elara Nightshade;Alquimia Teórica;1474;1177;4,69;48
21bb3426-31f4;El Enigma de el Mercurio Rojo;Thalric Vance;Historia de la Piedra;1570;710;1,37;0
7b5e2338-84f9;Tratado de la Transmutación Infinitas;Morgana Flamel;Filosofía Prohibida;1740;539;4;2
349f8274-b838;Espejos de el Azufre Sagrado;Thalric Nightshade;Transmutación Metálica;2020;349;1,95;0
40a65399-7ac4;El Aliento de el Sol Negro;Balthazar Grimoire;Transmutación Metálica;1373;1049;1,34;41
b6ae3c30-f15b;Espejos de las Almas de Plomo;Caspian Nightshade;Transmutación Metálica;1478;994;4,64;28
152c6a21-0e8d;El Aliento de la Quintaesencia;Seraphine Crowley;Transmutación Metálica;1436;157;1,47;10
d397602a-a923;Espejos de el Sol Negro;Isolde Grimoire;Historia de la Piedra;1674;480;1,8;16
e86a85d4-1d97;El Aliento de la Transmutación Infinitas;Seraphine Flamel;Filosofía Prohibida;1569;1467;1,13;34
2500fe3f-12b0;Códice de el Mercurio Rojo;Morgana Flamel;Filosofía Prohibida;1296;133;2,66;4
c7dcfc27-ea11;El Aliento de el Azufre Sagrado;Seraphine Sterling;Transmutación Metálica;1996;277;4,46;1
54f1b725-1c5d;Sombras sobre el Mercurio Rojo;Elara Blackwood;Filosofía Prohibida;1337;1053;2,97;41
6e8ae1d4-c606;La Esencia de la Transmutación Infinitas;Seraphine Flamel;Filosofía Prohibida;1895;250;4,78;14
be402577-2812;El Aliento de la Transmutación Infinitas;Aurelius Vance;Alquimia Teórica;1908;1280;2,5;14
0906b639-04a1;El Aliento de la Transmutación Infinitas;Isolde Grimoire;Filosofía Prohibida;1991;470;4;46
9c616240-32fd;Espejos de el Sol Negro;Thalric Sterling;Filosofía Prohibida;1397;106;4,38;12
8bccaa39-d173;Tratado de el Sol Negro;Morgana Crowley;Alquimia Teórica;1137;474;2,87;42
68d75f4c-bd9e;Sombras sobre el Sol Negro;Aurelius Nightshade;Filosofía Prohibida;1167;1406;2,35;45
ca07570b-8c4d;Espejos de el Sol Negro;Elara Flamel;Alquimia Teórica;1245;1402;1,47;11
64151668-e34d;Espejos de el Sol Negro;Aurelius Vance;Transmutación Metálica;1492;1495;4,99;48
68651e50-049a;La Esencia de la Quintaesencia;Morgana Vance;Alquimia Teórica;1150;911;4,07;26
fcb0133d-2359;El Enigma de el Mercurio Rojo;Caspian Crowley;Historia de la Piedra;1668;116;2;36
a9cc4d0d-0dad;Vórtice de la Transmutación Infinitas;Thalric Sterling;Historia de la Piedra;1149;1168;4,73;45
ec7057cf-4c27;El Aliento de las Almas de Plomo;Caspian Flamel;Historia de la Piedra;1437;718;2,95;33
e23f9d19-93b8;La Esencia de el Azufre Sagrado;Caspian Blackwood;Transmutación Metálica;1235;653;4,04;8
736cf526-3238;Tratado de el Sol Negro;Caspian Flamel;Transmutación Metálica;1831;92;1,92;12
82ad1fd3-dd2d;Sombras sobre el Mercurio Rojo;Isolde Grimoire;Transmutación Metálica;1627;1471;3,01;48
8dfa4cc4-6ce1;Tratado de la Transmutación Infinitas;Aurelius Sterling;Filosofía Prohibida;1334;1229;1,27;17
a9e1101f-7c28;Tratado de las Almas de Plomo;Morgana Sterling;Transmutación Metálica;1244;212;4,13;0
0c147a61-7944;Tratado de las Almas de Plomo;Elara Grimoire;Historia de la Piedra;1574;834;2,74;37
b762f746-1c9c;La Esencia de el Azufre Sagrado;Isolde Nightshade;Filosofía Prohibida;1684;717;4,63;20
780cd170-afd3;El Aliento de el Mercurio Rojo;Seraphine Vance;Historia de la Piedra;1432;1331;1,07;14
14148820-24f5;El Enigma de la Transmutación Infinitas;Morgana Flamel;Botánica Arcana;1392;185;1,48;50
af91c360-1cdc;Sombras sobre la Transmutación Infinitas;Isolde Nightshade;Alquimia Teórica;1611;335;4,94;17
149d3815-f3f0;Tratado de la Quintaesencia;Seraphine Nightshade;Botánica Arcana;1365;1123;1,17;32
2282f3ae-fcdd;Espejos de el Mercurio Rojo;Elara Sterling;Filosofía Prohibida;1222;383;2,65;45
1fe008f6-9337;Espejos de el Mercurio Rojo;Isolde Flamel;Filosofía Prohibida;1805;627;3,7;48
25e78b9a-e993;Espejos de la Quintaesencia;Seraphine Crowley;Botánica Arcana;1186;1364;2,14;12
f208c391-2003;El Aliento de la Transmutación Infinitas;Balthazar Crowley;Botánica Arcana;1369;1208;4,96;23
3e6998a7-90d8;Sombras sobre el Sol Negro;Isolde Nightshade;Filosofía Prohibida;1561;1177;3,35;13
13fca8a5-4a5c;El Aliento de el Mercurio Rojo;Caspian Nightshade;Alquimia Teórica;1624;1206;3,52;14
ffc57140-1d25;El Enigma de la Transmutación Infinitas;Thalric Blackwood;Botánica Arcana;1333;550;2,16;17
665b903c-36b4;Espejos de la Quintaesencia;Isolde Flamel;Botánica Arcana;1901;1278;4,54;49
946ef52c-9921;El Aliento de el Sol Negro;Morgana Crowley;Alquimia Teórica;1664;331;1,19;46
aaede2f7-73eb;El Aliento de la Quintaesencia;Aurelius Sterling;Filosofía Prohibida;1409;770;2,41;32
de2ac42e-cdec;El Aliento de las Almas de Plomo;Elara Vance;Transmutación Metálica;1609;619;2,03;18
94d058de-2722;El Enigma de la Quintaesencia;Balthazar Crowley;Alquimia Teórica;1695;133;4,37;47
b8f345c6-6870;Tratado de el Sol Negro;Balthazar Grimoire;Botánica Arcana;1154;679;3,89;39
87db3ec8-3e8f;Sombras sobre las Almas de Plomo;Caspian Flamel;Filosofía Prohibida;1746;1197;3,38;5
dc54db0c-50d7;El Enigma de la Transmutación Infinitas;Seraphine Nightshade;Alquimia Teórica;2016;1330;1,7;11
2f8249fc-6974;Tratado de el Mercurio Rojo;Thalric Blackwood;Transmutación Metálica;1772;115;3,06;29
3e671c5a-67ee;Códice de el Mercurio Rojo;Seraphine Grimoire;Alquimia Teórica;2002;645;2,63;37
8d2d6522-b118;El Enigma de las Almas de Plomo;Balthazar Crowley;Transmutación Metálica;1485;413;3,97;47
e911862c-6162;El Aliento de la Transmutación Infinitas;Morgana Grimoire;Filosofía Prohibida;1309;1242;1,96;36
1fb20fb7-c7f2;El Aliento de el Mercurio Rojo;Aurelius Sterling;Botánica Arcana;1629;1169;3,92;6
68bc69c6-0969;La Esencia de el Mercurio Rojo;Seraphine Blackwood;Filosofía Prohibida;1838;164;4,62;23
dde25082-7a34;Tratado de la Transmutación Infinitas;Isolde Nightshade;Historia de la Piedra;1181;839;3,15;48
9d01a6f4-8799;La Esencia de el Sol Negro;Caspian Sterling;Historia de la Piedra;1517;671;3;34
c3507fa4-26b5;Tratado de la Quintaesencia;Elara Grimoire;Botánica Arcana;1851;356;4,55;26
acab70f1-5e00;El Enigma de el Mercurio Rojo;Isolde Nightshade;Historia de la Piedra;1591;579;2,03;34
200241b5-2792;La Esencia de las Almas de Plomo;Morgana Grimoire;Transmutación Metálica;1620;1135;4;0
fd71f24d-5d94;La Esencia de las Almas de Plomo;Balthazar Vance;Filosofía Prohibida;1535;292;3,32;39
f39a68b0-c8c8;Códice de el Azufre Sagrado;Caspian Grimoire;Transmutación Metálica;1686;670;1,03;30
7ee5cf4f-2362;El Aliento de el Sol Negro;Morgana Sterling;Botánica Arcana;1488;1255;2,3;27
f99c50e2-715c;Sombras sobre la Transmutación Infinitas;Isolde Crowley;Transmutación Metálica;1524;154;1,08;43
dfd4e114-e91b;La Esencia de el Sol Negro;Balthazar Crowley;Alquimia Teórica;1379;525;2,76;37
caf9c4bc-a3f7;Sombras sobre el Azufre Sagrado;Caspian Crowley;Botánica Arcana;1689;857;3,77;48
bab54e46-3f07;La Esencia de el Sol Negro;Isolde Sterling;Filosofía Prohibida;1443;128;3,21;9
8668f78f-d4b3;Espejos de la Quintaesencia;Morgana Flamel;Alquimia Teórica;1447;936;4,12;16
b77b6b93-6acf;El Enigma de el Sol Negro;Caspian Crowley;Historia de la Piedra;1624;1133;2,26;24
7e7995cf-2330;Códice de la Quintaesencia;Seraphine Flamel;Botánica Arcana;1809;687;2,46;47
5f2760b1-5a21;Tratado de la Quintaesencia;Aurelius Grimoire;Alquimia Teórica;1215;705;4,88;50
ac727f19-0c57;Tratado de el Sol Negro;Caspian Crowley;Transmutación Metálica;1807;405;1,6;13
83e21af1-362e;Espejos de la Transmutación Infinitas;Thalric Vance;Botánica Arcana;1681;1354;2,24;22
0b651d9b-bc38;Sombras sobre la Transmutación Infinitas;Morgana Flamel;Alquimia Teórica;1323;1186;3,62;30
c45a2a36-b8cd;Códice de el Azufre Sagrado;Isolde Grimoire;Historia de la Piedra;1249;1138;2,24;3
e044512c-f575;Vórtice de el Sol Negro;Balthazar Grimoire;Historia de la Piedra;1823;457;2,53;9
4fda503e-d163;El Aliento de el Sol Negro;Seraphine Vance;Transmutación Metálica;1359;385;1,95;48
6b04e696-cb58;Sombras sobre la Quintaesencia;Elara Nightshade;Alquimia Teórica;1611;627;4,12;50
c63acf0c-6d86;El Aliento de la Transmutación Infinitas;Aurelius Vance;Transmutación Metálica;1955;1327;3,94;44
aeedd38f-43a5;El Enigma de el Mercurio Rojo;Elara Vance;Alquimia Teórica;1918;671;1,03;31
0a11122f-fa9e;El Aliento de el Mercurio Rojo;Morgana Sterling;Botánica Arcana;1977;186;1,31;36
9a33a14f-7fb4;El Enigma de el Sol Negro;Caspian Grimoire;Transmutación Metálica;1960;1199;4,89;23
3afcb33e-02ed;Vórtice de el Sol Negro;Thalric Grimoire;Botánica Arcana;1631;1340;2,03;35
05f89798-a26d;Vórtice de el Sol Negro;Aurelius Sterling;Filosofía Prohibida;1471;767;2,26;17
71d60d6e-6c41;Vórtice de las Almas de Plomo;Caspian Nightshade;Botánica Arcana;1401;1009;2,25;29
f8c37e34-7bf6;La Esencia de las Almas de Plomo;Elara Sterling;Historia de la Piedra;1423;1155;4,96;34
0cb3d55d-9e1e;El Aliento de las Almas de Plomo;Morgana Grimoire;Filosofía Prohibida;1310;874;4,48;13
be37b104-0362;Códice de las Almas de Plomo;Morgana Flamel;Botánica Arcana;1178;1052;2,01;14
6d1b594f-f662;El Aliento de la Transmutación Infinitas;Caspian Flamel;Botánica Arcana;1931;1477;4,72;41
43e1c1f5-c22a;Códice de el Azufre Sagrado;Balthazar Flamel;Botánica Arcana;1721;729;2,42;34
66eaac7c-2e91;Códice de la Quintaesencia;Morgana Grimoire;Botánica Arcana;1508;209;5;6
fe71a1c1-29ae;El Enigma de el Mercurio Rojo;Thalric Crowley;Alquimia Teórica;1175;1306;1,04;29
da1afd21-b651;Vórtice de el Azufre Sagrado;Balthazar Grimoire;Historia de la Piedra;1637;1235;3,38;16
fd6140a2-c4b3;Códice de la Quintaesencia;Aurelius Nightshade;Botánica Arcana;1752;89;4,46;26
057bf20a-650d;El Aliento de el Azufre Sagrado;Isolde Sterling;Transmutación Metálica;1212;1388;3,33;12
f5d5383c-3913;Tratado de la Quintaesencia;Aurelius Sterling;Alquimia Teórica;1796;112;1,9;12
36627308-3046;Tratado de la Transmutación Infinitas;Aurelius Crowley;Alquimia Teórica;1102;1444;1,56;11
26946091-bb93;El Aliento de la Transmutación Infinitas;Seraphine Crowley;Alquimia Teórica;1193;702;2,32;10
79518732-779b;Tratado de la Transmutación Infinitas;Isolde Nightshade;Alquimia Teórica;1233;876;2,58;0
51f74ee2-0979;Espejos de el Mercurio Rojo;Elara Crowley;Transmutación Metálica;2006;404;2,39;15
a8c3dd55-8806;Sombras sobre la Transmutación Infinitas;Elara Grimoire;Filosofía Prohibida;1246;1440;2,23;41
b3f83494-422a;El Aliento de el Sol Negro;Aurelius Vance;Botánica Arcana;1662;806;2,31;46
bd6d11b7-9595;El Enigma de el Mercurio Rojo;Seraphine Sterling;Historia de la Piedra;1620;525;2,54;38
4cc82181-ccc2;El Enigma de el Azufre Sagrado;Balthazar Crowley;Transmutación Metálica;1518;917;3,44;42
087c5e77-8ae1;La Esencia de las Almas de Plomo;Balthazar Crowley;Historia de la Piedra;1408;118;1,99;13
d9221082-71ce;La Esencia de el Sol Negro;Elara Grimoire;Filosofía Prohibida;1638;843;1,44;27
ad7bf142-46ef;El Aliento de las Almas de Plomo;Isolde Crowley;Alquimia Teórica;1287;283;2,89;2
77292336-6063;Tratado de la Transmutación Infinitas;Morgana Crowley;Historia de la Piedra;1743;548;1,27;1
b738f473-d576;El Aliento de el Sol Negro;Balthazar Blackwood;Transmutación Metálica;1802;1213;1,82;46
58f3cfc4-7700;El Enigma de la Quintaesencia;Morgana Nightshade;Alquimia Teórica;1898;232;3,81;49
cc8b7744-b8d6;Tratado de la Quintaesencia;Thalric Nightshade;Historia de la Piedra;1495;188;4,84;35
a45f662e-263d;El Enigma de la Transmutación Infinitas;Elara Crowley;Transmutación Metálica;1719;180;4,75;36
b23dba81-a4b1;El Aliento de la Quintaesencia;Isolde Blackwood;Alquimia Teórica;1492;1053;2,61;23
ba6816e2-32cb;Tratado de el Mercurio Rojo;Seraphine Nightshade;Transmutación Metálica;1566;223;4,08;38
aba9599c-e66f;Tratado de el Sol Negro;Aurelius Nightshade;Alquimia Teórica;1505;719;4,24;38
e476dcbe-7f4f;Tratado de el Azufre Sagrado;Morgana Sterling;Alquimia Teórica;1857;824;3,58;22
ef3fc384-1d50;La Esencia de la Quintaesencia;Morgana Flamel;Filosofía Prohibida;1616;878;1,77;44
ea375625-76cb;El Enigma de las Almas de Plomo;Seraphine Nightshade;Historia de la Piedra;1703;823;3,64;30
6c85a7d1-0233;Espejos de el Sol Negro;Thalric Sterling;Alquimia Teórica;1692;683;1,74;11
d37297df-6005;El Aliento de el Sol Negro;Seraphine Flamel;Filosofía Prohibida;1561;993;2,98;13
0c174c6b-9c9d;Vórtice de el Mercurio Rojo;Balthazar Crowley;Historia de la Piedra;1593;891;3,83;45
b1b39b08-ea40;El Enigma de la Quintaesencia;Balthazar Grimoire;Transmutación Metálica;1325;485;1,95;37
e3dbbcc4-4902;La Esencia de el Sol Negro;Aurelius Grimoire;Botánica Arcana;1631;198;1,5;16
219375ac-e0d1;Tratado de el Azufre Sagrado;Caspian Sterling;Filosofía Prohibida;1794;111;2,25;45
e7e9eb41-e024;Vórtice de la Transmutación Infinitas;Seraphine Grimoire;Alquimia Teórica;1874;968;4,14;38
73f1289d-7d79;Códice de las Almas de Plomo;Caspian Crowley;Filosofía Prohibida;1791;701;3,77;45
2aba2fd6-937a;Sombras sobre las Almas de Plomo;Aurelius Crowley;Transmutación Metálica;1500;1017;1,33;26
d635323c-6782;El Enigma de la Quintaesencia;Caspian Crowley;Transmutación Metálica;1902;1086;3,31;24
dfba90c6-d34d;Sombras sobre la Transmutación Infinitas;Thalric Blackwood;Filosofía Prohibida;1492;757;2,37;34
d04d5229-bda9;Sombras sobre la Transmutación Infinitas;Caspian Grimoire;Transmutación Metálica;1336;947;1,82;7
269f99ba-f741;Códice de la Transmutación Infinitas;Morgana Nightshade;Filosofía Prohibida;1883;597;2,78;44
2836a5ad-2bf1;Sombras sobre el Sol Negro;Elara Vance;Historia de la Piedra;1776;591;4,08;29
b6fafa26-8553;Espejos de el Mercurio Rojo;Seraphine Vance;Alquimia Teórica;1690;1040;4,76;6
14d2a968-0ab9;Vórtice de la Quintaesencia;Morgana Nightshade;Transmutación Metálica;1220;1499;2,64;2
0bf64080-b39e;El Aliento de el Mercurio Rojo;Morgana Flamel;Botánica Arcana;1174;1010;2,18;5
8a79723d-3cbb;La Esencia de el Mercurio Rojo;Seraphine Crowley;Filosofía Prohibida;1441;1107;2,17;50
7b4b1b0f-cabb;Vórtice de el Sol Negro;Thalric Vance;Alquimia Teórica;1120;121;3,85;5
d74f47a3-28a8;Sombras sobre el Sol Negro;Morgana Nightshade;Historia de la Piedra;1438;1001;2,1;48
8cd74696-544a;Vórtice de las Almas de Plomo;Aurelius Nightshade;Filosofía Prohibida;1441;762;4,86;36
43b833d4-8e01;Tratado de la Quintaesencia;Isolde Nightshade;Historia de la Piedra;1623;1226;2,19;39
e59e4654-379a;Códice de el Sol Negro;Thalric Blackwood;Transmutación Metálica;1948;1394;4,2;2
83adc018-582a;La Esencia de la Quintaesencia;Elara Crowley;Filosofía Prohibida;1751;290;2,01;12
c45098b0-d622;Espejos de la Transmutación Infinitas;Morgana Crowley;Transmutación Metálica;1739;1378;4,83;21
4858505b-23db;La Esencia de las Almas de Plomo;Isolde Nightshade;Botánica Arcana;1633;1118;3,52;13
970a4828-0f9b;Tratado de el Sol Negro;Isolde Sterling;Transmutación Metálica;1227;544;3,68;38
a98c0759-b493;El Enigma de la Transmutación Infinitas;Isolde Vance;Historia de la Piedra;1132;642;1,72;33
5d05ba8b-c5e3;Tratado de el Sol Negro;Isolde Grimoire;Historia de la Piedra;1745;297;3,62;17
d5298e7f-2551;Tratado de la Quintaesencia;Thalric Flamel;Historia de la Piedra;1337;1033;3,4;32
e1022cdb-2e41;Espejos de el Azufre Sagrado;Balthazar Sterling;Historia de la Piedra;1476;520;1,68;38
3a9a93da-8b9c;Vórtice de el Sol Negro;Elara Blackwood;Historia de la Piedra;1176;176;3;48
cb5c694b-3c52;La Esencia de el Sol Negro;Elara Vance;Botánica Arcana;1702;650;3,18;10
c22ea904-dd0e;Vórtice de el Sol Negro;Seraphine Flamel;Botánica Arcana;1775;699;4,4;4
ea797285-4b43;El Enigma de el Sol Negro;Balthazar Crowley;Filosofía Prohibida;1124;610;3,74;30
fc867ff3-461a;La Esencia de el Mercurio Rojo;Morgana Grimoire;Filosofía Prohibida;1107;288;1,44;19
87780c2c-940d;Códice de el Sol Negro;Balthazar Nightshade;Botánica Arcana;1276;794;2,34;12
c4969f78-95dd;El Aliento de la Transmutación Infinitas;Elara Crowley;Transmutación Metálica;1946;743;1,8;31
68db66d1-878e;El Aliento de el Mercurio Rojo;Elara Vance;Historia de la Piedra;1827;330;3,43;4
c048bad5-e2c0;Espejos de el Sol Negro;Aurelius Blackwood;Transmutación Metálica;1595;107;2,4;7
c10e9652-b803;Códice de el Azufre Sagrado;Morgana Nightshade;Transmutación Metálica;1125;1177;4,32;47
8d201925-2357;El Enigma de las Almas de Plomo;Balthazar Sterling;Botánica Arcana;1950;104;1,35;30
e251dbef-7d76;Códice de la Quintaesencia;Thalric Crowley;Alquimia Teórica;1108;753;2,18;24
ef6d281a-bd14;El Enigma de la Transmutación Infinitas;Isolde Blackwood;Alquimia Teórica;1254;1026;3,72;42
b73cbf44-6914;Vórtice de la Quintaesencia;Balthazar Grimoire;Filosofía Prohibida;1900;378;4,76;34
e983ffc7-a6a4;Códice de el Azufre Sagrado;Aurelius Blackwood;Alquimia Teórica;1819;1252;3,11;19
34245f33-9208;Sombras sobre la Transmutación Infinitas;Morgana Sterling;Botánica Arcana;1997;1351;4,48;7
78b216ff-18a3;Espejos de el Azufre Sagrado;Thalric Sterling;Filosofía Prohibida;1502;820;4,29;20
dd21075a-8ba6;Vórtice de el Mercurio Rojo;Thalric Crowley;Filosofía Prohibida;1383;787;2,45;32
d8bd6db2-2e4b;Códice de la Quintaesencia;Caspian Sterling;Filosofía Prohibida;1751;810;2,88;31
9f4c072e-2d81;Códice de el Azufre Sagrado;Elara Vance;Filosofía Prohibida;1310;1211;2,17;49
ad18a573-09c4;Tratado de las Almas de Plomo;Balthazar Sterling;Filosofía Prohibida;1822;1282;3,5;41
e86f7b48-1669;El Aliento de el Sol Negro;Balthazar Crowley;Transmutación Metálica;1483;626;3,2;14
5fec2256-ee6a;Espejos de el Mercurio Rojo;Aurelius Sterling;Transmutación Metálica;1475;1384;1,48;50
e9fb833c-fecd;Espejos de el Sol Negro;Isolde Flamel;Botánica Arcana;1487;555;2,95;49
9a7dc6a3-ca31;Códice de el Sol Negro;Seraphine Crowley;Transmutación Metálica;1370;1129;2,61;22
fc9bafd2-c15f;Sombras sobre el Azufre Sagrado;Morgana Blackwood;Transmutación Metálica;1797;650;1,24;41
5ad16a8a-a2da;El Aliento de la Quintaesencia;Aurelius Blackwood;Transmutación Metálica;1577;1146;3,25;40
325a6886-973d;La Esencia de la Quintaesencia;Balthazar Blackwood;Botánica Arcana;1237;1036;3,27;31
d0d09dd6-3279;La Esencia de la Transmutación Infinitas;Isolde Vance;Filosofía Prohibida;1269;1269;1,19;36
e75c3eee-96e7;El Enigma de la Quintaesencia;Isolde Grimoire;Filosofía Prohibida;1211;1161;2,33;5
ba6ede85-4d0e;Códice de el Mercurio Rojo;Thalric Crowley;Historia de la Piedra;1550;1173;2,32;1
d8f1b7dc-cb78;Espejos de la Transmutación Infinitas;Morgana Flamel;Botánica Arcana;1687;921;4,07;18
7e1ba01f-b42d;El Aliento de el Azufre Sagrado;Seraphine Blackwood;Filosofía Prohibida;1934;957;3,44;15
32865d6e-2506;El Enigma de la Quintaesencia;Seraphine Crowley;Historia de la Piedra;1399;1472;3,51;8
9ec48c36-2ca1;La Esencia de la Quintaesencia;Morgana Blackwood;Filosofía Prohibida;1261;830;4,91;44
e5df71ef-fcac;El Aliento de el Mercurio Rojo;Aurelius Crowley;Historia de la Piedra;1191;195;3,21;31
bc8340de-4bc0;La Esencia de la Transmutación Infinitas;Elara Flamel;Transmutación Metálica;1625;1139;4,41;28
5ccca3b4-b0f4;La Esencia de la Quintaesencia;Caspian Crowley;Filosofía Prohibida;1474;623;2,03;48
c60a3f01-a14c;El Aliento de el Mercurio Rojo;Caspian Flamel;Filosofía Prohibida;1272;615;4,32;46
c80c32a7-b574;El Aliento de el Mercurio Rojo;Seraphine Grimoire;Filosofía Prohibida;1395;979;2,67;16
99c5e6bb-4d97;Vórtice de las Almas de Plomo;Morgana Sterling;Historia de la Piedra;1188;1385;3,04;0
2bd48996-a59c;Tratado de el Mercurio Rojo;Seraphine Sterling;Alquimia Teórica;2002;577;1,13;2
29793a98-c756;Sombras sobre la Transmutación Infinitas;Seraphine Nightshade;Historia de la Piedra;1214;1241;3,79;45
2dd7a3a4-6f31;El Enigma de el Sol Negro;Balthazar Blackwood;Alquimia Teórica;1512;1305;4,12;47
e97580c0-a65b;Códice de las Almas de Plomo;Balthazar Sterling;Botánica Arcana;1866;1137;2,66;32
7fe3ac14-470e;Sombras sobre las Almas de Plomo;Seraphine Vance;Filosofía Prohibida;1898;1302;1,73;18
546b0def-4d47;Tratado de el Azufre Sagrado;Caspian Crowley;Transmutación Metálica;1872;1202;2,32;43
88994cbb-4f7e;Sombras sobre la Transmutación Infinitas;Aurelius Vance;Botánica Arcana;1842;171;4,45;14
91e3775b-9a98;Tratado de la Transmutación Infinitas;Thalric Sterling;Filosofía Prohibida;1754;451;4,46;28
ddda3bbf-ca87;Espejos de el Mercurio Rojo;Elara Flamel;Transmutación Metálica;1757;1415;3,34;44
37b8ab2a-f390;Sombras sobre las Almas de Plomo;Isolde Flamel;Transmutación Metálica;1421;395;4,07;39
f3b106f8-55b9;La Esencia de el Sol Negro;Morgana Vance;Transmutación Metálica;1408;379;4,04;49
cd9930c1-d23a;El Aliento de las Almas de Plomo;Balthazar Flamel;Botánica Arcana;1265;556;2,62;20
f9a53851-f75c;Tratado de el Azufre Sagrado;Elara Blackwood;Alquimia Teórica;1767;801;3,59;33
e074af5a-4b06;El Enigma de el Sol Negro;Thalric Sterling;Transmutación Metálica;1250;423;2,67;36
84273f0b-c882;Tratado de el Mercurio Rojo;Caspian Blackwood;Filosofía Prohibida;1704;1050;1,25;34
9aeb5187-1b86;Sombras sobre las Almas de Plomo;Caspian Flamel;Alquimia Teórica;1839;630;3,7;45
77d61336-0c35;El Aliento de el Mercurio Rojo;Seraphine Sterling;Transmutación Metálica;1367;172;1,49;29
874d44c2-f331;El Enigma de las Almas de Plomo;Balthazar Nightshade;Alquimia Teórica;1894;1406;1,32;36
ba1c174b-9040;Espejos de las Almas de Plomo;Isolde Nightshade;Alquimia Teórica;1924;1182;2,86;30
0d5b5931-78c9;Tratado de el Azufre Sagrado;Elara Flamel;Transmutación Metálica;1153;364;1,64;6
c140eceb-0807;Sombras sobre la Transmutación Infinitas;Isolde Sterling;Historia de la Piedra;1971;116;4,76;2
ac694807-907f;Sombras sobre el Azufre Sagrado;Morgana Crowley;Filosofía Prohibida;1395;774;1,99;32
2fb1d4ac-32a6;El Enigma de la Quintaesencia;Balthazar Vance;Transmutación Metálica;1992;1231;1,26;18
d7e000c7-6e33;El Aliento de las Almas de Plomo;Caspian Blackwood;Historia de la Piedra;1685;950;2,06;43
441d7f33-0cf7;Códice de la Quintaesencia;Morgana Flamel;Transmutación Metálica;1136;603;4,2;22
a5f5ad2c-ae5f;Sombras sobre el Azufre Sagrado;Thalric Grimoire;Transmutación Metálica;1714;1149;4,22;36
aa1cc218-529a;Tratado de las Almas de Plomo;Thalric Sterling;Alquimia Teórica;1931;318;1,55;44
a6fcdc74-9344;Tratado de el Mercurio Rojo;Aurelius Flamel;Historia de la Piedra;1887;114;2,95;12
0e73eda7-15dc;Espejos de las Almas de Plomo;Thalric Blackwood;Alquimia Teórica;1597;370;4,24;2
6e3038c7-0500;Espejos de el Azufre Sagrado;Elara Nightshade;Filosofía Prohibida;1782;736;1,8;21
f5cf170c-cbbc;Sombras sobre el Azufre Sagrado;Elara Nightshade;Botánica Arcana;1186;474;3,96;7
ea930be4-b90e;Sombras sobre las Almas de Plomo;Seraphine Vance;Transmutación Metálica;1527;679;2,27;14
849e2d07-cfff;Tratado de las Almas de Plomo;Caspian Flamel;Botánica Arcana;1243;733;4,36;11
79dee131-72dc;La Esencia de el Mercurio Rojo;Isolde Vance;Transmutación Metálica;1916;1312;2,29;10
6c4ace4d-3a70;El Aliento de el Mercurio Rojo;Caspian Nightshade;Transmutación Metálica;1739;759;4,69;29
73cf0e88-ae1f;Vórtice de la Quintaesencia;Balthazar Blackwood;Alquimia Teórica;1795;1119;2,74;37
ad539fb8-f6c7;Sombras sobre la Quintaesencia;Thalric Flamel;Botánica Arcana;1919;437;3,93;44
06edda2c-3c97;Códice de la Transmutación Infinitas;Morgana Crowley;Transmutación Metálica;1496;1397;1,58;25
133e1730-0563;Tratado de la Quintaesencia;Elara Vance;Transmutación Metálica;1482;1102;2,32;46
fb05af47-2b20;Vórtice de la Transmutación Infinitas;Morgana Flamel;Transmutación Metálica;1170;1090;4,15;10
8847ac64-64b8;Tratado de el Azufre Sagrado;Isolde Sterling;Filosofía Prohibida;1530;1306;2;31
cd6ee854-0bea;Tratado de el Azufre Sagrado;Thalric Nightshade;Alquimia Teórica;1712;507;2,33;39
18ee6276-52e6;La Esencia de el Azufre Sagrado;Elara Crowley;Filosofía Prohibida;2015;264;1,77;19
d08e0cdf-bcc8;Vórtice de el Mercurio Rojo;Seraphine Grimoire;Botánica Arcana;2006;277;1,33;17
b220f0b1-92d4;El Enigma de las Almas de Plomo;Caspian Flamel;Alquimia Teórica;1801;228;4,28;19
81b2d6c0-2dee;La Esencia de la Transmutación Infinitas;Elara Grimoire;Botánica Arcana;1934;707;3,24;30
0c2b7076-99d1;Códice de la Transmutación Infinitas;Seraphine Grimoire;Historia de la Piedra;1624;83;1,66;8
0f298e25-da83;El Aliento de el Azufre Sagrado;Aurelius Flamel;Historia de la Piedra;1991;358;1,93;0
e2a51965-f06c;Vórtice de el Mercurio Rojo;Aurelius Nightshade;Historia de la Piedra;1772;306;3,11;32
28fe7def-b622;Vórtice de el Sol Negro;Caspian Nightshade;Filosofía Prohibida;1462;1478;1,67;13
e94b533b-e56b;Espejos de las Almas de Plomo;Balthazar Sterling;Historia de la Piedra;1299;229;3,8;9
a94a6223-7882;El Enigma de la Quintaesencia;Morgana Flamel;Historia de la Piedra;1241;1187;4,14;34
3ea35c19-6634;Tratado de las Almas de Plomo;Isolde Grimoire;Botánica Arcana;1599;1148;2,68;27
ca76f7c1-b921;Espejos de el Azufre Sagrado;Isolde Grimoire;Historia de la Piedra;1340;845;3,15;34
7d2e7b19-b90d;El Enigma de las Almas de Plomo;Balthazar Nightshade;Filosofía Prohibida;1949;525;3,66;17
cd29e7da-6a8a;El Aliento de las Almas de Plomo;Caspian Crowley;Alquimia Teórica;1483;413;2,44;18
a1a6b834-99e0;Sombras sobre la Quintaesencia;Elara Flamel;Transmutación Metálica;1793;972;4,81;14
cd2039d8-5537;Sombras sobre la Transmutación Infinitas;Morgana Grimoire;Historia de la Piedra;1318;793;3,2;26
0c6cbf02-076e;El Enigma de la Transmutación Infinitas;Balthazar Vance;Filosofía Prohibida;1555;1012;3,49;5
8f120997-f701;Espejos de el Sol Negro;Caspian Grimoire;Transmutación Metálica;1743;483;4,81;41
e1a7e87a-c46f;Vórtice de la Quintaesencia;Morgana Flamel;Historia de la Piedra;1854;276;3,26;9
2a1f3f50-89a1;Vórtice de la Quintaesencia;Morgana Grimoire;Botánica Arcana;1619;1299;4,47;50
5ccb87a9-3e38;Vórtice de el Azufre Sagrado;Seraphine Sterling;Alquimia Teórica;1819;979;4,97;10
c98783c2-143a;Códice de las Almas de Plomo;Seraphine Crowley;Botánica Arcana;1208;918;2,96;10
4f09a3dd-8b0b;El Enigma de la Quintaesencia;Elara Blackwood;Filosofía Prohibida;1888;567;1,56;20
d81fe2f9-519b;Códice de la Transmutación Infinitas;Elara Vance;Transmutación Metálica;1394;980;1,04;7
e1215be0-876a;El Aliento de el Sol Negro;Balthazar Flamel;Alquimia Teórica;1921;1442;2,63;13
181b17e9-ef45;Códice de la Quintaesencia;Caspian Flamel;Transmutación Metálica;1458;1147;4,17;49
d0a5db9e-c3ee;El Enigma de las Almas de Plomo;Elara Crowley;Alquimia Teórica;1765;308;2,12;2
78ed112a-cd94;Espejos de la Transmutación Infinitas;Isolde Sterling;Botánica Arcana;1674;1243;3,45;47
7fdb7320-6536;El Aliento de las Almas de Plomo;Aurelius Grimoire;Historia de la Piedra;1636;1398;3,08;7
7fae9e2b-73fa;La Esencia de las Almas de Plomo;Balthazar Vance;Historia de la Piedra;1126;512;1,61;49
cc0dff08-2ef4;Sombras sobre el Mercurio Rojo;Thalric Vance;Alquimia Teórica;1193;1456;1,4;9
b741c2d2-1bcd;El Enigma de el Mercurio Rojo;Elara Nightshade;Historia de la Piedra;1910;879;2,92;34
fb190169-20f9;El Aliento de el Azufre Sagrado;Aurelius Sterling;Transmutación Metálica;1636;1436;3,83;6
876e55f2-d0ab;Códice de el Azufre Sagrado;Morgana Grimoire;Alquimia Teórica;1987;971;3,75;7
85da7f17-3682;Códice de el Sol Negro;Elara Vance;Historia de la Piedra;1494;319;2,78;23
cb0f5fe8-812a;Códice de las Almas de Plomo;Elara Grimoire;Transmutación Metálica;1240;658;3,75;24
61e2ecd7-f21e;El Enigma de el Mercurio Rojo;Thalric Grimoire;Alquimia Teórica;1350;1061;4,17;10
367fa0c4-8672;El Enigma de el Azufre Sagrado;Thalric Nightshade;Historia de la Piedra;1237;622;4,48;17
372ee104-4e60;El Aliento de la Transmutación Infinitas;Caspian Crowley;Alquimia Teórica;1822;242;1,94;5
1a4095e2-0a42;Espejos de la Quintaesencia;Aurelius Sterling;Filosofía Prohibida;1331;410;2,38;50
eee8a50b-bdd7;Vórtice de la Transmutación Infinitas;Seraphine Blackwood;Filosofía Prohibida;1180;557;1,08;9
146ad713-2efc;Sombras sobre las Almas de Plomo;Balthazar Grimoire;Alquimia Teórica;1818;1458;1,49;14
118c2747-8854;Códice de la Quintaesencia;Balthazar Nightshade;Alquimia Teórica;2026;640;2,47;16
97ea504c-d379;Vórtice de el Azufre Sagrado;Thalric Sterling;Filosofía Prohibida;1743;1146;3,06;2
d2192c83-ff53;La Esencia de el Mercurio Rojo;Isolde Sterling;Alquimia Teórica;1263;1331;3,44;13
6225e8c2-43e9;La Esencia de el Mercurio Rojo;Aurelius Blackwood;Transmutación Metálica;1868;162;2,33;4
9b3a46e7-e3c8;Vórtice de el Mercurio Rojo;Aurelius Vance;Botánica Arcana;1117;495;3,33;36
a5261d24-c5d9;Espejos de la Quintaesencia;Morgana Vance;Filosofía Prohibida;1457;1057;4,18;48
43117933-4dae;Sombras sobre el Sol Negro;Thalric Flamel;Historia de la Piedra;1947;373;3,21;5
e1a5b968-8b01;El Enigma de el Sol Negro;Elara Grimoire;Filosofía Prohibida;1348;1214;4,17;49
da63a565-2c74;Vórtice de la Quintaesencia;Morgana Grimoire;Alquimia Teórica;1365;301;3,99;41
9867ed69-299e;Espejos de el Sol Negro;Thalric Nightshade;Historia de la Piedra;1908;1367;1,03;2
2b12250c-5163;Sombras sobre la Transmutación Infinitas;Isolde Sterling;Transmutación Metálica;1281;616;3,17;29
1ca84151-2e4a;El Enigma de la Transmutación Infinitas;Seraphine Flamel;Botánica Arcana;1123;179;2,91;31
40c5e94a-0e88;Sombras sobre el Azufre Sagrado;Seraphine Crowley;Historia de la Piedra;1979;1113;2,22;21
3e85e6cc-add1;El Aliento de la Quintaesencia;Caspian Blackwood;Transmutación Metálica;1171;1215;1,15;17
708c9841-e3a3;La Esencia de el Sol Negro;Isolde Blackwood;Botánica Arcana;1491;311;3,21;11
2c2c9bd8-60ee;El Aliento de la Quintaesencia;Elara Sterling;Transmutación Metálica;1990;848;2,73;21
a61d9a74-ab42;Códice de la Transmutación Infinitas;Isolde Vance;Historia de la Piedra;1469;1188;3,76;0
8368e1d3-17a4;Vórtice de la Transmutación Infinitas;Seraphine Grimoire;Filosofía Prohibida;1487;421;3,11;28
17061c30-699e;El Aliento de el Azufre Sagrado;Caspian Blackwood;Botánica Arcana;1758;1177;3,68;9
b08a3da2-4bbb;Códice de las Almas de Plomo;Thalric Flamel;Historia de la Piedra;1708;160;1,71;12
714f0adc-19c6;Códice de el Sol Negro;Elara Blackwood;Botánica Arcana;1882;420;3,56;44
a39dc8cc-6ad2;El Enigma de el Sol Negro;Caspian Blackwood;Transmutación Metálica;1142;1449;4,4;11
31505b2e-c853;Tratado de el Mercurio Rojo;Isolde Crowley;Transmutación Metálica;1776;927;1,68;36
f36a207a-62c8;Espejos de la Transmutación Infinitas;Seraphine Nightshade;Transmutación Metálica;1345;1316;3,94;26
9a3397e9-045a;La Esencia de el Sol Negro;Elara Nightshade;Botánica Arcana;1364;1035;3,34;34
f11d50ea-b861;Tratado de el Mercurio Rojo;Isolde Nightshade;Historia de la Piedra;1644;693;3,88;42
d33e8344-ed68;Sombras sobre el Sol Negro;Caspian Sterling;Transmutación Metálica;1410;1127;3,01;3
bb0e3f86-8edc;El Enigma de la Quintaesencia;Elara Vance;Historia de la Piedra;1170;995;3,93;3
54d3b0f5-2815;El Enigma de el Sol Negro;Morgana Nightshade;Alquimia Teórica;1168;576;1,38;10
ced53b45-7238;Códice de las Almas de Plomo;Aurelius Vance;Alquimia Teórica;1564;1015;2,45;19
c66226a8-091d;Vórtice de las Almas de Plomo;Seraphine Nightshade;Botánica Arcana;1839;917;2,62;12
73fad35b-0b66;El Aliento de la Transmutación Infinitas;Balthazar Blackwood;Botánica Arcana;1675;164;1,31;25
be3aa0e7-153c;Espejos de el Mercurio Rojo;Elara Grimoire;Filosofía Prohibida;1493;753;2,56;6
4d66a156-83aa;Códice de la Transmutación Infinitas;Aurelius Crowley;Alquimia Teórica;1500;1292;2,47;26
22587bd0-c6a7;Códice de la Transmutación Infinitas;Thalric Grimoire;Alquimia Teórica;1501;750;2,21;26
1bfd04a4-9375;El Enigma de la Quintaesencia;Isolde Blackwood;Filosofía Prohibida;1559;1314;2,16;12
d8e0752c-576d;Sombras sobre la Transmutación Infinitas;Balthazar Grimoire;Historia de la Piedra;1206;1479;4,29;15
9153b83d-21c5;Tratado de la Transmutación Infinitas;Balthazar Sterling;Alquimia Teórica;1909;1045;3,81;30
4d1ac47d-ca78;La Esencia de el Sol Negro;Balthazar Flamel;Botánica Arcana;1706;641;4,17;41
50ee8d5d-5172;Vórtice de las Almas de Plomo;Morgana Blackwood;Alquimia Teórica;1124;1303;2,72;12
459dd843-fb77;El Enigma de las Almas de Plomo;Balthazar Crowley;Botánica Arcana;1669;518;4,91;33
10be4dba-fb96;Vórtice de el Mercurio Rojo;Morgana Flamel;Alquimia Teórica;1276;228;2,95;12
3f875cec-22b3;Vórtice de la Quintaesencia;Morgana Grimoire;Filosofía Prohibida;1368;392;4,22;23
f3ddf64d-3e5f;El Enigma de el Mercurio Rojo;Elara Crowley;Historia de la Piedra;1418;1364;1,74;8
c9374c52-34d5;Sombras sobre el Sol Negro;Caspian Vance;Historia de la Piedra;1875;681;4,1;36
9d25e85c-d12e;Sombras sobre el Mercurio Rojo;Thalric Grimoire;Alquimia Teórica;1253;195;4,7;35
f2e7406f-5a79;Tratado de el Azufre Sagrado;Caspian Vance;Historia de la Piedra;1234;962;4,04;9
129cec3c-cae0;Vórtice de el Mercurio Rojo;Balthazar Sterling;Botánica Arcana;1248;613;2,35;38
fcd3212c-eca1;El Aliento de el Sol Negro;Seraphine Sterling;Transmutación Metálica;1131;829;1,97;50
e8b0a754-62e1;El Aliento de el Azufre Sagrado;Isolde Vance;Alquimia Teórica;1285;598;4,55;21
2b37d348-5864;La Esencia de el Mercurio Rojo;Caspian Blackwood;Botánica Arcana;1303;356;3,23;34
08521f06-75e7;Sombras sobre la Transmutación Infinitas;Caspian Flamel;Filosofía Prohibida;1189;123;2,76;27
93e799e3-2231;Códice de el Sol Negro;Aurelius Vance;Filosofía Prohibida;1501;545;3,54;18
d946850e-7286;Sombras sobre el Azufre Sagrado;Thalric Blackwood;Alquimia Teórica;1695;860;1,76;24
abd11768-f20f;Sombras sobre el Mercurio Rojo;Morgana Grimoire;Filosofía Prohibida;1983;508;4,41;42
47598607-ba27;Vórtice de la Quintaesencia;Thalric Crowley;Transmutación Metálica;1960;1421;2,92;36
b0f4bcde-f94f;Tratado de el Sol Negro;Aurelius Nightshade;Filosofía Prohibida;1944;1458;3,83;17
80fb86ee-e7a3;Espejos de el Mercurio Rojo;Aurelius Flamel;Botánica Arcana;1504;1375;2,82;28
4ba177f8-c7d5;El Enigma de el Sol Negro;Thalric Flamel;Historia de la Piedra;1111;994;3,97;25
a6ece884-ef8e;Vórtice de la Transmutación Infinitas;Isolde Grimoire;Transmutación Metálica;1737;1122;4,05;24
0f8e6f57-372f;La Esencia de el Mercurio Rojo;Elara Sterling;Transmutación Metálica;1437;331;4,29;43
5220f052-de80;La Esencia de la Quintaesencia;Caspian Vance;Historia de la Piedra;1992;877;1,42;44
3521c766-de0c;Códice de el Azufre Sagrado;Thalric Crowley;Transmutación Metálica;1615;324;2,33;37
1c2b8ea8-1d2e;La Esencia de la Transmutación Infinitas;Elara Blackwood;Filosofía Prohibida;1234;99;1,34;9
89132559-efb0;La Esencia de las Almas de Plomo;Thalric Blackwood;Historia de la Piedra;1980;436;4,67;11
bf3e3211-e4b5;Códice de el Mercurio Rojo;Seraphine Sterling;Filosofía Prohibida;1293;1457;2,55;45
88fd566a-2698;Vórtice de la Transmutación Infinitas;Caspian Sterling;Botánica Arcana;1787;929;2,56;15
4bac3b2a-5d81;Sombras sobre el Sol Negro;Morgana Blackwood;Alquimia Teórica;2022;1033;3,72;22
8dd0022a-b9cb;Espejos de el Sol Negro;Morgana Crowley;Botánica Arcana;1465;949;1,83;8
b9237fa6-4b1d;El Aliento de la Transmutación Infinitas;Aurelius Nightshade;Alquimia Teórica;1821;1248;3,15;2
d12a86e9-9b58;Códice de el Sol Negro;Isolde Crowley;Filosofía Prohibida;1756;1068;4,87;25
f4cf9a2e-a865;Sombras sobre el Sol Negro;Morgana Sterling;Transmutación Metálica;1704;1222;3,83;18
4863f359-03c4;Tratado de el Mercurio Rojo;Elara Flamel;Filosofía Prohibida;1694;897;2,67;24
a038089e-7070;El Aliento de la Quintaesencia;Balthazar Blackwood;Botánica Arcana;1111;1011;2,69;16
cbfa8c1f-6b02;El Aliento de la Quintaesencia;Thalric Crowley;Botánica Arcana;1998;911;2,9;23
b140ec14-8b39;El Enigma de las Almas de Plomo;Thalric Nightshade;Historia de la Piedra;1367;755;1,87;40
13c379fc-5b93;Códice de el Sol Negro;Thalric Grimoire;Alquimia Teórica;1997;286;3,94;34
5f248b79-2d89;La Esencia de el Azufre Sagrado;Seraphine Nightshade;Alquimia Teórica;1943;605;2,51;5
e9346213-c346;Tratado de la Quintaesencia;Aurelius Vance;Filosofía Prohibida;1958;360;3,23;16
13f60daf-45e6;Sombras sobre la Quintaesencia;Aurelius Nightshade;Botánica Arcana;1332;1463;1,06;38
861fe8c7-06fe;Espejos de el Azufre Sagrado;Aurelius Blackwood;Historia de la Piedra;1340;1015;1,42;15
ec50197c-79e2;Vórtice de el Mercurio Rojo;Seraphine Flamel;Alquimia Teórica;1102;1191;1,88;25
0f28614f-0340;Espejos de las Almas de Plomo;Elara Vance;Filosofía Prohibida;1258;642;3,59;25
e8e7c0ad-e7bf;Códice de el Azufre Sagrado;Elara Nightshade;Botánica Arcana;2011;1118;4,11;48
18487de8-bb65;La Esencia de el Mercurio Rojo;Thalric Sterling;Alquimia Teórica;1538;521;1,96;26
482dc954-00ae;La Esencia de el Azufre Sagrado;Balthazar Flamel;Alquimia Teórica;1509;463;4,73;47
0260ad51-8ad6;La Esencia de las Almas de Plomo;Seraphine Sterling;Historia de la Piedra;1542;989;1,21;15
aeba1df2-0588;Tratado de la Quintaesencia;Elara Flamel;Historia de la Piedra;1697;347;3,75;8
bff94a7a-0f05;El Aliento de el Mercurio Rojo;Caspian Vance;Transmutación Metálica;1291;1024;2,64;43
c0c42483-a2a2;Espejos de el Sol Negro;Thalric Crowley;Historia de la Piedra;1171;1172;3,87;28
7b4e43ad-ce74;Vórtice de la Transmutación Infinitas;Thalric Nightshade;Historia de la Piedra;1540;971;1,68;2
c278298d-2341;Espejos de la Transmutación Infinitas;Elara Grimoire;Transmutación Metálica;1577;1369;2,76;28
b11dfdab-02a3;El Enigma de el Mercurio Rojo;Thalric Flamel;Alquimia Teórica;1391;1434;4,08;27
db10ca51-929b;Códice de la Transmutación Infinitas;Balthazar Sterling;Botánica Arcana;1847;474;4,83;3
6b90ac80-ea08;La Esencia de la Transmutación Infinitas;Caspian Vance;Alquimia Teórica;1613;837;4,19;3
62a519c2-82cd;El Enigma de las Almas de Plomo;Thalric Flamel;Botánica Arcana;1353;1166;3,09;49
2531a351-d26d;El Enigma de las Almas de Plomo;Balthazar Flamel;Transmutación Metálica;1392;564;4,05;24
a276fdc0-e51a;El Enigma de la Transmutación Infinitas;Caspian Flamel;Filosofía Prohibida;1172;1014;3;26
5c607ce0-f8c8;El Enigma de el Azufre Sagrado;Caspian Crowley;Filosofía Prohibida;1215;303;3,82;36
ccdb29ac-5c05;El Enigma de el Sol Negro;Seraphine Crowley;Botánica Arcana;1907;1162;1,26;29
8d6f8442-ed83;Espejos de la Quintaesencia;Morgana Flamel;Filosofía Prohibida;1134;217;4,24;46
badd31b7-dda9;El Enigma de las Almas de Plomo;Thalric Vance;Alquimia Teórica;1969;1235;4,12;23
da729fa0-aa24;Espejos de las Almas de Plomo;Elara Sterling;Botánica Arcana;1568;1034;1,82;1
6b582613-24cc;Sombras sobre el Sol Negro;Balthazar Grimoire;Transmutación Metálica;1825;131;1,17;1
a5d12489-8f4f;Espejos de las Almas de Plomo;Thalric Vance;Filosofía Prohibida;1974;1348;1,22;12
e287fa6a-99b1;Tratado de la Quintaesencia;Thalric Flamel;Transmutación Metálica;1118;1324;1,23;1
ea68c6e8-0faf;Sombras sobre el Azufre Sagrado;Morgana Crowley;Botánica Arcana;1844;482;1,93;22
0c2bf75b-40ab;La Esencia de el Sol Negro;Caspian Sterling;Filosofía Prohibida;1523;610;2,99;12
a1d353e1-7ee7;La Esencia de las Almas de Plomo;Aurelius Crowley;Filosofía Prohibida;1194;302;1,17;22
03666985-23d1;Tratado de el Mercurio Rojo;Caspian Flamel;Botánica Arcana;1610;1315;1,3;38
e7c6ba4c-5f08;El Enigma de las Almas de Plomo;Caspian Vance;Historia de la Piedra;1424;556;3,13;22
466661f8-300f;El Enigma de la Transmutación Infinitas;Morgana Nightshade;Botánica Arcana;1717;1342;3,84;15
8c48602f-7916;Vórtice de la Transmutación Infinitas;Seraphine Crowley;Transmutación Metálica;1899;618;1,79;32
49c6bbfe-df3e;Vórtice de el Mercurio Rojo;Aurelius Grimoire;Transmutación Metálica;1392;210;2,69;32
4590bcde-89b7;Sombras sobre las Almas de Plomo;Aurelius Flamel;Alquimia Teórica;1994;415;1,03;48
89d39c41-4ad2;Vórtice de las Almas de Plomo;Balthazar Vance;Filosofía Prohibida;1883;1454;2,09;23
4bc31f32-ce0d;Sombras sobre la Transmutación Infinitas;Morgana Crowley;Filosofía Prohibida;1712;178;1,75;32
ac44d7d8-b47a;Vórtice de el Mercurio Rojo;Elara Sterling;Botánica Arcana;1304;883;1,7;20
560a085f-ceac;La Esencia de el Mercurio Rojo;Isolde Crowley;Alquimia Teórica;1298;192;2,22;20
17d5c099-8af6;Sombras sobre las Almas de Plomo;Elara Crowley;Filosofía Prohibida;2016;108;3,07;40
68568b79-cdcb;Vórtice de la Quintaesencia;Elara Flamel;Filosofía Prohibida;1970;264;3,39;49
814fe78b-5d85;Sombras sobre la Quintaesencia;Thalric Crowley;Transmutación Metálica;1274;1406;3,66;47
7ab5ca61-8b61;Espejos de el Mercurio Rojo;Morgana Vance;Botánica Arcana;1780;181;2,42;37
8e8d97fa-793f;Sombras sobre las Almas de Plomo;Caspian Sterling;Filosofía Prohibida;1413;974;4,82;43
ec731760-5428;Sombras sobre la Quintaesencia;Isolde Crowley;Botánica Arcana;1417;1170;2,25;14
32f0f106-15d6;Sombras sobre la Transmutación Infinitas;Seraphine Blackwood;Filosofía Prohibida;1853;1042;3,35;15
dbd6c060-9795;Sombras sobre la Quintaesencia;Isolde Nightshade;Alquimia Teórica;1487;215;3,39;43
41f6ff10-9b29;Vórtice de el Azufre Sagrado;Caspian Grimoire;Botánica Arcana;1669;583;4,39;44
f4795d36-775b;El Aliento de la Transmutación Infinitas;Isolde Grimoire;Transmutación Metálica;1319;120;1,7;50
2302cf8a-9e78;La Esencia de el Mercurio Rojo;Morgana Vance;Botánica Arcana;1307;103;3,29;14
e24d4d8f-e51b;El Enigma de la Quintaesencia;Caspian Flamel;Alquimia Teórica;1828;999;4,49;45
25114bc3-e32a;Espejos de la Transmutación Infinitas;Aurelius Sterling;Alquimia Teórica;1134;889;3,06;2
92b90417-7865;La Esencia de el Azufre Sagrado;Elara Grimoire;Filosofía Prohibida;1226;1102;3,68;19
0e3fcd2e-47bd;El Aliento de el Azufre Sagrado;Caspian Flamel;Botánica Arcana;1627;183;4,8;23
de008170-68f1;Tratado de el Sol Negro;Caspian Grimoire;Historia de la Piedra;1358;1349;4,81;25
6fe9253b-3981;La Esencia de el Azufre Sagrado;Elara Crowley;Alquimia Teórica;1924;1393;2,52;32
d55af2eb-a0aa;Espejos de las Almas de Plomo;Caspian Sterling;Botánica Arcana;1200;771;3,36;33
991109e2-d950;Tratado de el Azufre Sagrado;Elara Crowley;Alquimia Teórica;1367;1231;1,82;25
1b3c83d3-4c30;El Enigma de el Mercurio Rojo;Aurelius Crowley;Alquimia Teórica;1928;1380;2,89;30
9298963e-a2fd;Tratado de el Mercurio Rojo;Isolde Blackwood;Transmutación Metálica;1540;1192;3,7;29
757c0938-04dd;La Esencia de la Transmutación Infinitas;Morgana Nightshade;Filosofía Prohibida;1358;1127;3,79;50
8c35c6aa-afd0;El Enigma de el Mercurio Rojo;Morgana Grimoire;Transmutación Metálica;1676;1023;1,74;48
687afca1-8b77;El Enigma de el Sol Negro;Aurelius Blackwood;Historia de la Piedra;1845;750;4,25;17
25ab3a57-d47f;Vórtice de la Transmutación Infinitas;Thalric Nightshade;Filosofía Prohibida;1866;245;4,29;43
79ce1052-587c;Vórtice de el Azufre Sagrado;Thalric Sterling;Filosofía Prohibida;1360;743;2,98;13
21f5284d-9be9;El Enigma de la Transmutación Infinitas;Thalric Nightshade;Filosofía Prohibida;1221;522;2,53;14
f869ef90-9b56;Vórtice de el Azufre Sagrado;Seraphine Blackwood;Filosofía Prohibida;1845;1137;2,75;45
2d1f07e0-20e6;Tratado de las Almas de Plomo;Thalric Blackwood;Alquimia Teórica;1260;1409;2,84;2
40239499-f1ce;Códice de las Almas de Plomo;Isolde Nightshade;Historia de la Piedra;1220;1160;3,29;10
1ee0fc62-14b7;La Esencia de el Sol Negro;Balthazar Sterling;Filosofía Prohibida;1128;854;2,02;2
0ce04289-63ff;Sombras sobre el Sol Negro;Isolde Flamel;Transmutación Metálica;1884;481;2,62;6
e83f93bc-0836;Espejos de la Transmutación Infinitas;Elara Nightshade;Botánica Arcana;1241;245;3,61;20
eca18c1a-3e0b;Vórtice de el Azufre Sagrado;Balthazar Grimoire;Filosofía Prohibida;1520;1166;1,55;48
9c4b02eb-cb49;Vórtice de la Quintaesencia;Morgana Vance;Botánica Arcana;1158;767;5;32
82686cd4-fff6;Espejos de la Quintaesencia;Thalric Blackwood;Filosofía Prohibida;1144;1457;1,45;34
d06599f8-3716;Vórtice de el Sol Negro;Elara Nightshade;Filosofía Prohibida;1790;1304;2,09;24
ff4c48fc-90bd;La Esencia de el Mercurio Rojo;Isolde Flamel;Alquimia Teórica;1310;258;1,32;20
6b6b6a27-5f00;Espejos de la Quintaesencia;Caspian Nightshade;Alquimia Teórica;1771;742;1,18;3
c12f33b6-cd94;El Aliento de la Transmutación Infinitas;Aurelius Flamel;Alquimia Teórica;1839;968;1,93;11
32353675-fb3a;Códice de la Transmutación Infinitas;Caspian Crowley;Alquimia Teórica;1252;1385;4,28;12
25dcad10-6b9f;Tratado de el Mercurio Rojo;Isolde Blackwood;Transmutación Metálica;1158;1061;1,45;5
59182da3-4964;Espejos de el Sol Negro;Aurelius Flamel;Alquimia Teórica;1544;1115;1,61;44
467578b4-37d9;Códice de las Almas de Plomo;Aurelius Crowley;Botánica Arcana;1598;969;2,46;28
e31a906d-97fd;Espejos de las Almas de Plomo;Morgana Crowley;Transmutación Metálica;1602;874;2,89;48
ad03b60a-f346;Vórtice de el Azufre Sagrado;Caspian Crowley;Alquimia Teórica;1344;617;1,87;21
be56f4e6-2692;La Esencia de las Almas de Plomo;Morgana Grimoire;Alquimia Teórica;1446;595;4,06;43
650d6522-aa4f;La Esencia de la Quintaesencia;Seraphine Nightshade;Alquimia Teórica;1959;324;4,84;4
e57b0e8b-39be;Códice de el Azufre Sagrado;Thalric Crowley;Filosofía Prohibida;1915;1457;4,84;36
28d1bdcb-4a3a;La Esencia de el Azufre Sagrado;Elara Grimoire;Historia de la Piedra;1982;940;3,34;33
2c63f7e6-8449;Tratado de la Quintaesencia;Thalric Sterling;Filosofía Prohibida;1902;244;1,95;49
8caf10e8-f1bb;El Enigma de el Azufre Sagrado;Morgana Flamel;Alquimia Teórica;1718;172;3,49;14
f058d5a2-1e27;La Esencia de el Mercurio Rojo;Seraphine Blackwood;Botánica Arcana;2012;1144;4,67;25
6f08bc50-9018;Códice de el Mercurio Rojo;Aurelius Flamel;Alquimia Teórica;1938;355;1;12
fa9651d5-bc46;Vórtice de el Sol Negro;Morgana Flamel;Historia de la Piedra;1740;1305;1,49;10
047c0c7f-e2d7;Sombras sobre la Transmutación Infinitas;Thalric Flamel;Botánica Arcana;1836;602;4,68;19
167cf356-3cea;La Esencia de el Sol Negro;Isolde Sterling;Transmutación Metálica;1905;151;3,19;29
3c8bcc4c-5e15;Tratado de el Mercurio Rojo;Balthazar Grimoire;Transmutación Metálica;1164;613;4;39
139e4a42-c4e6;Códice de las Almas de Plomo;Thalric Nightshade;Botánica Arcana;1116;522;3;33
f5639d6f-9892;La Esencia de la Transmutación Infinitas;Seraphine Vance;Transmutación Metálica;1758;991;2,22;18
c2b7fe3b-bb9f;Espejos de el Mercurio Rojo;Seraphine Flamel;Botánica Arcana;1954;116;2,09;27
ac5d5b2b-e812;Sombras sobre la Transmutación Infinitas;Seraphine Grimoire;Alquimia Teórica;1241;365;4,15;44
69b181b5-c15d;Sombras sobre el Azufre Sagrado;Thalric Sterling;Filosofía Prohibida;1490;766;3,58;8
384b1db3-2386;Vórtice de el Sol Negro;Caspian Nightshade;Alquimia Teórica;1951;1020;1,08;30
577ab600-1937;Espejos de las Almas de Plomo;Thalric Grimoire;Alquimia Teórica;1521;648;3,64;1
9554b558-900c;Vórtice de las Almas de Plomo;Balthazar Vance;Filosofía Prohibida;1738;831;3,53;5
9fb31339-eacb;Tratado de el Mercurio Rojo;Isolde Sterling;Botánica Arcana;1940;309;3,92;34
343852e1-2431;El Aliento de la Transmutación Infinitas;Thalric Nightshade;Transmutación Metálica;1792;314;2,12;34
aac71975-cba7;El Aliento de las Almas de Plomo;Morgana Nightshade;Alquimia Teórica;2023;1478;3,66;22
e3200e9d-b47d;Sombras sobre el Mercurio Rojo;Aurelius Sterling;Botánica Arcana;1992;1268;1,23;38
91dd2275-98b4;Vórtice de la Quintaesencia;Seraphine Crowley;Transmutación Metálica;1771;330;1,64;48
6f443258-b1c2;La Esencia de las Almas de Plomo;Seraphine Sterling;Transmutación Metálica;1833;231;2,85;34
9fb25eb4-eb9c;El Aliento de la Transmutación Infinitas;Thalric Sterling;Transmutación Metálica;2004;1299;3,95;27
0bc04297-44ec;La Esencia de la Quintaesencia;Isolde Blackwood;Historia de la Piedra;2011;959;2,96;42
c0430ea4-fab6;El Aliento de el Sol Negro;Balthazar Sterling;Historia de la Piedra;1685;844;3,19;17
683c0cd2-a304;La Esencia de el Sol Negro;Aurelius Sterling;Historia de la Piedra;1544;1182;2,49;12
f48d71ec-f53e;Vórtice de la Transmutación Infinitas;Isolde Crowley;Alquimia Teórica;1167;561;4,85;45
d1d0a5be-c1c5;Códice de el Azufre Sagrado;Thalric Sterling;Historia de la Piedra;1347;92;3,56;1
a625668c-92d1;Vórtice de el Mercurio Rojo;Caspian Crowley;Alquimia Teórica;1207;231;4,47;37
88ba4262-6083;Códice de el Mercurio Rojo;Isolde Blackwood;Botánica Arcana;1222;391;1,2;33
1fc7f0d0-650e;El Enigma de la Quintaesencia;Elara Sterling;Botánica Arcana;1865;918;3,82;4
a83aff43-aed3;Espejos de las Almas de Plomo;Aurelius Grimoire;Historia de la Piedra;1335;1363;3,78;37
d5cf8c06-7246;Tratado de las Almas de Plomo;Elara Sterling;Botánica Arcana;1614;97;2,4;39
a3e7346e-6542;La Esencia de el Sol Negro;Elara Flamel;Botánica Arcana;1660;1411;2,32;40
37eb19d1-3f0e;El Aliento de el Sol Negro;Morgana Sterling;Historia de la Piedra;1596;1130;3,53;21
3dc771e9-1200;Espejos de el Sol Negro;Thalric Sterling;Botánica Arcana;1550;548;2,96;42
084e8576-35ab;El Enigma de la Transmutación Infinitas;Balthazar Nightshade;Alquimia Teórica;1255;142;4,64;14
9737de6a-dff9;Códice de el Mercurio Rojo;Elara Vance;Historia de la Piedra;1939;676;1,28;31
40bb8e89-c343;El Enigma de las Almas de Plomo;Aurelius Sterling;Filosofía Prohibida;1148;1049;3,15;33
c38f7f32-4d43;El Aliento de el Sol Negro;Aurelius Vance;Alquimia Teórica;1761;527;4,65;4
d7fe2359-579a;Vórtice de el Mercurio Rojo;Isolde Nightshade;Filosofía Prohibida;1698;1422;2,6;11
a31ea37d-df8c;Sombras sobre la Transmutación Infinitas;Seraphine Nightshade;Filosofía Prohibida;1395;172;3,31;48
568f7ea0-2d89;El Enigma de el Mercurio Rojo;Aurelius Sterling;Alquimia Teórica;1541;1075;4,95;3
4af194cc-063d;El Enigma de las Almas de Plomo;Thalric Grimoire;Transmutación Metálica;1832;419;3,66;34
f2c02f07-576e;Espejos de la Quintaesencia;Balthazar Vance;Botánica Arcana;2026;693;4,65;37
cba2d5d2-a960;El Aliento de el Sol Negro;Aurelius Sterling;Alquimia Teórica;1391;1308;1,17;27
da91788b-dc4a;El Enigma de las Almas de Plomo;Isolde Grimoire;Transmutación Metálica;1490;1050;1,47;25
43440567-8a5f;Tratado de el Azufre Sagrado;Aurelius Blackwood;Alquimia Teórica;1978;204;4,15;17
d6a2307c-cb9a;Sombras sobre el Sol Negro;Isolde Grimoire;Transmutación Metálica;1421;776;2,43;3
59817408-3052;Códice de la Quintaesencia;Aurelius Blackwood;Filosofía Prohibida;1287;171;1,52;38
a03f56fd-dc0a;Vórtice de la Transmutación Infinitas;Elara Blackwood;Botánica Arcana;1842;328;3,53;41
6eaae536-5852;Sombras sobre la Transmutación Infinitas;Morgana Grimoire;Botánica Arcana;1787;1092;2,15;47
0bfeb4a5-613f;Espejos de el Mercurio Rojo;Elara Flamel;Alquimia Teórica;1967;889;1,89;10
aa10531c-cdaf;Códice de el Azufre Sagrado;Elara Blackwood;Alquimia Teórica;1383;1020;1,37;8
50044467-ae77;Vórtice de el Sol Negro;Isolde Grimoire;Botánica Arcana;1683;509;3,08;27
a66c1685-c51c;Espejos de la Transmutación Infinitas;Caspian Flamel;Filosofía Prohibida;1824;374;4,92;4
b92804cf-32b4;Sombras sobre el Mercurio Rojo;Seraphine Vance;Filosofía Prohibida;1679;448;2,07;23
995b42c7-259a;Códice de el Mercurio Rojo;Seraphine Crowley;Alquimia Teórica;1284;460;3,62;21
5875e7a0-d051;Códice de el Mercurio Rojo;Seraphine Grimoire;Transmutación Metálica;1458;338;1,79;16
2e920d10-75e1;Vórtice de el Azufre Sagrado;Balthazar Blackwood;Historia de la Piedra;1875;554;2,02;27
b2bcba10-f193;El Enigma de el Sol Negro;Balthazar Vance;Filosofía Prohibida;1173;877;4,37;37
25021536-4334;El Enigma de la Transmutación Infinitas;Seraphine Grimoire;Alquimia Teórica;1905;251;3,42;30
21a591a2-82f7;Códice de el Azufre Sagrado;Seraphine Grimoire;Filosofía Prohibida;1413;773;3,09;43
4896e375-3a01;El Aliento de la Quintaesencia;Thalric Vance;Transmutación Metálica;1733;857;2,85;41
0cc322a6-60a5;Vórtice de el Mercurio Rojo;Thalric Crowley;Transmutación Metálica;1489;883;3,89;40
7b74ff91-8d2d;El Enigma de el Mercurio Rojo;Aurelius Flamel;Botánica Arcana;1932;434;3,33;30
e67f652a-58b3;Sombras sobre el Mercurio Rojo;Aurelius Blackwood;Botánica Arcana;1462;1279;3,7;34
6b57bd18-1908;Sombras sobre la Transmutación Infinitas;Thalric Crowley;Transmutación Metálica;1421;1231;2,03;35
559a0ae8-dfc1;Códice de la Transmutación Infinitas;Isolde Nightshade;Botánica Arcana;1957;1432;3,39;38
bb38c7e7-f688;El Enigma de el Mercurio Rojo;Balthazar Flamel;Botánica Arcana;1976;913;1,57;1
69864f2a-e8b1;Espejos de las Almas de Plomo;Morgana Vance;Transmutación Metálica;1448;654;1,71;12
9ff47e23-4a78;Códice de el Azufre Sagrado;Seraphine Nightshade;Alquimia Teórica;1816;979;2,12;25
89996eb4-a07a;Espejos de la Quintaesencia;Balthazar Nightshade;Historia de la Piedra;1679;942;4,44;46
b1e1251e-3f0d;Vórtice de el Mercurio Rojo;Elara Sterling;Alquimia Teórica;1468;104;4,21;0
37847dbb-5007;Sombras sobre el Sol Negro;Caspian Sterling;Alquimia Teórica;1370;1170;2,99;32
48da5717-62e7;Espejos de el Sol Negro;Caspian Nightshade;Botánica Arcana;1220;1050;1,13;2
ed0a9476-f8d2;Códice de el Sol Negro;Isolde Crowley;Transmutación Metálica;1899;1293;1,33;19
fa65c031-606c;Sombras sobre la Transmutación Infinitas;Balthazar Flamel;Alquimia Teórica;1939;325;2,64;40
7d0e3c4d-efa0;El Enigma de las Almas de Plomo;Elara Vance;Alquimia Teórica;1941;396;2,29;42
b3a0c853-602f;El Aliento de las Almas de Plomo;Caspian Grimoire;Historia de la Piedra;1366;759;3,97;13
bce453e1-bb66;El Enigma de el Sol Negro;Elara Flamel;Filosofía Prohibida;1418;1165;4,59;12
9cb6b14e-ffb1;Códice de las Almas de Plomo;Morgana Nightshade;Filosofía Prohibida;1563;1371;4,14;26
08ad9f67-a968;Espejos de el Mercurio Rojo;Isolde Flamel;Filosofía Prohibida;1887;471;1,6;27
dc99a452-fe04;Tratado de el Mercurio Rojo;Caspian Flamel;Filosofía Prohibida;1133;421;2,6;30
c9b3a28c-0348;Tratado de el Sol Negro;Seraphine Vance;Alquimia Teórica;1831;344;3,68;30
42fb8e07-f63d;Vórtice de la Transmutación Infinitas;Balthazar Flamel;Historia de la Piedra;1507;548;4;35
44fed577-dc59;El Aliento de el Sol Negro;Elara Grimoire;Filosofía Prohibida;1696;986;2,06;37
88522d20-b8aa;Tratado de el Sol Negro;Balthazar Flamel;Transmutación Metálica;1896;823;2,73;0
43f423d2-0ec3;Vórtice de la Quintaesencia;Isolde Crowley;Filosofía Prohibida;1752;1022;2,48;46
ce17b667-1f04;La Esencia de el Azufre Sagrado;Aurelius Blackwood;Historia de la Piedra;1421;312;2,82;29
38cb6966-fedd;Vórtice de el Mercurio Rojo;Seraphine Nightshade;Filosofía Prohibida;1912;1047;1,57;48
0399e095-16fb;Vórtice de las Almas de Plomo;Aurelius Grimoire;Botánica Arcana;1639;1331;1,66;4
ff324483-5a0d;Tratado de la Transmutación Infinitas;Isolde Vance;Historia de la Piedra;1297;1043;3,67;41
a5e0e124-3c81;Espejos de el Azufre Sagrado;Morgana Grimoire;Historia de la Piedra;1883;493;2,49;2
e81fc877-298a;Sombras sobre las Almas de Plomo;Balthazar Flamel;Botánica Arcana;1440;584;4,23;23
c4d7c4a3-cd7c;El Aliento de las Almas de Plomo;Isolde Crowley;Transmutación Metálica;1520;146;3,7;35
d38dfa92-355e;Códice de las Almas de Plomo;Balthazar Grimoire;Filosofía Prohibida;1982;1450;3,56;39
d2ce0b36-8112;Vórtice de las Almas de Plomo;Caspian Grimoire;Botánica Arcana;1153;864;4,76;2
6d4d12be-d1f6;Códice de el Mercurio Rojo;Morgana Vance;Historia de la Piedra;1131;829;1,22;24
57a0300e-4dea;El Enigma de las Almas de Plomo;Caspian Flamel;Historia de la Piedra;1767;928;2,48;10
af50843c-7262;Tratado de el Mercurio Rojo;Aurelius Blackwood;Alquimia Teórica;1589;250;1,63;10
0bca0e4e-90d5;Tratado de las Almas de Plomo;Isolde Flamel;Filosofía Prohibida;1195;997;2,23;5
b500747f-3853;La Esencia de la Transmutación Infinitas;Seraphine Sterling;Alquimia Teórica;1531;483;2,42;10
03a69d2a-9527;La Esencia de las Almas de Plomo;Thalric Nightshade;Filosofía Prohibida;1837;264;2,31;15
c3be73c2-238f;Vórtice de las Almas de Plomo;Morgana Vance;Botánica Arcana;1354;561;3,51;13
81fe66ed-af9c;El Aliento de el Mercurio Rojo;Morgana Sterling;Filosofía Prohibida;1493;1155;3,2;17
3dc13fcb-53a1;Vórtice de la Quintaesencia;Caspian Vance;Botánica Arcana;1447;1407;4,44;35
9d6945c8-0d49;El Aliento de las Almas de Plomo;Seraphine Sterling;Alquimia Teórica;1263;1354;3,82;3
43b5ee45-ac2a;Espejos de el Azufre Sagrado;Isolde Vance;Filosofía Prohibida;1150;1146;1,57;21
ec0cdeed-2753;La Esencia de la Transmutación Infinitas;Morgana Sterling;Historia de la Piedra;1392;424;1,2;48
38c598fc-66e7;La Esencia de la Quintaesencia;Elara Flamel;Filosofía Prohibida;1310;1246;1,01;18
7fe8b9c8-1451;Códice de la Quintaesencia;Elara Flamel;Botánica Arcana;1157;859;4,29;2
d1235801-ad31;El Enigma de el Azufre Sagrado;Morgana Sterling;Transmutación Metálica;1336;1439;2,15;40
a27c8ea2-b040;Tratado de la Transmutación Infinitas;Morgana Sterling;Botánica Arcana;1160;1051;3,57;27
03b1b36f-ec39;Códice de el Sol Negro;Morgana Grimoire;Filosofía Prohibida;1275;530;3,14;42
93580021-508d;Sombras sobre el Sol Negro;Thalric Grimoire;Transmutación Metálica;1189;281;4,39;45
bde3ecc5-b725;El Enigma de la Quintaesencia;Thalric Nightshade;Transmutación Metálica;1104;626;1,47;7
e7bc3970-a925;Vórtice de el Azufre Sagrado;Thalric Grimoire;Transmutación Metálica;1770;1103;2,38;30
75d7daad-dfde;Códice de las Almas de Plomo;Caspian Grimoire;Botánica Arcana;1313;471;3,38;11
f76b034b-d846;El Aliento de la Transmutación Infinitas;Caspian Flamel;Botánica Arcana;1896;1376;1,27;39
e79e591e-ff90;Tratado de las Almas de Plomo;Morgana Vance;Botánica Arcana;1614;189;4,17;31
d5ce2283-a266;La Esencia de la Transmutación Infinitas;Elara Flamel;Filosofía Prohibida;1216;1141;2,66;40
aebdcb37-6bbf;Sombras sobre el Mercurio Rojo;Morgana Blackwood;Historia de la Piedra;1578;443;2,97;15
70692949-8315;Espejos de las Almas de Plomo;Seraphine Nightshade;Transmutación Metálica;1245;1437;2,1;44
bd361a7c-bfbc;La Esencia de la Transmutación Infinitas;Morgana Flamel;Transmutación Metálica;1199;361;1,44;42
f08b2fef-f3b3;El Enigma de el Mercurio Rojo;Thalric Grimoire;Botánica Arcana;1997;1232;1,16;11
6c64c22b-94d4;Vórtice de el Azufre Sagrado;Balthazar Blackwood;Filosofía Prohibida;1880;765;1,12;18
aa5de32b-df68;El Aliento de el Mercurio Rojo;Caspian Crowley;Historia de la Piedra;1505;766;4,26;49
a26cecfe-3bc3;Tratado de el Sol Negro;Seraphine Nightshade;Alquimia Teórica;1386;1032;1,42;28
c41b13ee-453b;Espejos de el Sol Negro;Seraphine Sterling;Transmutación Metálica;1289;1281;1,32;40
1c91f2f7-6499;La Esencia de la Transmutación Infinitas;Thalric Blackwood;Alquimia Teórica;1212;1263;4,39;42
14d42023-4a28;El Aliento de el Mercurio Rojo;Isolde Grimoire;Transmutación Metálica;1505;244;3,18;21
579c4c1f-74af;El Aliento de el Sol Negro;Seraphine Vance;Botánica Arcana;1414;1486;1,33;20
254746c4-b1e7;El Aliento de las Almas de Plomo;Caspian Nightshade;Transmutación Metálica;1822;964;3,67;36
5db94709-fe57;La Esencia de la Quintaesencia;Aurelius Grimoire;Transmutación Metálica;1992;668;1,72;14
202442b0-6dbb;Vórtice de la Transmutación Infinitas;Caspian Sterling;Historia de la Piedra;1398;778;3,34;38
968f5615-44ff;La Esencia de el Mercurio Rojo;Balthazar Vance;Filosofía Prohibida;1798;233;4,43;10
7a997a30-a4b7;La Esencia de la Quintaesencia;Seraphine Nightshade;Botánica Arcana;1716;814;1,66;41
db66cd2e-a2a3;Espejos de el Mercurio Rojo;Elara Grimoire;Historia de la Piedra;1763;890;2,74;44
d8dd50a5-0b4c;Sombras sobre el Mercurio Rojo;Seraphine Vance;Historia de la Piedra;1435;344;2,15;45
c1bd386d-0adf;Sombras sobre el Sol Negro;Seraphine Crowley;Alquimia Teórica;1535;235;4,39;24
f79b41b1-00e3;Espejos de las Almas de Plomo;Isolde Grimoire;Historia de la Piedra;1606;647;2,91;37
1f07d4cf-af04;Códice de el Azufre Sagrado;Thalric Grimoire;Botánica Arcana;1558;431;2,01;28
1ff1ad3f-b847;Sombras sobre la Quintaesencia;Caspian Grimoire;Historia de la Piedra;1347;377;1,27;2
86d3dbd8-fa60;Espejos de la Transmutación Infinitas;Seraphine Blackwood;Alquimia Teórica;1193;272;2,41;20
aac3bff8-e85e;Códice de el Azufre Sagrado;Elara Vance;Filosofía Prohibida;1185;1084;4,18;23
1f1255d1-fd4d;Sombras sobre el Sol Negro;Aurelius Grimoire;Transmutación Metálica;1647;322;2,02;4
b9cfa92d-15c0;Códice de el Sol Negro;Isolde Crowley;Alquimia Teórica;1200;372;1,54;29
eb21aeb2-6e3e;Códice de la Transmutación Infinitas;Isolde Nightshade;Filosofía Prohibida;1580;1325;1,46;8
9cdb6962-5f2c;Vórtice de el Mercurio Rojo;Seraphine Crowley;Filosofía Prohibida;1883;1078;1,94;31
9b25422a-8719;La Esencia de las Almas de Plomo;Seraphine Blackwood;Historia de la Piedra;1185;608;3,26;26
1593550f-3997;El Aliento de la Quintaesencia;Balthazar Flamel;Filosofía Prohibida;1437;96;2,46;20
17068706-1086;Códice de el Sol Negro;Thalric Vance;Botánica Arcana;1279;523;1,4;16
dcb90962-8e27;Sombras sobre la Transmutación Infinitas;Aurelius Grimoire;Historia de la Piedra;1593;655;2,23;19
a504838b-3465;Sombras sobre la Transmutación Infinitas;Seraphine Grimoire;Alquimia Teórica;1662;701;3,57;9
9caff17c-7ed3;La Esencia de la Transmutación Infinitas;Thalric Sterling;Botánica Arcana;1943;114;2,29;10
301e2436-1438;El Enigma de las Almas de Plomo;Isolde Sterling;Historia de la Piedra;1859;123;4,54;16
e46e06e6-a660;El Enigma de la Quintaesencia;Morgana Crowley;Botánica Arcana;1321;1015;1,69;10
360ad3f3-5f73;La Esencia de el Azufre Sagrado;Seraphine Sterling;Historia de la Piedra;1418;1412;3,16;44
70534991-d157;El Aliento de la Quintaesencia;Aurelius Crowley;Historia de la Piedra;1604;129;1,02;36
39c4631d-bf06;Códice de las Almas de Plomo;Aurelius Flamel;Historia de la Piedra;1509;1265;2,18;3
fa0f4d72-9004;El Enigma de la Transmutación Infinitas;Balthazar Crowley;Botánica Arcana;1544;255;4,85;0
3fa56306-0898;Vórtice de el Mercurio Rojo;Elara Vance;Alquimia Teórica;1355;1473;3,42;43
0db68cf8-9670;El Aliento de el Sol Negro;Morgana Nightshade;Transmutación Metálica;1977;982;3,34;18
74fc4590-f491;La Esencia de el Azufre Sagrado;Aurelius Flamel;Filosofía Prohibida;1277;694;3,43;24
5ff41b18-8eb8;El Aliento de el Azufre Sagrado;Seraphine Blackwood;Filosofía Prohibida;1916;164;1,29;50
f4aae9da-f09f;Tratado de las Almas de Plomo;Aurelius Crowley;Alquimia Teórica;1898;121;1,67;24
b0de240b-8960;El Enigma de la Quintaesencia;Thalric Grimoire;Alquimia Teórica;1313;1267;4,1;19
d53a4e51-3901;Sombras sobre el Sol Negro;Isolde Grimoire;Filosofía Prohibida;1880;891;1,05;0
5833bb8f-9e3c;Sombras sobre la Transmutación Infinitas;Elara Sterling;Botánica Arcana;1291;112;1,75;49
b83f8db5-e979;La Esencia de el Azufre Sagrado;Balthazar Sterling;Filosofía Prohibida;1848;857;2,61;2
b2338ae3-e63e;Sombras sobre el Sol Negro;Isolde Vance;Botánica Arcana;1676;667;4,27;48
4dceb321-5af0;El Enigma de las Almas de Plomo;Thalric Flamel;Historia de la Piedra;1202;1124;3,56;15
78707665-6551;Sombras sobre el Mercurio Rojo;Caspian Grimoire;Historia de la Piedra;1264;1488;4,4;46
e7ee0af2-a1f6;Espejos de el Azufre Sagrado;Seraphine Blackwood;Alquimia Teórica;1902;749;2,15;0
eaee78a4-9e7a;Vórtice de el Azufre Sagrado;Caspian Vance;Alquimia Teórica;1347;1093;4,82;15
c60be10e-9339;La Esencia de el Azufre Sagrado;Morgana Crowley;Alquimia Teórica;1241;1229;3,78;46
819b48e7-5bb3;Códice de el Azufre Sagrado;Seraphine Nightshade;Alquimia Teórica;1895;1007;4,51;30
9e0f5c7b-9adc;Sombras sobre el Sol Negro;Thalric Flamel;Botánica Arcana;1449;654;1,32;43
cc32ad05-2509;Vórtice de la Quintaesencia;Thalric Blackwood;Filosofía Prohibida;1115;537;4,58;25
461c4ae9-e51d;El Enigma de el Azufre Sagrado;Aurelius Nightshade;Botánica Arcana;1920;419;3,22;43
331bd97b-7a4a;El Aliento de las Almas de Plomo;Isolde Sterling;Alquimia Teórica;1129;1096;1,93;37
a18e898b-a0a3;La Esencia de las Almas de Plomo;Caspian Nightshade;Transmutación Metálica;1324;1426;4,33;17
86d77f4b-fff1;Vórtice de el Azufre Sagrado;Seraphine Nightshade;Transmutación Metálica;1829;343;2,99;6
857e2106-6c1f;El Enigma de la Transmutación Infinitas;Isolde Nightshade;Historia de la Piedra;1648;405;4,89;20
c2cb0c87-8d3f;Códice de el Azufre Sagrado;Aurelius Crowley;Filosofía Prohibida;1419;1033;4,81;48
cda23960-5aa4;El Aliento de el Mercurio Rojo;Isolde Nightshade;Botánica Arcana;1451;1461;1,51;15
95279cc4-64cb;Espejos de el Sol Negro;Elara Crowley;Transmutación Metálica;1380;1453;4,04;23
d1e26fb0-1c67;El Aliento de el Mercurio Rojo;Aurelius Vance;Transmutación Metálica;1804;1132;2,44;25
4075029b-6910;Códice de las Almas de Plomo;Elara Flamel;Alquimia Teórica;1894;314;3,47;20
efc57f1b-c9ce;Espejos de la Transmutación Infinitas;Aurelius Crowley;Botánica Arcana;1231;1278;4,97;37
987408cc-14bd;Espejos de la Transmutación Infinitas;Elara Crowley;Alquimia Teórica;1249;309;1,36;10
a601b7d9-06ed;La Esencia de el Sol Negro;Thalric Flamel;Historia de la Piedra;1883;292;1,54;12
ab395624-9c1d;El Enigma de la Transmutación Infinitas;Elara Sterling;Botánica Arcana;1682;378;2,63;47
3938701e-7123;El Aliento de el Azufre Sagrado;Thalric Grimoire;Alquimia Teórica;1226;1323;1,61;17
055356e4-7caf;Sombras sobre el Sol Negro;Morgana Blackwood;Filosofía Prohibida;1702;570;3,37;36
b54357a1-5b5a;Vórtice de el Mercurio Rojo;Isolde Crowley;Transmutación Metálica;1444;950;2,18;46
37403029-123c;La Esencia de el Azufre Sagrado;Aurelius Crowley;Botánica Arcana;1147;511;1,82;49
7fb87a99-099c;El Aliento de las Almas de Plomo;Morgana Crowley;Historia de la Piedra;1748;453;3,04;4
d8b6ed1e-f424;La Esencia de el Mercurio Rojo;Caspian Sterling;Historia de la Piedra;1203;703;2,04;36
d64e006e-20e0;El Enigma de la Quintaesencia;Thalric Crowley;Botánica Arcana;1172;575;2,16;44
5929be03-8ebe;Vórtice de la Transmutación Infinitas;Morgana Sterling;Historia de la Piedra;1936;1371;4,92;9
50ed5315-df60;El Enigma de el Mercurio Rojo;Isolde Crowley;Botánica Arcana;1866;130;1,08;37
d1759332-4eab;La Esencia de la Transmutación Infinitas;Seraphine Flamel;Alquimia Teórica;1400;1267;1,42;40
6c8e2095-e05a;El Enigma de las Almas de Plomo;Morgana Blackwood;Transmutación Metálica;1196;553;4,86;30
afe62bad-989a;La Esencia de la Transmutación Infinitas;Balthazar Nightshade;Transmutación Metálica;1917;1128;4,61;3
32eaad36-525c;Tratado de el Mercurio Rojo;Elara Grimoire;Historia de la Piedra;1476;724;3,99;26
b0c7610f-8c5f;Códice de la Quintaesencia;Isolde Vance;Botánica Arcana;2004;1060;1,55;24
09551e04-943a;Códice de el Sol Negro;Caspian Vance;Alquimia Teórica;1288;201;1,04;15
f52385c0-2c3a;Espejos de la Transmutación Infinitas;Morgana Flamel;Historia de la Piedra;1373;604;2,83;9
15c27cda-fe6d;El Aliento de la Quintaesencia;Elara Sterling;Alquimia Teórica;1676;84;3,9;33
c6c7322f-2bec;Espejos de el Mercurio Rojo;Balthazar Grimoire;Botánica Arcana;1440;731;2,92;47
dfdccaad-e8d9;Sombras sobre el Mercurio Rojo;Thalric Blackwood;Filosofía Prohibida;1546;1333;2,97;47
53727812-1273;El Aliento de el Sol Negro;Thalric Grimoire;Historia de la Piedra;1475;786;1,3;25
6a53cddb-d091;El Enigma de la Quintaesencia;Balthazar Sterling;Alquimia Teórica;1936;464;3,81;18
04649c1d-4dba;La Esencia de las Almas de Plomo;Balthazar Sterling;Alquimia Teórica;1729;1031;1,74;5
1251ee62-aaa0;Tratado de el Sol Negro;Caspian Grimoire;Alquimia Teórica;1372;209;2,71;49
4c07ab56-fc38;Vórtice de la Quintaesencia;Caspian Nightshade;Botánica Arcana;1328;1035;4,52;19
053be9fb-ba2f;Tratado de el Mercurio Rojo;Caspian Sterling;Filosofía Prohibida;1310;712;4,39;16
109a016a-a8a2;La Esencia de el Mercurio Rojo;Isolde Crowley;Historia de la Piedra;1637;1446;4,84;4
39cfa2aa-1613;El Aliento de las Almas de Plomo;Caspian Flamel;Alquimia Teórica;1161;1327;2,63;35
67fac25f-0f09;El Enigma de el Azufre Sagrado;Isolde Flamel;Historia de la Piedra;1126;884;3,65;31
7235d72b-0204;Vórtice de el Azufre Sagrado;Balthazar Flamel;Historia de la Piedra;1435;728;2,2;50
b4814091-ad5b;Sombras sobre la Transmutación Infinitas;Elara Flamel;Filosofía Prohibida;1433;893;3,39;35
2f7f2247-f4c5;La Esencia de el Azufre Sagrado;Isolde Flamel;Transmutación Metálica;1492;1453;3,78;34
43f94038-81b7;El Enigma de el Mercurio Rojo;Caspian Grimoire;Historia de la Piedra;1410;257;1,04;1
bd485f6c-cbd3;Espejos de el Sol Negro;Isolde Flamel;Alquimia Teórica;1711;309;3,8;24
163b66e3-a76a;Tratado de las Almas de Plomo;Balthazar Flamel;Alquimia Teórica;1874;1228;4,57;37
09911308-a2ab;Códice de las Almas de Plomo;Morgana Nightshade;Transmutación Metálica;1521;666;1,1;6
4d4cee66-f197;El Aliento de el Azufre Sagrado;Isolde Sterling;Botánica Arcana;1941;777;1,81;14
0a63bcf1-121f;Vórtice de el Azufre Sagrado;Seraphine Blackwood;Transmutación Metálica;1664;484;3,96;42
522b041a-6be8;La Esencia de la Transmutación Infinitas;Aurelius Sterling;Botánica Arcana;1879;239;1,38;42
2c652f3b-7024;El Enigma de la Transmutación Infinitas;Seraphine Sterling;Historia de la Piedra;1186;194;4,21;11
70669d24-4b8f;La Esencia de el Azufre Sagrado;Balthazar Grimoire;Botánica Arcana;1706;365;3,61;11
df8afa39-a8b1;El Enigma de la Quintaesencia;Isolde Blackwood;Botánica Arcana;1649;636;4,29;28
7f2165b8-c1dc;Códice de las Almas de Plomo;Elara Crowley;Historia de la Piedra;1449;1367;1,53;45
a993f19c-75fc;Tratado de el Azufre Sagrado;Balthazar Crowley;Historia de la Piedra;1162;174;4,39;35
59ea275a-01f8;Vórtice de el Sol Negro;Balthazar Blackwood;Alquimia Teórica;1402;188;2,4;16
6578c5f2-7bd6;Códice de las Almas de Plomo;Isolde Crowley;Filosofía Prohibida;1575;286;3,74;14
509b56f8-59fb;Espejos de el Sol Negro;Seraphine Grimoire;Botánica Arcana;1736;604;2,95;35
2252f189-8400;Códice de el Sol Negro;Elara Grimoire;Filosofía Prohibida;1345;88;4,77;6
25101a49-d121;Espejos de el Sol Negro;Caspian Blackwood;Alquimia Teórica;1778;364;1,2;14
befc07b4-cdfc;El Enigma de el Sol Negro;Isolde Vance;Historia de la Piedra;1830;721;1,09;28
343dfe14-3360;El Aliento de el Sol Negro;Elara Grimoire;Filosofía Prohibida;1251;1105;4,94;18
bc8a5747-b6ce;Vórtice de el Sol Negro;Morgana Crowley;Transmutación Metálica;1111;1412;3,34;12
ea33c330-4e88;La Esencia de la Transmutación Infinitas;Balthazar Vance;Botánica Arcana;1997;1124;1,79;15
537d1607-4525;Sombras sobre las Almas de Plomo;Elara Blackwood;Botánica Arcana;1874;121;1,89;37
8c277080-81d4;La Esencia de la Transmutación Infinitas;Balthazar Vance;Botánica Arcana;1411;187;2,48;4
722620ad-8f5a;El Aliento de el Azufre Sagrado;Balthazar Blackwood;Historia de la Piedra;1184;493;4,11;30
133ea5c9-51c8;Vórtice de el Mercurio Rojo;Seraphine Flamel;Transmutación Metálica;1871;1068;4,06;45
8d630357-8f38;Vórtice de la Quintaesencia;Morgana Crowley;Filosofía Prohibida;1857;1020;3,6;7
ec411ca0-d243;Vórtice de la Quintaesencia;Balthazar Vance;Alquimia Teórica;1555;1466;3,98;6
cdea9f42-c7ec;Tratado de el Sol Negro;Isolde Crowley;Filosofía Prohibida;1568;703;4,89;49
707a4f50-1350;Vórtice de el Sol Negro;Balthazar Blackwood;Filosofía Prohibida;1667;516;4,24;28
88bc5880-de81;La Esencia de la Transmutación Infinitas;Isolde Nightshade;Transmutación Metálica;1825;1412;1,63;8
8c3e22bd-5ac0;Tratado de el Sol Negro;Caspian Sterling;Botánica Arcana;1334;417;3,94;35
687ee0a8-4ce5;Códice de la Quintaesencia;Caspian Vance;Transmutación Metálica;1867;1435;2,58;45
2da15058-dce4;Espejos de el Azufre Sagrado;Elara Grimoire;Historia de la Piedra;1528;817;4,01;15
994ed290-c661;Espejos de la Transmutación Infinitas;Seraphine Nightshade;Transmutación Metálica;1471;1392;3,37;50
0cd753b0-636a;Códice de el Mercurio Rojo;Thalric Blackwood;Filosofía Prohibida;1139;747;1,86;41
16d6e93f-b286;El Aliento de la Quintaesencia;Balthazar Nightshade;Transmutación Metálica;1584;710;1,23;16
a5b06a0c-d99d;Códice de la Transmutación Infinitas;Aurelius Vance;Historia de la Piedra;1710;895;1,42;12
2d706e3c-7b7a;El Aliento de el Azufre Sagrado;Morgana Crowley;Transmutación Metálica;1547;188;1,27;34
70e80ea8-d0cd;El Enigma de las Almas de Plomo;Seraphine Crowley;Botánica Arcana;1365;209;2,5;24
8cd9c8db-a288;Códice de las Almas de Plomo;Seraphine Crowley;Transmutación Metálica;1360;202;2,3;35
e264dfd4-b4dd;Códice de la Quintaesencia;Elara Sterling;Transmutación Metálica;1669;683;3,5;33
df763b4b-4c41;Tratado de la Transmutación Infinitas;Elara Crowley;Botánica Arcana;1389;1106;2,84;20
a033c4b9-bd04;El Enigma de el Sol Negro;Elara Nightshade;Botánica Arcana;1656;1141;4,58;50
d24fe0b1-8653;Códice de las Almas de Plomo;Aurelius Blackwood;Alquimia Teórica;1410;503;3,49;34
552684be-0411;Espejos de las Almas de Plomo;Aurelius Crowley;Historia de la Piedra;1200;1296;4,3;30
e5032fd6-da17;Vórtice de la Quintaesencia;Morgana Crowley;Transmutación Metálica;1601;1090;2,04;49
38280e50-8c76;El Enigma de el Sol Negro;Seraphine Vance;Filosofía Prohibida;1613;1047;2,86;11
a7a3192d-3c45;El Aliento de la Quintaesencia;Isolde Crowley;Filosofía Prohibida;1938;1230;4,59;31
89e6c14f-ef7b;Tratado de la Transmutación Infinitas;Isolde Crowley;Transmutación Metálica;1296;171;3,85;7
1a054d4f-f283;La Esencia de el Sol Negro;Thalric Sterling;Alquimia Teórica;1203;755;2,2;16
9528d4b1-8c97;Sombras sobre la Transmutación Infinitas;Isolde Flamel;Alquimia Teórica;1732;186;4,51;16
1374bba0-cdbb;Tratado de las Almas de Plomo;Isolde Vance;Historia de la Piedra;1476;543;2,12;47
6831d25e-48bb;Códice de las Almas de Plomo;Seraphine Vance;Botánica Arcana;1880;428;1,38;2
c87878b8-0cdc;Códice de la Transmutación Infinitas;Balthazar Grimoire;Alquimia Teórica;1125;398;3,67;37
7788f519-ee96;Vórtice de la Transmutación Infinitas;Balthazar Crowley;Filosofía Prohibida;1199;588;3,04;46
ddae7485-8839;Códice de la Transmutación Infinitas;Elara Vance;Filosofía Prohibida;1689;1038;3,77;3
897e39dc-81e0;Códice de el Sol Negro;Elara Crowley;Alquimia Teórica;1867;828;4,67;23
c429fa6f-552b;Códice de el Azufre Sagrado;Morgana Crowley;Filosofía Prohibida;1252;308;2,22;3
c7beaca4-ca8b;Códice de el Mercurio Rojo;Thalric Blackwood;Historia de la Piedra;1721;1123;4,52;0
21b41c7e-490d;El Aliento de las Almas de Plomo;Morgana Grimoire;Filosofía Prohibida;1571;1233;4,09;14
9326a162-f12e;Vórtice de el Sol Negro;Isolde Vance;Alquimia Teórica;2025;972;4,35;47
a0da7afa-5751;Tratado de el Mercurio Rojo;Balthazar Flamel;Botánica Arcana;1102;732;1,69;23
8aad8519-41c7;Tratado de la Quintaesencia;Thalric Crowley;Transmutación Metálica;1741;1283;1,52;1
a0483567-9bb2;La Esencia de la Transmutación Infinitas;Balthazar Vance;Historia de la Piedra;1327;1121;4,22;17
cc8250d9-e09e;La Esencia de el Mercurio Rojo;Balthazar Blackwood;Botánica Arcana;1844;1265;1,06;45
f5eb8a37-0325;Sombras sobre la Transmutación Infinitas;Caspian Crowley;Botánica Arcana;1704;293;1,65;36
cb7d3795-c977;Tratado de el Azufre Sagrado;Elara Sterling;Botánica Arcana;1637;748;4,12;17
e39c746e-a19e;Códice de la Transmutación Infinitas;Aurelius Nightshade;Historia de la Piedra;1846;960;3,33;24
c4f7fef2-8b32;Códice de el Azufre Sagrado;Isolde Blackwood;Historia de la Piedra;1271;479;2,13;26
36ca6b84-fa94;Códice de el Azufre Sagrado;Aurelius Crowley;Historia de la Piedra;1501;288;3,62;37
00d38fa5-f09e;La Esencia de la Transmutación Infinitas;Morgana Blackwood;Alquimia Teórica;2001;729;2,25;29
bb0782e8-9289;Sombras sobre el Sol Negro;Caspian Crowley;Alquimia Teórica;1948;1498;1,38;33
d3ff51e5-6137;Códice de el Azufre Sagrado;Aurelius Flamel;Transmutación Metálica;2000;956;4,87;49
e464f443-c1e3;El Enigma de la Transmutación Infinitas;Isolde Flamel;Transmutación Metálica;1399;1414;1;37
d45ba34a-7e80;Espejos de la Quintaesencia;Elara Crowley;Botánica Arcana;1385;1392;1,48;28
093d537b-9654;Tratado de la Quintaesencia;Caspian Nightshade;Transmutación Metálica;1547;1249;2,23;44
b2c7dcbf-5bf1;Vórtice de la Transmutación Infinitas;Aurelius Crowley;Alquimia Teórica;1385;1185;3,81;44
043bae64-a3c4;La Esencia de el Sol Negro;Balthazar Flamel;Filosofía Prohibida;1667;1367;4,05;36
38b5408a-8a27;Tratado de el Azufre Sagrado;Balthazar Vance;Alquimia Teórica;1295;476;1,28;50
862e2506-4dab;Sombras sobre las Almas de Plomo;Seraphine Blackwood;Botánica Arcana;1470;265;2,8;26
15ff17a4-2072;La Esencia de el Sol Negro;Balthazar Blackwood;Historia de la Piedra;1880;1301;2,93;36
c31a29b3-af9e;Códice de la Quintaesencia;Elara Vance;Transmutación Metálica;1325;1471;3,81;28
38faf1c1-52e5;La Esencia de el Sol Negro;Caspian Crowley;Filosofía Prohibida;2013;1264;1,49;4
0eee00a0-1bd8;Sombras sobre el Mercurio Rojo;Thalric Nightshade;Alquimia Teórica;2001;807;3,15;45
27706836-9072;La Esencia de el Sol Negro;Elara Nightshade;Botánica Arcana;1760;1176;4,68;19
e94b4fcd-cbd2;El Aliento de la Transmutación Infinitas;Seraphine Sterling;Filosofía Prohibida;1883;635;3,71;16
e9c6b359-ed3d;La Esencia de el Azufre Sagrado;Thalric Vance;Alquimia Teórica;1836;1278;1,61;17
9658c846-f156;El Enigma de la Transmutación Infinitas;Isolde Nightshade;Transmutación Metálica;1952;1263;3,36;44
93f85f13-6f81;El Enigma de el Azufre Sagrado;Elara Crowley;Botánica Arcana;1934;977;4,24;18
788fb3f4-3852;Espejos de las Almas de Plomo;Elara Nightshade;Botánica Arcana;1587;1274;3,79;3
adfc522b-7491;El Aliento de el Mercurio Rojo;Aurelius Blackwood;Transmutación Metálica;1145;391;4,65;49
520ba318-4b31;El Aliento de el Azufre Sagrado;Seraphine Flamel;Historia de la Piedra;1614;787;2,69;39
af35ef6c-1d2e;El Aliento de la Transmutación Infinitas;Balthazar Flamel;Historia de la Piedra;1430;1097;2,04;41
2080329a-0c5e;Tratado de la Transmutación Infinitas;Aurelius Vance;Alquimia Teórica;1393;236;4,29;17
bbd9ae70-2cd2;El Enigma de el Sol Negro;Morgana Sterling;Botánica Arcana;1922;1357;1,83;12
9c4954b2-9965;El Enigma de el Azufre Sagrado;Caspian Grimoire;Transmutación Metálica;1176;211;2,43;37
cf26aefc-f384;El Enigma de las Almas de Plomo;Isolde Crowley;Botánica Arcana;1948;1062;2,08;0
81828733-5263;Vórtice de la Transmutación Infinitas;Isolde Grimoire;Historia de la Piedra;1606;889;4,99;28
999975fb-4adb;Tratado de la Transmutación Infinitas;Thalric Crowley;Alquimia Teórica;1701;1256;3,89;14
dc9c15df-6d90;La Esencia de el Sol Negro;Aurelius Flamel;Filosofía Prohibida;1227;1085;3,97;13
521fe60c-a767;La Esencia de el Mercurio Rojo;Morgana Grimoire;Filosofía Prohibida;1105;131;1,21;23
7958c0c9-c3c8;Vórtice de el Mercurio Rojo;Isolde Grimoire;Botánica Arcana;1769;688;1,32;20
478e6bb7-1069;Vórtice de el Mercurio Rojo;Aurelius Blackwood;Botánica Arcana;1665;591;3,76;7
a1ae8523-6bc0;Sombras sobre el Mercurio Rojo;Seraphine Nightshade;Alquimia Teórica;1120;297;4,43;25
9e705c8e-a0f1;Códice de el Mercurio Rojo;Aurelius Grimoire;Transmutación Metálica;1825;804;2,24;9
e54ad7c7-20bb;Espejos de la Transmutación Infinitas;Seraphine Blackwood;Transmutación Metálica;1158;1352;1,87;50
5aad4670-ce1b;Tratado de las Almas de Plomo;Aurelius Vance;Alquimia Teórica;1199;91;3,83;42
4f8b149d-6013;Espejos de la Quintaesencia;Balthazar Nightshade;Historia de la Piedra;1814;222;2,5;20
07526a87-1bc3;Tratado de la Quintaesencia;Isolde Grimoire;Transmutación Metálica;1558;586;2,44;20
5d58de86-7fc4;El Enigma de el Sol Negro;Elara Vance;Filosofía Prohibida;1748;1351;3,19;27
28c43ab8-81c4;El Aliento de el Sol Negro;Morgana Sterling;Historia de la Piedra;1108;112;1,98;21
2455cf99-29a2;Tratado de la Transmutación Infinitas;Isolde Blackwood;Alquimia Teórica;1226;485;2,42;22
3edce621-b907;Tratado de las Almas de Plomo;Aurelius Blackwood;Transmutación Metálica;1368;1254;3,89;3
2e408507-912c;El Enigma de las Almas de Plomo;Caspian Blackwood;Historia de la Piedra;1433;835;2,66;32
386bcc6d-b754;Sombras sobre la Quintaesencia;Seraphine Blackwood;Transmutación Metálica;1424;1494;1,24;42
194cf037-b3f5;Espejos de el Mercurio Rojo;Caspian Grimoire;Historia de la Piedra;1443;862;1,36;30
5b243f6c-d4f7;El Aliento de la Quintaesencia;Morgana Vance;Alquimia Teórica;1287;726;2,63;8
3d9b75e2-db37;Sombras sobre el Azufre Sagrado;Morgana Sterling;Historia de la Piedra;1356;911;2,29;19
3f6dbaa2-3d19;Vórtice de el Sol Negro;Aurelius Nightshade;Alquimia Teórica;1586;532;4,98;5
05f6b3d8-90f7;Espejos de las Almas de Plomo;Morgana Grimoire;Botánica Arcana;1822;1339;2,59;13
e891eaba-16bd;Códice de el Azufre Sagrado;Morgana Grimoire;Botánica Arcana;1394;842;4,35;50
df4ebefb-2993;Códice de la Transmutación Infinitas;Isolde Flamel;Botánica Arcana;1832;1203;4,4;42
c3fc6be3-1900;Sombras sobre el Azufre Sagrado;Balthazar Sterling;Transmutación Metálica;1584;96;4,02;26
9749efd8-6fcb;El Enigma de la Quintaesencia;Thalric Crowley;Botánica Arcana;1865;602;3,64;5
a8ee935d-b7ba;Tratado de el Mercurio Rojo;Isolde Grimoire;Historia de la Piedra;1331;1104;1,88;29
9bed8cbc-5f6e;Tratado de el Sol Negro;Balthazar Crowley;Filosofía Prohibida;1485;1054;2,64;34
a1c9cebb-8aaa;Espejos de la Transmutación Infinitas;Morgana Crowley;Alquimia Teórica;1362;291;3,85;6
c81feeb9-b834;Espejos de el Sol Negro;Aurelius Sterling;Filosofía Prohibida;1499;404;2,38;36
efcc59d2-94e0;Vórtice de las Almas de Plomo;Caspian Grimoire;Transmutación Metálica;1873;661;1,57;35
740f7e3e-49f7;Vórtice de la Quintaesencia;Caspian Blackwood;Botánica Arcana;1816;902;4,61;41
bec6a0cb-603a;El Aliento de el Sol Negro;Aurelius Blackwood;Botánica Arcana;1112;1345;4,14;15
fed5ecb2-202a;Tratado de las Almas de Plomo;Seraphine Vance;Transmutación Metálica;1392;792;3,01;18
55dc01b8-2f2d;La Esencia de el Azufre Sagrado;Balthazar Grimoire;Botánica Arcana;1127;968;2,04;12
2bbdb72c-242d;Vórtice de el Azufre Sagrado;Seraphine Crowley;Botánica Arcana;1892;233;3,77;36
678704a9-d81e;Tratado de la Quintaesencia;Thalric Grimoire;Historia de la Piedra;2026;834;4,51;5
7244f566-8ccf;El Enigma de el Mercurio Rojo;Balthazar Sterling;Botánica Arcana;1910;840;2,8;5
d1917b2a-e8ba;Códice de la Quintaesencia;Seraphine Blackwood;Botánica Arcana;1285;232;3,15;3
cd1bcd41-88d6;El Enigma de la Quintaesencia;Seraphine Flamel;Transmutación Metálica;1814;1458;3,75;22
db9169d2-2c12;La Esencia de el Azufre Sagrado;Isolde Blackwood;Transmutación Metálica;1299;1479;4,56;43
f64f9708-d4bd;Vórtice de la Quintaesencia;Aurelius Nightshade;Historia de la Piedra;1286;1341;4,88;46
eb05811d-9790;El Aliento de el Mercurio Rojo;Balthazar Blackwood;Botánica Arcana;1761;1040;2,33;50
59db150e-014d;Vórtice de el Azufre Sagrado;Elara Grimoire;Historia de la Piedra;1192;952;3,34;41
f224c778-c085;Códice de el Azufre Sagrado;Thalric Sterling;Historia de la Piedra;1861;549;3,74;28
c20ed8d0-fda8;El Enigma de el Azufre Sagrado;Balthazar Blackwood;Alquimia Teórica;1321;1342;4,25;3
0e30b3f1-4da5;La Esencia de el Mercurio Rojo;Aurelius Grimoire;Botánica Arcana;1612;444;2,96;29
305d3b99-d7ca;Sombras sobre el Sol Negro;Isolde Nightshade;Alquimia Teórica;1915;370;1,02;27
a3e57ebb-d85a;Sombras sobre el Mercurio Rojo;Aurelius Nightshade;Transmutación Metálica;1737;92;2,77;34
eb66cd9b-77a8;Espejos de el Sol Negro;Balthazar Vance;Alquimia Teórica;1377;1384;2,62;17
a23fa29c-d402;El Enigma de las Almas de Plomo;Caspian Blackwood;Filosofía Prohibida;1938;1492;3,42;10
9bf4877c-fded;Espejos de el Mercurio Rojo;Thalric Crowley;Transmutación Metálica;1589;581;3,62;7
b2177476-2446;La Esencia de la Transmutación Infinitas;Isolde Sterling;Filosofía Prohibida;1645;870;2,32;16
b7386cf8-7c56;Vórtice de las Almas de Plomo;Seraphine Nightshade;Historia de la Piedra;1639;176;3,93;31
883b0692-8537;Códice de el Mercurio Rojo;Isolde Sterling;Transmutación Metálica;1805;358;2,2;31
16afc4b6-5d85;Sombras sobre la Transmutación Infinitas;Balthazar Sterling;Transmutación Metálica;1760;706;2,59;2
bfc81f24-9663;Códice de el Azufre Sagrado;Elara Blackwood;Historia de la Piedra;1437;1433;4,09;23
b7dae632-e61a;Espejos de la Quintaesencia;Aurelius Sterling;Alquimia Teórica;1271;995;1,07;17
3aed0038-15ca;El Enigma de el Mercurio Rojo;Thalric Crowley;Transmutación Metálica;1232;858;4;35
db14df8c-81e1;Códice de las Almas de Plomo;Morgana Flamel;Transmutación Metálica;1321;766;2,95;30
49fd4e86-7410;Vórtice de el Mercurio Rojo;Isolde Grimoire;Historia de la Piedra;1495;1453;1,22;3
ad642fca-9eaf;Códice de las Almas de Plomo;Elara Grimoire;Historia de la Piedra;1300;212;4,41;9
1fc2c05f-de58;Vórtice de el Sol Negro;Caspian Nightshade;Historia de la Piedra;1805;1464;4,87;42
4ea6e2c9-6da9;Vórtice de la Quintaesencia;Aurelius Crowley;Transmutación Metálica;1906;1376;4,96;31
f6522d66-e6b8;Vórtice de las Almas de Plomo;Aurelius Blackwood;Filosofía Prohibida;2007;732;4,8;41
5b470769-32cd;La Esencia de el Sol Negro;Caspian Vance;Filosofía Prohibida;1420;499;4,43;35
7c788ab9-461b;Espejos de el Sol Negro;Isolde Crowley;Transmutación Metálica;1157;151;4,78;23
49425d6e-b6d9;Sombras sobre la Quintaesencia;Elara Sterling;Alquimia Teórica;1790;1346;3,73;50
4472f72e-a77f;Sombras sobre el Mercurio Rojo;Thalric Nightshade;Transmutación Metálica;1468;1417;1,7;35
1aae1e17-d4a3;Vórtice de la Quintaesencia;Seraphine Crowley;Historia de la Piedra;1925;528;4,86;39
bbf1ff86-f1a2;La Esencia de el Azufre Sagrado;Morgana Vance;Filosofía Prohibida;1809;1128;2,23;5
78d574fa-0a35;Sombras sobre las Almas de Plomo;Seraphine Nightshade;Transmutación Metálica;1968;662;4,82;11
f1055763-1c2a;Sombras sobre la Quintaesencia;Thalric Nightshade;Alquimia Teórica;1866;431;2,58;14
a5104cfb-1045;Vórtice de las Almas de Plomo;Seraphine Flamel;Botánica Arcana;1160;1352;2,66;28
827e8628-527e;Espejos de la Transmutación Infinitas;Caspian Vance;Alquimia Teórica;1227;606;3,99;16
3e0284a0-0d38;El Enigma de las Almas de Plomo;Morgana Sterling;Botánica Arcana;1961;152;4,63;17
1e3a75bf-74d7;El Enigma de la Quintaesencia;Morgana Vance;Transmutación Metálica;1620;580;3,04;5
7a3ad921-be7b;El Aliento de las Almas de Plomo;Caspian Sterling;Alquimia Teórica;1445;809;4,51;26
3db6736c-ebb2;Códice de el Mercurio Rojo;Seraphine Flamel;Filosofía Prohibida;1724;528;1,92;17
95f36a1b-7064;El Aliento de la Quintaesencia;Seraphine Flamel;Botánica Arcana;1526;128;4,89;26
69adf6e2-f3b9;Espejos de el Mercurio Rojo;Isolde Flamel;Transmutación Metálica;1873;811;2;1
d9b75888-3e42;Espejos de las Almas de Plomo;Morgana Nightshade;Botánica Arcana;1551;694;4,45;3
5102da9f-7e87;La Esencia de el Azufre Sagrado;Balthazar Sterling;Historia de la Piedra;1923;87;3,82;1
bb0aa6fd-611a;Códice de la Transmutación Infinitas;Morgana Grimoire;Filosofía Prohibida;1317;1065;2,37;36
06eefd6a-8173;Espejos de el Azufre Sagrado;Caspian Grimoire;Botánica Arcana;1176;1229;2,55;15
de39442f-c22e;Espejos de el Azufre Sagrado;Morgana Nightshade;Botánica Arcana;1938;1225;1,45;42
ff3d3331-267f;Vórtice de la Quintaesencia;Isolde Blackwood;Botánica Arcana;2016;1493;2,93;32
60770664-d1d8;Tratado de la Transmutación Infinitas;Balthazar Grimoire;Filosofía Prohibida;1110;637;1,98;44
4487d646-64fd;Sombras sobre el Sol Negro;Balthazar Vance;Historia de la Piedra;1398;1362;4,86;38
a12a1389-7985;La Esencia de las Almas de Plomo;Elara Nightshade;Historia de la Piedra;1279;959;4,86;1
6997b5de-4b9c;Tratado de el Azufre Sagrado;Morgana Crowley;Transmutación Metálica;1132;986;1,88;47
e27a6e54-b779;Vórtice de la Transmutación Infinitas;Isolde Vance;Historia de la Piedra;1650;1304;1,29;2
22a4dd6f-b0d6;Vórtice de el Azufre Sagrado;Elara Flamel;Historia de la Piedra;1625;382;1,03;0
546591b3-a900;Vórtice de la Quintaesencia;Elara Nightshade;Filosofía Prohibida;1383;383;2,57;35
48c5d581-ddce;Espejos de la Transmutación Infinitas;Morgana Grimoire;Botánica Arcana;1157;194;1,01;31
e2568e56-2abe;El Enigma de el Sol Negro;Balthazar Sterling;Historia de la Piedra;2026;1251;2,87;11
54683343-916d;Tratado de el Azufre Sagrado;Balthazar Vance;Alquimia Teórica;1961;1199;1,71;45
9d07e14a-fc7e;Espejos de el Azufre Sagrado;Aurelius Sterling;Historia de la Piedra;1818;603;2,5;15
2c7346a8-7843;El Aliento de el Sol Negro;Aurelius Vance;Transmutación Metálica;1835;620;3,36;25
c86aa1d4-275c;Tratado de el Azufre Sagrado;Thalric Nightshade;Filosofía Prohibida;1594;556;1,86;37
050a1313-fcc7;Vórtice de el Mercurio Rojo;Seraphine Blackwood;Botánica Arcana;1245;515;1,57;8
66cdfe8b-bf1c;El Enigma de el Sol Negro;Seraphine Flamel;Alquimia Teórica;1807;549;3,13;33
0077bb37-99c6;Espejos de el Sol Negro;Morgana Flamel;Filosofía Prohibida;1686;1030;3,97;31
883fde15-b5f3;Códice de la Transmutación Infinitas;Balthazar Nightshade;Botánica Arcana;1560;1169;1,03;46
678e0233-e3c3;La Esencia de el Mercurio Rojo;Thalric Nightshade;Transmutación Metálica;1200;1110;4,09;9
af4bdca5-60b3;Vórtice de el Mercurio Rojo;Caspian Sterling;Historia de la Piedra;1675;1349;3,9;42
91fea8ec-b029;Códice de el Sol Negro;Thalric Crowley;Filosofía Prohibida;1740;788;1,27;13
d2217164-42d3;Tratado de el Azufre Sagrado;Isolde Blackwood;Botánica Arcana;1315;1338;1,16;29
fd6e650b-7cfd;La Esencia de las Almas de Plomo;Thalric Vance;Alquimia Teórica;1802;372;3,37;20
4f4e852f-3272;Tratado de el Sol Negro;Isolde Nightshade;Alquimia Teórica;1373;298;2,02;46
68350572-28d1;El Enigma de la Quintaesencia;Seraphine Blackwood;Filosofía Prohibida;1571;897;1,35;25
85780849-91cd;Sombras sobre el Sol Negro;Elara Vance;Historia de la Piedra;1529;879;1,68;39
2b3f33b8-19bf;Códice de las Almas de Plomo;Isolde Sterling;Transmutación Metálica;1844;935;3,72;49
680960c9-c717;El Aliento de las Almas de Plomo;Caspian Grimoire;Filosofía Prohibida;1446;1172;4,39;3
ab276612-49d5;Vórtice de el Azufre Sagrado;Elara Grimoire;Botánica Arcana;1634;1472;3,34;49
2c4ef669-0010;Sombras sobre la Quintaesencia;Balthazar Vance;Botánica Arcana;1317;235;1,74;40
f08704b5-4667;Tratado de el Azufre Sagrado;Caspian Crowley;Botánica Arcana;1730;1387;4,22;17
70c68cb1-7fa3;Vórtice de las Almas de Plomo;Seraphine Nightshade;Filosofía Prohibida;1908;153;2,77;8
542582ac-5fa9;El Enigma de la Transmutación Infinitas;Seraphine Vance;Filosofía Prohibida;1670;1033;2,65;3
149db0a6-7e3a;Vórtice de la Quintaesencia;Caspian Sterling;Filosofía Prohibida;1449;653;3,09;27
e30f4eff-5546;El Enigma de el Azufre Sagrado;Thalric Crowley;Botánica Arcana;1622;722;1,71;9
f7f73c11-1b04;El Aliento de la Quintaesencia;Isolde Crowley;Alquimia Teórica;1209;1289;2,72;20
d0f45695-57c6;La Esencia de el Sol Negro;Isolde Crowley;Alquimia Teórica;1105;1005;2,51;4
73fbab08-929d;Vórtice de el Mercurio Rojo;Balthazar Vance;Filosofía Prohibida;1778;890;1,01;13
0bec29b8-acd9;Tratado de el Mercurio Rojo;Aurelius Vance;Historia de la Piedra;1848;1364;1,73;13
204d2be8-ec67;Espejos de el Mercurio Rojo;Elara Crowley;Alquimia Teórica;1568;930;1,36;48
e34187c9-ec7a;El Aliento de la Quintaesencia;Balthazar Sterling;Alquimia Teórica;1220;1042;2,55;50
212e9775-2320;Códice de el Mercurio Rojo;Seraphine Vance;Transmutación Metálica;1694;936;4,65;31
5b7e785e-ccfe;Códice de el Mercurio Rojo;Caspian Grimoire;Historia de la Piedra;1854;1343;3,96;6
c09e7948-9473;Espejos de la Quintaesencia;Aurelius Nightshade;Botánica Arcana;1875;120;3,85;23
d9c354fa-4d76;Sombras sobre el Azufre Sagrado;Morgana Flamel;Alquimia Teórica;1292;278;2,26;15
744908a9-ac81;Códice de el Sol Negro;Elara Grimoire;Botánica Arcana;1294;419;4,76;20
ccc9b8f3-b098;Tratado de el Azufre Sagrado;Thalric Flamel;Transmutación Metálica;1232;756;3,91;41
6c81d768-9c43;Vórtice de la Quintaesencia;Morgana Nightshade;Alquimia Teórica;1149;1215;4,61;32
3636b303-7a96;Vórtice de la Quintaesencia;Morgana Flamel;Transmutación Metálica;1167;506;1,77;14
ae00e83e-7105;Códice de el Sol Negro;Aurelius Flamel;Historia de la Piedra;1321;364;3,58;18
1d6b9517-64b3;Tratado de el Azufre Sagrado;Morgana Crowley;Historia de la Piedra;1865;793;2,02;9
b52f994e-be5d;Vórtice de el Sol Negro;Elara Flamel;Historia de la Piedra;1516;1088;2,62;44
bdd8a31b-f56e;El Enigma de la Transmutación Infinitas;Morgana Blackwood;Filosofía Prohibida;1111;1080;2,86;49
b5de06c6-3958;Tratado de el Azufre Sagrado;Isolde Grimoire;Transmutación Metálica;1105;978;4,22;1
bff757e1-0467;La Esencia de el Mercurio Rojo;Elara Grimoire;Historia de la Piedra;1510;498;4,91;38
b0c982db-0908;La Esencia de el Mercurio Rojo;Elara Vance;Filosofía Prohibida;1382;1360;3,54;23
7a9f9475-970f;Sombras sobre la Transmutación Infinitas;Caspian Sterling;Filosofía Prohibida;1743;1374;3,32;24
3373e701-c8a1;El Enigma de la Transmutación Infinitas;Aurelius Sterling;Alquimia Teórica;1308;142;2,22;12
84c3eee0-f63c;Tratado de el Azufre Sagrado;Morgana Sterling;Transmutación Metálica;1238;1190;4,78;12
855eae08-798a;Espejos de la Transmutación Infinitas;Seraphine Vance;Botánica Arcana;1520;1098;3,77;28
a26d2e33-f1c3;El Aliento de el Mercurio Rojo;Aurelius Blackwood;Botánica Arcana;1460;306;2,03;50
5cf437d2-82dc;Vórtice de las Almas de Plomo;Isolde Blackwood;Botánica Arcana;1851;190;1,15;31
d766d5e6-c35b;Vórtice de el Azufre Sagrado;Isolde Flamel;Botánica Arcana;1387;1138;3,51;41
cd322eb3-d736;El Aliento de el Azufre Sagrado;Seraphine Crowley;Historia de la Piedra;1538;473;3,72;18
cc78eefa-da72;Códice de la Transmutación Infinitas;Caspian Grimoire;Historia de la Piedra;1636;436;3,13;25
901931bb-8040;El Enigma de las Almas de Plomo;Morgana Blackwood;Transmutación Metálica;1761;103;1,38;1
6c96f264-e46a;Vórtice de el Azufre Sagrado;Seraphine Sterling;Alquimia Teórica;1938;1336;1,6;32
286745d5-dedc;Sombras sobre las Almas de Plomo;Caspian Vance;Alquimia Teórica;1619;112;3,78;21
e80734f1-9351;El Enigma de la Transmutación Infinitas;Aurelius Nightshade;Filosofía Prohibida;1878;255;2,18;20
6906b660-6231;Vórtice de las Almas de Plomo;Balthazar Crowley;Transmutación Metálica;1648;620;3,52;11
a3ca0796-222a;La Esencia de el Azufre Sagrado;Balthazar Flamel;Alquimia Teórica;1208;1292;1,54;44
9ebf9cb0-f123;La Esencia de el Sol Negro;Thalric Crowley;Historia de la Piedra;2018;1288;1,64;46
aba5efa8-4941;Códice de el Sol Negro;Elara Flamel;Historia de la Piedra;1126;215;4,13;46
50181d8c-f4ac;El Aliento de el Azufre Sagrado;Caspian Nightshade;Alquimia Teórica;1916;718;2,07;44
67d7d618-2300;El Enigma de las Almas de Plomo;Thalric Crowley;Filosofía Prohibida;1456;1100;4,44;46
99edf0de-3ccd;Códice de el Sol Negro;Seraphine Blackwood;Alquimia Teórica;1826;1171;1,59;14
2f822756-ca76;La Esencia de el Azufre Sagrado;Seraphine Vance;Historia de la Piedra;1924;1448;3,97;14
0148ac48-264c;Sombras sobre el Sol Negro;Morgana Flamel;Alquimia Teórica;1118;824;4,01;11
56503fea-ff09;Tratado de las Almas de Plomo;Elara Crowley;Transmutación Metálica;1449;1077;3,48;44
be826539-a755;Vórtice de la Quintaesencia;Elara Sterling;Botánica Arcana;1444;245;2,12;45
0df2f146-02fa;Tratado de el Mercurio Rojo;Caspian Blackwood;Botánica Arcana;1678;518;4,57;30
5364357c-7e38;El Enigma de el Sol Negro;Thalric Nightshade;Historia de la Piedra;1465;1266;3,51;1
9d5a479c-c74b;El Enigma de el Mercurio Rojo;Morgana Flamel;Botánica Arcana;1676;124;2,56;13
09c43a1b-5282;La Esencia de la Transmutación Infinitas;Isolde Flamel;Filosofía Prohibida;1535;93;4,66;41
c8dbcaeb-8fdd;Códice de la Quintaesencia;Caspian Vance;Alquimia Teórica;1296;335;3,39;11
365e712a-57e7;El Enigma de el Azufre Sagrado;Caspian Grimoire;Alquimia Teórica;2001;1473;3,92;8
31d916d0-131b;La Esencia de la Transmutación Infinitas;Morgana Vance;Botánica Arcana;1515;922;1,52;1
e8f877f6-0782;El Enigma de las Almas de Plomo;Morgana Crowley;Botánica Arcana;1404;441;4,59;30
759400a5-0bad;Sombras sobre el Azufre Sagrado;Thalric Grimoire;Filosofía Prohibida;1216;1096;3,04;46
5395f5b5-b231;El Enigma de las Almas de Plomo;Aurelius Flamel;Filosofía Prohibida;1761;1211;3,45;31
ca517dc3-8dff;El Aliento de las Almas de Plomo;Aurelius Grimoire;Botánica Arcana;1906;646;1,97;37
5aa00240-4123;Sombras sobre el Mercurio Rojo;Isolde Blackwood;Botánica Arcana;1208;326;4,6;21
3f2ec9e6-1275;Tratado de el Sol Negro;Caspian Sterling;Filosofía Prohibida;1267;204;2,42;15
5333b32c-d445;Sombras sobre las Almas de Plomo;Elara Blackwood;Botánica Arcana;1645;367;1,71;39
a0743aee-78e3;Tratado de la Quintaesencia;Aurelius Flamel;Botánica Arcana;1202;615;3,4;48
db7c77b4-aad6;Tratado de el Mercurio Rojo;Caspian Sterling;Filosofía Prohibida;1986;1463;4,97;49
15ab9491-bf4f;El Aliento de la Transmutación Infinitas;Morgana Crowley;Alquimia Teórica;1367;362;1,18;34
d850358a-be96;Vórtice de el Sol Negro;Thalric Nightshade;Filosofía Prohibida;1879;138;1,59;43
c043835e-ca8f;Espejos de la Transmutación Infinitas;Caspian Sterling;Historia de la Piedra;1838;1372;4,31;15
ad2e45e2-d2a8;Códice de la Quintaesencia;Isolde Sterling;Botánica Arcana;1183;1496;2,13;29
cf194802-57c8;La Esencia de la Transmutación Infinitas;Morgana Blackwood;Alquimia Teórica;1208;183;3,14;31
a77dd890-034f;Tratado de el Azufre Sagrado;Aurelius Vance;Botánica Arcana;1783;316;1,63;21
fa562d5d-a341;Códice de la Quintaesencia;Elara Blackwood;Historia de la Piedra;1908;224;1,09;22
b615a59c-a469;Tratado de la Quintaesencia;Elara Vance;Filosofía Prohibida;1938;285;1,35;25
12ce7347-7ba9;Códice de la Quintaesencia;Seraphine Crowley;Alquimia Teórica;1492;1321;2,43;10
a06e888d-82e4;Espejos de el Sol Negro;Caspian Sterling;Botánica Arcana;1571;718;4,05;39
4d2d54e7-8f2d;Vórtice de el Mercurio Rojo;Caspian Blackwood;Alquimia Teórica;1902;879;1,48;46
a18202c3-e9e5;Sombras sobre la Quintaesencia;Aurelius Nightshade;Historia de la Piedra;1258;640;4,47;42
c9e0f97e-0759;La Esencia de la Transmutación Infinitas;Seraphine Grimoire;Botánica Arcana;1716;589;3,69;37
f1e4b47b-3000;Sombras sobre el Sol Negro;Morgana Vance;Historia de la Piedra;1655;211;1,85;50
29b39daf-671a;Códice de el Azufre Sagrado;Balthazar Flamel;Filosofía Prohibida;1889;1239;2,09;1
5bef6bd8-e319;Tratado de el Azufre Sagrado;Elara Flamel;Alquimia Teórica;1912;499;1,02;4
6cb775ec-d7d6;El Enigma de las Almas de Plomo;Balthazar Sterling;Alquimia Teórica;1484;842;3,17;16
a1f33ae4-8199;La Esencia de las Almas de Plomo;Caspian Blackwood;Historia de la Piedra;1649;512;1,04;36
e56dc1da-0a39;El Aliento de el Sol Negro;Morgana Grimoire;Botánica Arcana;1728;1227;3,46;18
0c65cadc-45c3;La Esencia de la Quintaesencia;Morgana Vance;Historia de la Piedra;1542;1082;4,27;46
1e4a1890-84a9;Vórtice de el Mercurio Rojo;Elara Vance;Historia de la Piedra;1289;1350;2,39;22
4cfeadf8-b2ec;El Enigma de el Azufre Sagrado;Balthazar Nightshade;Alquimia Teórica;1169;1477;2,66;39
c95b6914-0985;Sombras sobre el Mercurio Rojo;Elara Sterling;Botánica Arcana;1668;241;2,43;10
b5724f2b-f832;Sombras sobre la Quintaesencia;Caspian Crowley;Filosofía Prohibida;1273;769;4,05;5
070b2727-0c5f;El Aliento de el Sol Negro;Balthazar Blackwood;Filosofía Prohibida;1413;263;3,68;14
6b419218-2669;La Esencia de el Azufre Sagrado;Morgana Crowley;Alquimia Teórica;1541;1095;1,98;21
1e810be3-8075;El Enigma de el Mercurio Rojo;Isolde Blackwood;Historia de la Piedra;1757;570;2,07;10
0ac2982d-d4ab;El Aliento de la Transmutación Infinitas;Seraphine Crowley;Filosofía Prohibida;1177;1381;4,89;28
f4ec9ab5-b172;Sombras sobre la Quintaesencia;Balthazar Blackwood;Historia de la Piedra;1155;316;3,24;32
b2bfc4f1-4e96;Espejos de la Quintaesencia;Isolde Grimoire;Alquimia Teórica;1678;1290;3,5;17
ea99da8c-1ff8;Vórtice de el Mercurio Rojo;Elara Nightshade;Filosofía Prohibida;1235;413;1,22;29
7c15d44c-eb6c;El Aliento de el Azufre Sagrado;Seraphine Sterling;Historia de la Piedra;1438;411;3,64;25
9ef8ddf0-66e0;El Enigma de la Transmutación Infinitas;Caspian Flamel;Alquimia Teórica;1520;1459;3,63;12
062e5e03-e31a;El Aliento de la Transmutación Infinitas;Morgana Sterling;Botánica Arcana;1207;1260;2,97;16
c0f6456a-d1e0;El Enigma de la Transmutación Infinitas;Seraphine Grimoire;Filosofía Prohibida;1853;640;4,94;18
09200efd-0b32;El Enigma de la Transmutación Infinitas;Morgana Flamel;Transmutación Metálica;1933;547;1,53;1
a7a9ccbe-a254;Sombras sobre la Quintaesencia;Elara Nightshade;Alquimia Teórica;1734;1066;4,57;37
3910d87f-05ec;La Esencia de el Sol Negro;Balthazar Crowley;Transmutación Metálica;1284;1191;1,35;3
213463d4-bfbf;Códice de la Quintaesencia;Elara Vance;Botánica Arcana;1885;606;1,69;17
0b68fb42-449d;El Enigma de el Sol Negro;Seraphine Nightshade;Alquimia Teórica;1333;425;4,49;46
4182ec9a-efd9;Sombras sobre el Sol Negro;Aurelius Grimoire;Transmutación Metálica;1806;950;1,72;11
0226c068-b68b;El Aliento de las Almas de Plomo;Thalric Flamel;Transmutación Metálica;1307;145;4,94;33
59998d9a-7821;Espejos de el Sol Negro;Isolde Flamel;Alquimia Teórica;1978;678;1,31;28
7c4c4829-1356;Espejos de las Almas de Plomo;Isolde Vance;Filosofía Prohibida;1135;1472;1,51;29
1ade3785-e055;El Aliento de las Almas de Plomo;Balthazar Flamel;Historia de la Piedra;1383;900;1,33;40
7729ae4c-725b;Espejos de la Transmutación Infinitas;Isolde Grimoire;Alquimia Teórica;1460;425;2,25;10
6f2a0e23-1fc3;La Esencia de el Azufre Sagrado;Isolde Sterling;Transmutación Metálica;1172;818;1,78;33
643319ea-86dd;Sombras sobre el Sol Negro;Morgana Crowley;Botánica Arcana;1402;432;3,51;22
921dc7cc-b9af;Vórtice de el Sol Negro;Aurelius Nightshade;Historia de la Piedra;1700;452;1,38;34
1a3c16a9-99cd;Códice de el Azufre Sagrado;Elara Grimoire;Alquimia Teórica;2025;617;4,6;46
06bade4f-da8f;Tratado de la Transmutación Infinitas;Balthazar Blackwood;Transmutación Metálica;1293;991;1,03;8
8c7f7be7-ed4a;Vórtice de la Transmutación Infinitas;Morgana Flamel;Transmutación Metálica;1668;297;1,16;19
4cda0948-004f;Sombras sobre el Mercurio Rojo;Seraphine Nightshade;Alquimia Teórica;1332;923;3,29;18
d3292364-dbcd;Vórtice de la Quintaesencia;Thalric Flamel;Transmutación Metálica;1233;778;1,73;28
5d20b6d9-68c5;La Esencia de el Mercurio Rojo;Seraphine Vance;Alquimia Teórica;1774;605;2,17;28
1edcb12e-3f4c;La Esencia de la Transmutación Infinitas;Elara Vance;Transmutación Metálica;1498;337;3,37;18
68ad0521-15df;Vórtice de la Transmutación Infinitas;Aurelius Vance;Botánica Arcana;1558;1439;2,27;29
1667d553-821c;Códice de el Sol Negro;Morgana Vance;Alquimia Teórica;1813;1038;1,51;24
6861d97b-c1c8;El Aliento de el Mercurio Rojo;Isolde Vance;Transmutación Metálica;1265;376;3,33;2
b6053f6a-c903;Espejos de el Mercurio Rojo;Seraphine Blackwood;Historia de la Piedra;1104;176;4,52;46
af986adf-7004;Tratado de el Mercurio Rojo;Morgana Vance;Transmutación Metálica;1804;832;1,01;34
625340fb-5dae;Tratado de el Mercurio Rojo;Morgana Crowley;Alquimia Teórica;2001;1263;1,6;13
8210046b-1c1f;Vórtice de la Transmutación Infinitas;Isolde Grimoire;Transmutación Metálica;1551;528;3,03;47
39a45497-5d4b;Sombras sobre las Almas de Plomo;Morgana Vance;Alquimia Teórica;2019;401;4,47;11
efc09475-394a;Espejos de el Mercurio Rojo;Seraphine Grimoire;Alquimia Teórica;1861;185;3,38;3
dcb6aaff-2411;El Aliento de el Mercurio Rojo;Aurelius Nightshade;Alquimia Teórica;1927;279;1,03;32
e3824a5f-3300;Vórtice de la Quintaesencia;Elara Nightshade;Filosofía Prohibida;1417;1007;2,14;15
781f01ec-306e;Vórtice de el Sol Negro;Morgana Sterling;Transmutación Metálica;1521;574;3,59;41
98e9ecc8-c1a2;Códice de el Mercurio Rojo;Caspian Grimoire;Historia de la Piedra;1286;1168;3,46;23
454d4262-e8f8;Tratado de las Almas de Plomo;Caspian Sterling;Filosofía Prohibida;1927;1076;4,53;34
4ab05059-3b7c;Espejos de el Mercurio Rojo;Seraphine Sterling;Botánica Arcana;1506;1061;2,84;13
6d0ee563-cc38;Vórtice de el Sol Negro;Seraphine Flamel;Transmutación Metálica;1658;1381;3,54;33
dc465d39-a0c7;La Esencia de la Quintaesencia;Balthazar Sterling;Historia de la Piedra;1132;367;1,25;30
6ce5ecbd-c122;Espejos de el Mercurio Rojo;Thalric Grimoire;Botánica Arcana;1614;454;2,29;16
a0f91fe3-dfc8;Códice de el Azufre Sagrado;Thalric Flamel;Historia de la Piedra;2005;1426;3,03;44
00f3949a-c267;Espejos de la Transmutación Infinitas;Isolde Vance;Historia de la Piedra;1709;577;1,63;2
9cdea71c-66d1;El Aliento de la Transmutación Infinitas;Caspian Nightshade;Botánica Arcana;1362;638;4,65;3
bab1bd6c-5de6;La Esencia de el Mercurio Rojo;Elara Blackwood;Filosofía Prohibida;1984;1241;2;44
479dd002-96ed;Sombras sobre el Mercurio Rojo;Aurelius Flamel;Alquimia Teórica;1362;1123;1,06;36
4a1e6193-2fdf;Vórtice de las Almas de Plomo;Caspian Crowley;Transmutación Metálica;1213;414;4,18;37
6885dd7c-bf26;Vórtice de el Azufre Sagrado;Caspian Flamel;Historia de la Piedra;1906;674;2,16;19
4fca0ca7-734a;La Esencia de el Mercurio Rojo;Morgana Grimoire;Botánica Arcana;1680;183;2,7;43
1c1b3626-f1e3;Vórtice de el Sol Negro;Morgana Sterling;Historia de la Piedra;1804;1384;2,47;45
0c1a9209-d8ed;La Esencia de la Quintaesencia;Isolde Nightshade;Alquimia Teórica;1597;756;1,03;37
f82db6e3-b1a3;Tratado de el Azufre Sagrado;Morgana Nightshade;Historia de la Piedra;1346;178;3,68;38
7f0334f8-5f26;Códice de la Quintaesencia;Elara Blackwood;Filosofía Prohibida;1537;886;4,02;27
53cb1872-0492;El Enigma de el Sol Negro;Balthazar Sterling;Historia de la Piedra;1723;612;3,1;7
b68bb230-c62e;Vórtice de el Azufre Sagrado;Elara Flamel;Alquimia Teórica;1677;1407;3,59;49
f38670ec-0719;Tratado de el Mercurio Rojo;Morgana Grimoire;Filosofía Prohibida;1749;910;2,6;7
caecfd87-cc70;Códice de las Almas de Plomo;Thalric Sterling;Historia de la Piedra;1427;1274;1,64;28
be300a8a-a618;Vórtice de el Mercurio Rojo;Isolde Vance;Transmutación Metálica;1483;199;4,88;44
034c2749-18a8;La Esencia de el Sol Negro;Morgana Blackwood;Transmutación Metálica;1917;121;1;15
f0fdade4-36c3;Vórtice de el Azufre Sagrado;Morgana Crowley;Botánica Arcana;1264;113;4,77;4
c92dd005-9edb;Tratado de la Transmutación Infinitas;Caspian Flamel;Alquimia Teórica;1808;603;3,93;9
ed135ef7-7e31;El Aliento de la Quintaesencia;Seraphine Grimoire;Historia de la Piedra;1493;1052;1,74;18
bc036273-875b;El Aliento de el Azufre Sagrado;Caspian Flamel;Historia de la Piedra;1991;1081;2,42;28
c49e337d-fc23;La Esencia de las Almas de Plomo;Seraphine Crowley;Filosofía Prohibida;1627;840;4,05;29
34fa1d62-63ae;El Aliento de el Mercurio Rojo;Caspian Nightshade;Alquimia Teórica;1687;1167;4,68;29
eda1c07b-f7cc;Espejos de el Azufre Sagrado;Aurelius Grimoire;Filosofía Prohibida;1703;764;1,28;48
5f340dea-f168;Tratado de la Transmutación Infinitas;Thalric Crowley;Alquimia Teórica;1410;1061;2,93;18
f0e44abd-9b02;Espejos de la Transmutación Infinitas;Isolde Crowley;Alquimia Teórica;1134;716;2,45;6
e7d8025c-e1d9;La Esencia de las Almas de Plomo;Caspian Crowley;Transmutación Metálica;1606;980;2,26;19
0056bfc2-e70b;Códice de la Quintaesencia;Balthazar Flamel;Botánica Arcana;1492;1417;3,52;49
ada4c4a2-633f;Espejos de las Almas de Plomo;Caspian Sterling;Alquimia Teórica;1651;1350;2,68;11
a78f53a8-7ffc;Vórtice de la Quintaesencia;Seraphine Vance;Botánica Arcana;1905;239;3,96;14
4446d1c5-4e2b;La Esencia de el Sol Negro;Aurelius Vance;Transmutación Metálica;1343;206;2,97;12
df5a6587-87d8;Espejos de la Transmutación Infinitas;Balthazar Sterling;Transmutación Metálica;1755;233;2,51;12
0e1bf7ab-56a4;Códice de las Almas de Plomo;Balthazar Nightshade;Transmutación Metálica;1520;993;3,87;11
0ee17c52-eebd;Tratado de el Sol Negro;Thalric Vance;Alquimia Teórica;2022;473;3,88;32
ea557715-650e;Sombras sobre el Sol Negro;Thalric Nightshade;Transmutación Metálica;1897;117;3,33;38
be356a54-e51b;El Aliento de la Quintaesencia;Aurelius Crowley;Botánica Arcana;1201;386;4,95;17
f641b3a5-73cb;Códice de la Transmutación Infinitas;Thalric Flamel;Alquimia Teórica;1656;96;3,11;30
9075df9e-d91d;La Esencia de la Quintaesencia;Balthazar Vance;Filosofía Prohibida;1455;369;4,61;23
b7874bce-b40b;Sombras sobre la Quintaesencia;Elara Grimoire;Transmutación Metálica;1972;728;3,45;2
2daf1353-76ab;Códice de el Mercurio Rojo;Aurelius Sterling;Historia de la Piedra;1845;944;4,4;5
e5befe13-f1a3;Tratado de la Quintaesencia;Morgana Nightshade;Transmutación Metálica;1955;951;1,59;44
a3500936-7d91;Tratado de la Transmutación Infinitas;Thalric Vance;Alquimia Teórica;1831;1332;4,99;28
7e94a944-92ad;Espejos de las Almas de Plomo;Aurelius Blackwood;Filosofía Prohibida;1849;575;1,53;49
a0a3be5a-86cd;Códice de la Quintaesencia;Balthazar Sterling;Filosofía Prohibida;1572;1126;1,31;17
0c6e3902-da1e;La Esencia de el Mercurio Rojo;Isolde Blackwood;Alquimia Teórica;1197;648;2,24;15
e685e718-b04a;El Aliento de la Quintaesencia;Morgana Blackwood;Historia de la Piedra;1205;155;1,2;4
970172b9-7a6e;Tratado de el Sol Negro;Isolde Vance;Transmutación Metálica;1562;597;4,52;33
d7eb5389-7a3e;Tratado de la Transmutación Infinitas;Elara Nightshade;Filosofía Prohibida;1468;350;1,63;1
e91cd76c-b5d9;El Aliento de la Transmutación Infinitas;Aurelius Flamel;Historia de la Piedra;1726;625;3,32;42
2a649141-051d;Vórtice de el Mercurio Rojo;Aurelius Nightshade;Filosofía Prohibida;1933;1200;3,25;23
53959184-472d;Tratado de la Quintaesencia;Isolde Grimoire;Alquimia Teórica;2021;1020;3,07;14
7ae2aa53-6437;El Aliento de las Almas de Plomo;Seraphine Grimoire;Transmutación Metálica;1227;98;2,94;46
61d1fd8f-fd8d;El Aliento de la Transmutación Infinitas;Aurelius Flamel;Historia de la Piedra;1892;1140;4,37;5
c282d6fd-e4aa;Sombras sobre el Mercurio Rojo;Balthazar Flamel;Historia de la Piedra;1264;1292;4,5;22
f1dd9163-9637;Sombras sobre el Azufre Sagrado;Elara Crowley;Transmutación Metálica;1588;828;1,46;28
54d41719-05a2;Códice de el Sol Negro;Aurelius Blackwood;Filosofía Prohibida;1546;1105;2;41
c5edbd47-12d5;Códice de el Mercurio Rojo;Balthazar Grimoire;Historia de la Piedra;1686;1254;4,13;11
e39a34e8-845a;El Aliento de la Transmutación Infinitas;Elara Nightshade;Filosofía Prohibida;1634;1226;1,07;43
6eb629c7-6199;El Enigma de el Azufre Sagrado;Thalric Sterling;Alquimia Teórica;1660;900;3,17;38
19974e5a-c2a0;El Aliento de la Quintaesencia;Elara Grimoire;Filosofía Prohibida;1919;976;4,07;48
9c14b36f-7329;Espejos de la Transmutación Infinitas;Balthazar Grimoire;Historia de la Piedra;1327;1483;1,2;5
31e2b107-17ba;El Aliento de el Azufre Sagrado;Elara Sterling;Botánica Arcana;1273;884;4,09;50
69f9d010-6926;Códice de las Almas de Plomo;Caspian Nightshade;Transmutación Metálica;1493;103;1,29;32
bbbb91dd-e43e;Espejos de la Transmutación Infinitas;Morgana Blackwood;Filosofía Prohibida;1434;494;2,15;34
862aff3b-8fd9;Espejos de la Transmutación Infinitas;Balthazar Flamel;Alquimia Teórica;1218;1112;2,89;3
ad524b42-ba53;Tratado de las Almas de Plomo;Thalric Sterling;Historia de la Piedra;1781;684;1,49;28
5c28477c-ef6a;Tratado de el Azufre Sagrado;Balthazar Vance;Filosofía Prohibida;1964;941;2,05;13
1932cfc3-f99a;Vórtice de el Azufre Sagrado;Seraphine Nightshade;Alquimia Teórica;1914;1106;4,42;25
ed54e3dc-44a1;Tratado de las Almas de Plomo;Balthazar Nightshade;Filosofía Prohibida;1383;624;4,85;49
0adee3e9-b5b6;El Aliento de el Sol Negro;Aurelius Blackwood;Transmutación Metálica;1673;1456;4,98;11
9f60a4d9-6ab9;Vórtice de el Azufre Sagrado;Balthazar Sterling;Transmutación Metálica;1271;777;4,15;44
552f2324-9ec2;El Aliento de el Mercurio Rojo;Isolde Blackwood;Alquimia Teórica;1655;789;4,85;21
cf5fcbb3-0106;Tratado de las Almas de Plomo;Thalric Vance;Alquimia Teórica;1983;408;4,69;50
24a5948d-ea51;Vórtice de la Quintaesencia;Seraphine Grimoire;Filosofía Prohibida;1260;1077;2,16;38
b1e799ac-a508;Espejos de el Sol Negro;Seraphine Sterling;Alquimia Teórica;1825;528;4,03;44
27e0e5cf-ed03;Vórtice de el Azufre Sagrado;Aurelius Sterling;Historia de la Piedra;1243;893;2,64;36
7ebfe8d5-8947;Sombras sobre el Sol Negro;Thalric Nightshade;Transmutación Metálica;1717;92;1,66;41
2fedc96c-e0b0;Espejos de el Sol Negro;Caspian Nightshade;Transmutación Metálica;1899;606;4,14;47
9dc44f28-cb9c;El Aliento de las Almas de Plomo;Aurelius Nightshade;Transmutación Metálica;1369;757;2,14;38
ee9f9ea2-23dd;Tratado de el Azufre Sagrado;Seraphine Sterling;Botánica Arcana;1599;483;2,41;27
5bd57be9-3f27;Vórtice de la Quintaesencia;Seraphine Flamel;Historia de la Piedra;1268;663;1,84;45
39033232-f114;Tratado de la Transmutación Infinitas;Thalric Sterling;Alquimia Teórica;1557;783;2,64;42
8da7224f-1c92;El Aliento de la Quintaesencia;Seraphine Flamel;Alquimia Teórica;1407;87;3,4;10
f7c5a55d-79c6;La Esencia de el Azufre Sagrado;Isolde Grimoire;Botánica Arcana;1154;1316;3,9;1
cd2cc18d-931c;Códice de el Mercurio Rojo;Seraphine Vance;Botánica Arcana;1233;1073;1,33;33
a471a929-fc1e;El Aliento de la Quintaesencia;Balthazar Crowley;Filosofía Prohibida;1341;741;4,42;50
4776b95d-2496;Vórtice de el Mercurio Rojo;Caspian Vance;Botánica Arcana;1701;709;2,51;33
38f10215-7054;La Esencia de la Quintaesencia;Seraphine Nightshade;Transmutación Metálica;1174;1321;3,98;21
9e31a348-c805;Tratado de el Sol Negro;Caspian Blackwood;Historia de la Piedra;1579;1494;1,2;13
c0153fde-f4f2;Tratado de el Sol Negro;Caspian Vance;Filosofía Prohibida;1476;1467;2,89;23
6bce7941-6890;El Enigma de la Transmutación Infinitas;Seraphine Nightshade;Historia de la Piedra;1499;1379;1,48;20
1615df8f-da4c;El Aliento de el Azufre Sagrado;Balthazar Vance;Filosofía Prohibida;1320;1005;1,71;2
84b18b9a-f780;Sombras sobre el Azufre Sagrado;Seraphine Grimoire;Transmutación Metálica;1903;189;1,42;21
a03cd29e-7a3e;La Esencia de la Transmutación Infinitas;Seraphine Grimoire;Filosofía Prohibida;1877;1241;4,46;25
c49d7c97-827b;Vórtice de la Quintaesencia;Aurelius Nightshade;Historia de la Piedra;1417;182;2;17
90ddc260-4cce;Códice de la Quintaesencia;Thalric Flamel;Alquimia Teórica;1787;795;1,03;19
d526ca81-7fe1;Sombras sobre el Azufre Sagrado;Elara Crowley;Filosofía Prohibida;1456;1166;1,98;22
bb6af138-979c;Espejos de el Azufre Sagrado;Balthazar Crowley;Historia de la Piedra;1126;1426;4,69;17
9036899e-f409;Espejos de el Mercurio Rojo;Thalric Vance;Transmutación Metálica;1245;1479;4,95;17
52a8f0d7-bb9a;El Enigma de la Quintaesencia;Caspian Sterling;Historia de la Piedra;1985;1485;1,54;45
f6b46931-879c;Espejos de el Mercurio Rojo;Isolde Flamel;Filosofía Prohibida;1241;301;1,21;49
92e902dd-64a0;Espejos de el Sol Negro;Morgana Flamel;Botánica Arcana;1361;1257;3,13;30
a94bbc18-d423;El Aliento de la Quintaesencia;Aurelius Sterling;Botánica Arcana;1297;835;4,42;11
322b9b0b-5f04;Sombras sobre la Transmutación Infinitas;Thalric Grimoire;Transmutación Metálica;1456;1473;1,85;35
02fae3cf-62a4;Tratado de la Transmutación Infinitas;Morgana Vance;Transmutación Metálica;1881;220;1,19;38
98cae754-476c;Vórtice de la Quintaesencia;Aurelius Flamel;Transmutación Metálica;1546;288;4,73;47
5e760938-7afa;El Enigma de el Azufre Sagrado;Balthazar Nightshade;Transmutación Metálica;1724;614;3,17;40
0d04bc99-7724;La Esencia de el Mercurio Rojo;Morgana Sterling;Botánica Arcana;1414;639;1,09;46
caa2fa9f-c1e3;Vórtice de el Azufre Sagrado;Elara Blackwood;Alquimia Teórica;1296;1253;4,63;8
a71c497d-a01d;Vórtice de la Quintaesencia;Elara Grimoire;Filosofía Prohibida;1288;952;3,98;30
b1c72a89-0860;Sombras sobre el Azufre Sagrado;Thalric Blackwood;Botánica Arcana;1427;161;4,16;3
09fc4a33-4734;La Esencia de las Almas de Plomo;Aurelius Crowley;Filosofía Prohibida;1481;701;3,16;2
dd386579-f5c2;Tratado de el Mercurio Rojo;Morgana Grimoire;Botánica Arcana;1865;930;1,33;27
af29e19f-e43b;Vórtice de el Azufre Sagrado;Seraphine Crowley;Transmutación Metálica;1635;1027;1,82;49
71c494ae-f051;Vórtice de el Mercurio Rojo;Balthazar Blackwood;Alquimia Teórica;1826;1318;2,05;23
2f1d142d-f4c1;Sombras sobre la Transmutación Infinitas;Isolde Flamel;Botánica Arcana;1608;1253;2,46;10
6438b389-0739;El Aliento de las Almas de Plomo;Isolde Sterling;Alquimia Teórica;1367;864;2,28;23
88f2179e-45b2;Tratado de el Azufre Sagrado;Balthazar Flamel;Botánica Arcana;1882;571;3,62;45
724d6a2c-2336;El Aliento de el Sol Negro;Caspian Flamel;Historia de la Piedra;1233;1442;2,17;20
9f46f8f9-1114;La Esencia de la Transmutación Infinitas;Balthazar Flamel;Alquimia Teórica;1456;504;2,55;45
279175bd-9502;El Aliento de la Transmutación Infinitas;Thalric Blackwood;Historia de la Piedra;1604;451;2,57;41
3f073046-b805;Espejos de el Mercurio Rojo;Aurelius Nightshade;Botánica Arcana;1629;182;1,32;38
f553b416-b2d4;Tratado de el Mercurio Rojo;Aurelius Grimoire;Transmutación Metálica;1411;386;4,68;40
a67acd26-a8a9;Códice de las Almas de Plomo;Thalric Crowley;Filosofía Prohibida;1122;87;3,25;21
1279bd7d-c031;Tratado de la Transmutación Infinitas;Balthazar Crowley;Historia de la Piedra;1721;374;3,95;32
468cbe24-b8ae;La Esencia de el Sol Negro;Aurelius Grimoire;Historia de la Piedra;1163;967;2,13;43
9b852260-843f;La Esencia de las Almas de Plomo;Seraphine Crowley;Transmutación Metálica;1533;185;2,75;13
aedfccdb-4d32;El Aliento de las Almas de Plomo;Balthazar Nightshade;Botánica Arcana;1522;1111;4,56;33
82df67ba-86f5;Tratado de la Transmutación Infinitas;Aurelius Blackwood;Alquimia Teórica;1290;499;4,55;9
1cab51f7-21d5;Espejos de el Sol Negro;Aurelius Sterling;Historia de la Piedra;1520;495;3,84;4
00c7f749-c04b;El Aliento de el Sol Negro;Elara Blackwood;Filosofía Prohibida;1457;1106;4,35;23
999430b5-2aa3;Códice de el Sol Negro;Morgana Sterling;Historia de la Piedra;1362;538;2,86;42
4a175490-f7d3;Vórtice de el Mercurio Rojo;Elara Vance;Historia de la Piedra;1351;707;1,66;38
4bfe062d-7507;Códice de el Mercurio Rojo;Aurelius Crowley;Botánica Arcana;1673;857;4,88;23
4cda5b80-40f5;Códice de las Almas de Plomo;Seraphine Crowley;Historia de la Piedra;1475;323;2,09;36
887d561c-4243;Espejos de la Transmutación Infinitas;Balthazar Flamel;Transmutación Metálica;1282;414;2,26;43
c45559c3-367b;Espejos de la Quintaesencia;Elara Flamel;Alquimia Teórica;1411;1204;4,74;17
726b81e0-e30d;Códice de las Almas de Plomo;Thalric Blackwood;Botánica Arcana;1831;642;1,1;38
f3a48882-d72d;El Aliento de el Azufre Sagrado;Caspian Nightshade;Filosofía Prohibida;1691;491;2,39;2
3f00cdeb-4e46;Tratado de el Sol Negro;Balthazar Blackwood;Transmutación Metálica;1708;831;4,05;43
3cca7094-2ec1;El Enigma de el Mercurio Rojo;Seraphine Grimoire;Alquimia Teórica;1902;1129;1,61;46
d086f4e3-a463;El Aliento de la Quintaesencia;Morgana Crowley;Transmutación Metálica;1332;1443;4,34;29
9b001cf1-c47e;El Aliento de la Quintaesencia;Balthazar Flamel;Alquimia Teórica;1463;352;2,03;21
2b1e24a3-bb64;La Esencia de el Azufre Sagrado;Morgana Sterling;Botánica Arcana;1248;1302;2,27;26
b799efb3-79b5;El Aliento de las Almas de Plomo;Balthazar Grimoire;Filosofía Prohibida;1893;995;1,01;29
c9111fb6-9891;Espejos de el Mercurio Rojo;Seraphine Crowley;Filosofía Prohibida;1909;150;4,87;38
ad4d3afe-ac1d;Sombras sobre la Quintaesencia;Thalric Blackwood;Historia de la Piedra;1368;1429;1,65;7
5f22b6bc-56b6;Espejos de el Azufre Sagrado;Balthazar Grimoire;Historia de la Piedra;1176;408;2,42;36
bbd1a2f2-e8fe;Espejos de la Quintaesencia;Balthazar Nightshade;Transmutación Metálica;1445;655;2,95;7
3b1a3d74-b6b1;El Enigma de el Azufre Sagrado;Aurelius Crowley;Transmutación Metálica;1230;903;1,21;25
4057f742-cb01;Sombras sobre el Azufre Sagrado;Caspian Sterling;Botánica Arcana;1354;181;3,53;13
59ce237a-27d5;Tratado de la Transmutación Infinitas;Balthazar Vance;Alquimia Teórica;1447;434;1,52;12
e05d58f3-12e4;La Esencia de el Sol Negro;Elara Sterling;Filosofía Prohibida;1265;1395;4,83;43
812c4417-af83;La Esencia de el Sol Negro;Elara Crowley;Botánica Arcana;1872;365;2,02;35
7833a87d-5345;Códice de las Almas de Plomo;Thalric Crowley;Filosofía Prohibida;1784;1354;3,31;48
100e21f7-a43e;La Esencia de el Mercurio Rojo;Morgana Sterling;Botánica Arcana;1385;585;3,78;0
6654f2c4-ca5c;Tratado de la Quintaesencia;Seraphine Nightshade;Transmutación Metálica;1384;520;2,71;49
2e7c4fd2-3904;La Esencia de el Mercurio Rojo;Aurelius Nightshade;Historia de la Piedra;1243;808;1,5;8
91924c3c-f129;Vórtice de el Azufre Sagrado;Isolde Blackwood;Historia de la Piedra;1330;777;4,09;36
e97751c2-be09;El Enigma de la Quintaesencia;Aurelius Sterling;Alquimia Teórica;1588;1388;2,89;12
418cb78f-ea5b;Espejos de la Quintaesencia;Seraphine Blackwood;Transmutación Metálica;1473;1032;2,69;31
4fba8a8e-c075;Códice de las Almas de Plomo;Caspian Nightshade;Historia de la Piedra;1923;1241;4,15;49
7a70aca1-e770;Códice de el Sol Negro;Aurelius Grimoire;Botánica Arcana;1594;1263;4,48;21
caa18cb6-1a9b;Códice de el Azufre Sagrado;Isolde Crowley;Botánica Arcana;1222;1231;1,46;24
85224bb5-276d;Espejos de las Almas de Plomo;Morgana Blackwood;Historia de la Piedra;1100;228;1,35;38
6654f0d1-2856;Tratado de la Transmutación Infinitas;Seraphine Flamel;Filosofía Prohibida;1702;764;4,69;6
2370ef95-e397;Sombras sobre la Transmutación Infinitas;Balthazar Flamel;Filosofía Prohibida;1223;1052;4,75;3
0be6afae-04dd;Sombras sobre la Quintaesencia;Isolde Sterling;Historia de la Piedra;1152;1441;1,32;27
0b642719-34aa;La Esencia de las Almas de Plomo;Isolde Sterling;Botánica Arcana;1870;1420;2,54;29
6d1aee48-4108;Vórtice de el Sol Negro;Thalric Sterling;Transmutación Metálica;1895;1277;3,06;28
077494d8-9fe8;Sombras sobre el Mercurio Rojo;Isolde Grimoire;Transmutación Metálica;1347;335;3,08;10
ac548e3e-1b24;Vórtice de las Almas de Plomo;Balthazar Flamel;Filosofía Prohibida;1412;1333;3,92;2
047d37e0-d9f3;El Enigma de las Almas de Plomo;Isolde Grimoire;Alquimia Teórica;1707;1444;4,06;3
3fd88b47-a0c9;El Aliento de el Mercurio Rojo;Isolde Grimoire;Historia de la Piedra;1315;949;1,58;28
d110b452-0861;La Esencia de el Mercurio Rojo;Elara Flamel;Historia de la Piedra;1350;1024;2,55;21
b5bb408b-d448;Códice de el Mercurio Rojo;Thalric Flamel;Transmutación Metálica;1732;608;4,89;5
5f8913b8-6d79;Códice de el Azufre Sagrado;Morgana Crowley;Filosofía Prohibida;1988;216;2,07;35
a4d3907a-9ed6;Códice de las Almas de Plomo;Balthazar Blackwood;Botánica Arcana;1355;1489;2,44;2
9d096380-e197;La Esencia de la Transmutación Infinitas;Elara Grimoire;Alquimia Teórica;1775;96;1,12;18
0aef5107-dce3;La Esencia de el Sol Negro;Balthazar Nightshade;Filosofía Prohibida;1545;228;3,11;11
5b8ea509-5962;Vórtice de el Azufre Sagrado;Thalric Crowley;Filosofía Prohibida;1718;888;3,68;5
b346f72a-2649;Tratado de la Transmutación Infinitas;Seraphine Blackwood;Botánica Arcana;1915;508;1,88;41
be0fa9dd-66aa;Códice de el Azufre Sagrado;Aurelius Flamel;Historia de la Piedra;1407;1242;4,62;34
676a13d3-dc93;Vórtice de la Transmutación Infinitas;Caspian Nightshade;Filosofía Prohibida;1427;730;1,48;23
f355bc4f-9a17;Códice de las Almas de Plomo;Balthazar Nightshade;Botánica Arcana;1649;1365;4,95;1
b0c491cd-4250;El Aliento de las Almas de Plomo;Thalric Vance;Transmutación Metálica;1300;338;2,5;26
7353dd12-84f5;El Enigma de la Quintaesencia;Seraphine Sterling;Filosofía Prohibida;1452;1456;1,52;27
826799b8-7fca;El Aliento de la Quintaesencia;Isolde Flamel;Botánica Arcana;1773;267;1,04;36
afe1e542-1c9f;Vórtice de las Almas de Plomo;Balthazar Blackwood;Transmutación Metálica;1243;1308;1,77;32
8092f78b-5261;El Enigma de las Almas de Plomo;Isolde Flamel;Transmutación Metálica;1521;920;4,62;27
bd656a3b-4ba7;Vórtice de la Transmutación Infinitas;Isolde Crowley;Alquimia Teórica;1539;1249;4,75;1
7a739c01-6926;Espejos de el Mercurio Rojo;Morgana Nightshade;Botánica Arcana;1781;1394;3,82;32
6afadfd8-73ea;El Enigma de las Almas de Plomo;Balthazar Vance;Historia de la Piedra;1536;798;1,13;13
7e93ffdc-dd9f;El Aliento de el Mercurio Rojo;Caspian Nightshade;Botánica Arcana;1183;1121;3,97;32
d04ffe9d-3e94;El Aliento de la Quintaesencia;Caspian Flamel;Botánica Arcana;1854;422;1,27;31
e32c6227-8d52;El Aliento de la Quintaesencia;Elara Vance;Historia de la Piedra;1578;331;3,76;35
9ab30b80-34e9;Códice de la Quintaesencia;Elara Blackwood;Transmutación Metálica;1457;1291;2,71;34
799a5f5e-44e2;El Enigma de el Sol Negro;Seraphine Crowley;Botánica Arcana;1100;114;4,48;36
bf58616b-ef2a;Sombras sobre el Azufre Sagrado;Morgana Sterling;Botánica Arcana;1717;1422;4,46;50
7004eee8-b46c;El Aliento de la Quintaesencia;Thalric Crowley;Alquimia Teórica;1900;464;1,75;28
a4a0620f-66c4;El Enigma de el Mercurio Rojo;Balthazar Flamel;Botánica Arcana;1817;1421;2,53;30
5ad63b25-db7d;Espejos de el Sol Negro;Isolde Vance;Botánica Arcana;1212;1002;1,77;49
831446bc-2552;Sombras sobre el Mercurio Rojo;Elara Vance;Filosofía Prohibida;1137;1160;3,7;16
26f2a77d-1d89;Códice de las Almas de Plomo;Elara Grimoire;Transmutación Metálica;1772;1448;1,32;29
6f901f44-fab6;Vórtice de la Transmutación Infinitas;Balthazar Sterling;Historia de la Piedra;1386;1450;3,41;27
8429cd26-6c8d;El Aliento de las Almas de Plomo;Thalric Blackwood;Alquimia Teórica;1856;941;3,54;38
e9e1403a-c0f6;Tratado de el Azufre Sagrado;Seraphine Sterling;Filosofía Prohibida;1172;677;1,39;24
e92c2c68-793a;Sombras sobre el Azufre Sagrado;Morgana Vance;Historia de la Piedra;1692;345;1,63;8
655e7c54-00e7;Sombras sobre el Mercurio Rojo;Isolde Vance;Transmutación Metálica;1646;991;3,98;48
17ed543e-2a14;El Aliento de el Azufre Sagrado;Thalric Flamel;Transmutación Metálica;1570;1065;2,49;44
900cd8b7-4995;El Enigma de el Azufre Sagrado;Caspian Vance;Botánica Arcana;1907;1033;4,27;24
77f53e53-7389;El Aliento de el Azufre Sagrado;Balthazar Crowley;Alquimia Teórica;1401;1000;4,69;33
22691f37-22cc;La Esencia de el Azufre Sagrado;Aurelius Sterling;Transmutación Metálica;1205;1069;4,12;25
2e1ef6c1-9515;Espejos de el Azufre Sagrado;Morgana Grimoire;Botánica Arcana;1137;93;1,72;38
513955cd-970f;La Esencia de el Sol Negro;Aurelius Vance;Alquimia Teórica;1282;130;3,57;43
2ef89e2b-fac1;El Aliento de la Transmutación Infinitas;Thalric Vance;Historia de la Piedra;1172;548;2,23;48
799c2953-9bb0;La Esencia de el Azufre Sagrado;Balthazar Sterling;Alquimia Teórica;1535;750;4,59;36
27c124d5-933f;El Aliento de la Transmutación Infinitas;Caspian Crowley;Botánica Arcana;1280;1102;3,79;6
c5285e92-bee8;La Esencia de el Sol Negro;Balthazar Flamel;Botánica Arcana;1125;623;2,47;19
61be4b15-a0c2;La Esencia de las Almas de Plomo;Isolde Nightshade;Botánica Arcana;1626;127;3,33;21
8825deb1-6faf;Vórtice de el Azufre Sagrado;Isolde Vance;Alquimia Teórica;1485;976;1,14;38
1e3ac493-704a;Sombras sobre la Transmutación Infinitas;Elara Grimoire;Filosofía Prohibida;1312;635;2,96;6
eb382dbb-ebd8;El Aliento de las Almas de Plomo;Thalric Nightshade;Transmutación Metálica;1220;1150;3,62;48
ee132372-08df;La Esencia de el Sol Negro;Thalric Flamel;Botánica Arcana;1735;1200;1,8;49
1e2dbcb4-6a63;El Enigma de el Mercurio Rojo;Balthazar Blackwood;Transmutación Metálica;1173;935;4,89;43
ff44d36c-a3ab;Sombras sobre la Transmutación Infinitas;Elara Vance;Botánica Arcana;1596;418;4,54;27
7eb76139-25f4;Vórtice de el Azufre Sagrado;Caspian Vance;Transmutación Metálica;1326;949;2,83;37
a795fd77-f62a;La Esencia de la Transmutación Infinitas;Morgana Vance;Alquimia Teórica;1908;1089;1,28;36
625422be-6c57;Códice de la Quintaesencia;Seraphine Flamel;Botánica Arcana;1548;1487;4,36;37
b2e28b84-7cb1;El Enigma de el Sol Negro;Seraphine Grimoire;Botánica Arcana;1389;421;2,23;49
faff4869-27f2;Tratado de el Mercurio Rojo;Isolde Flamel;Historia de la Piedra;1943;491;3,39;7
ec7fa403-7ed3;Tratado de la Quintaesencia;Seraphine Grimoire;Alquimia Teórica;1168;328;4,9;35
8ca817cb-923d;La Esencia de el Sol Negro;Aurelius Crowley;Historia de la Piedra;1648;256;2,75;28
74cc7b3e-0eff;El Aliento de el Azufre Sagrado;Aurelius Crowley;Botánica Arcana;1977;716;2,7;40
2cd39a6b-3866;Sombras sobre la Transmutación Infinitas;Elara Blackwood;Alquimia Teórica;1924;635;2,14;47
4ae25752-f5ec;El Aliento de el Azufre Sagrado;Thalric Flamel;Historia de la Piedra;1647;1213;4,75;20
5bf79b33-42ff;Tratado de las Almas de Plomo;Elara Vance;Alquimia Teórica;1181;1012;4,89;48
c7eee04e-4934;Espejos de las Almas de Plomo;Aurelius Crowley;Botánica Arcana;1369;191;3,33;37
22b84192-866a;Tratado de las Almas de Plomo;Morgana Flamel;Alquimia Teórica;1968;191;1,1;50
1b55b576-62ad;El Aliento de la Transmutación Infinitas;Thalric Grimoire;Historia de la Piedra;1256;958;4,07;27
fd2ce677-534f;El Enigma de la Quintaesencia;Seraphine Flamel;Botánica Arcana;1550;1343;3,68;22
74498eb5-41a7;Vórtice de el Azufre Sagrado;Elara Grimoire;Transmutación Metálica;1380;570;4,29;37
beab3443-0c4d;Códice de la Quintaesencia;Elara Sterling;Filosofía Prohibida;1431;1173;2,4;22
706a9543-c4ce;Tratado de el Mercurio Rojo;Elara Flamel;Transmutación Metálica;1159;1001;2,83;3
b392b365-588a;El Aliento de la Transmutación Infinitas;Caspian Nightshade;Botánica Arcana;1382;1191;2,47;24
569bb491-8e2a;Códice de el Sol Negro;Aurelius Vance;Botánica Arcana;1848;291;3,54;28
dade7881-efdf;El Aliento de el Mercurio Rojo;Aurelius Vance;Alquimia Teórica;1649;601;4,76;7
dd760ae6-56db;El Enigma de el Mercurio Rojo;Thalric Grimoire;Alquimia Teórica;1809;1054;3,91;27
73f563d4-59b1;El Enigma de el Azufre Sagrado;Seraphine Crowley;Alquimia Teórica;1518;1186;2,75;47
7d27141a-1b50;Tratado de las Almas de Plomo;Seraphine Crowley;Alquimia Teórica;1318;414;1,33;26
63abb6e3-e3b6;Tratado de la Transmutación Infinitas;Thalric Grimoire;Botánica Arcana;1795;1092;2,91;47
4331751c-6d2b;La Esencia de el Sol Negro;Caspian Vance;Transmutación Metálica;1167;603;2,62;1
699018cb-01ff;Códice de el Azufre Sagrado;Seraphine Sterling;Transmutación Metálica;1808;569;3,68;11
a312816c-438d;Espejos de las Almas de Plomo;Morgana Crowley;Filosofía Prohibida;1344;196;1,73;35
2f8c6b0a-820b;Vórtice de el Mercurio Rojo;Elara Grimoire;Alquimia Teórica;1631;1382;2,58;50
b9e7253a-6b23;El Aliento de las Almas de Plomo;Thalric Crowley;Alquimia Teórica;1804;188;4,42;16
9fd459be-34ec;Vórtice de el Azufre Sagrado;Morgana Vance;Botánica Arcana;1618;518;3;6
e153637e-80f3;El Aliento de la Transmutación Infinitas;Caspian Flamel;Alquimia Teórica;1244;915;3,04;45
161ad5f5-ef98;La Esencia de la Quintaesencia;Thalric Sterling;Filosofía Prohibida;1210;1427;1,29;9
cf3d532f-9788;Tratado de las Almas de Plomo;Morgana Crowley;Historia de la Piedra;1273;1089;2,28;1
417cd6c6-557a;Sombras sobre el Sol Negro;Balthazar Flamel;Transmutación Metálica;1732;1460;2,72;13
cc7311df-5fdc;La Esencia de la Transmutación Infinitas;Thalric Crowley;Botánica Arcana;1354;1170;4,23;39
66de3f6d-3161;El Enigma de el Mercurio Rojo;Morgana Flamel;Historia de la Piedra;1449;576;1,01;38
4b8f0094-9141;La Esencia de las Almas de Plomo;Morgana Nightshade;Filosofía Prohibida;1772;574;1,84;1
6c017f7e-0ea2;Espejos de el Mercurio Rojo;Elara Blackwood;Historia de la Piedra;1535;1411;4,1;43
a63572d4-0d87;El Enigma de el Mercurio Rojo;Balthazar Nightshade;Historia de la Piedra;1857;1276;3,55;11
b16f4cf3-54f7;La Esencia de la Quintaesencia;Thalric Flamel;Alquimia Teórica;1527;837;3,95;36
1df68f5d-9e1e;La Esencia de el Sol Negro;Morgana Grimoire;Botánica Arcana;1467;962;2,64;13
4c3013bf-b707;Tratado de la Transmutación Infinitas;Seraphine Blackwood;Historia de la Piedra;1569;1078;4,11;6
5a53dcff-92a9;El Aliento de el Mercurio Rojo;Caspian Crowley;Botánica Arcana;1535;953;4,83;34
34a221d5-59e9;El Enigma de el Azufre Sagrado;Seraphine Grimoire;Alquimia Teórica;1376;1221;3,79;50
7f602040-ec19;Vórtice de las Almas de Plomo;Caspian Blackwood;Historia de la Piedra;1280;487;2,4;26
48647899-de04;El Aliento de el Sol Negro;Isolde Blackwood;Alquimia Teórica;1336;1321;1,41;32
365f8267-b0cd;El Aliento de la Transmutación Infinitas;Balthazar Grimoire;Alquimia Teórica;2021;976;2,89;29
5ba602c7-becf;Tratado de las Almas de Plomo;Isolde Blackwood;Filosofía Prohibida;1922;323;3,95;7
cb28dfa8-39df;El Enigma de las Almas de Plomo;Aurelius Flamel;Filosofía Prohibida;1216;999;4,49;1
875bee8c-f1de;Códice de el Mercurio Rojo;Morgana Nightshade;Historia de la Piedra;1415;1108;3,77;3
ecbdc439-5dff;Vórtice de el Azufre Sagrado;Elara Sterling;Filosofía Prohibida;1640;1163;3,14;22
64b0321d-da36;Códice de el Sol Negro;Thalric Vance;Filosofía Prohibida;1659;984;1,66;50
9e52efaa-859d;El Aliento de el Azufre Sagrado;Aurelius Sterling;Filosofía Prohibida;1781;1256;1,13;2
98e7d40e-3558;Códice de la Quintaesencia;Morgana Vance;Transmutación Metálica;1840;865;3,52;16
55bff147-b0f4;Vórtice de el Mercurio Rojo;Elara Sterling;Alquimia Teórica;1915;701;3,73;8
06b2dc10-8188;Vórtice de la Transmutación Infinitas;Morgana Vance;Historia de la Piedra;1295;1256;1,45;22
252c93e9-1323;Espejos de las Almas de Plomo;Isolde Sterling;Filosofía Prohibida;1143;713;2,56;6
e3c6afc3-c5ee;Códice de la Transmutación Infinitas;Aurelius Flamel;Alquimia Teórica;1528;1197;3,78;40
65b6f09d-675a;Espejos de las Almas de Plomo;Aurelius Crowley;Historia de la Piedra;1525;932;2,02;8
e03061b1-851e;Tratado de la Transmutación Infinitas;Seraphine Nightshade;Transmutación Metálica;1604;1337;3,42;26
0b24ded4-3477;El Aliento de el Azufre Sagrado;Balthazar Crowley;Botánica Arcana;1178;774;2,95;4
31104c6b-bb1c;El Enigma de el Sol Negro;Thalric Flamel;Transmutación Metálica;1709;778;1,64;46
9c0afdc1-05d3;Sombras sobre el Azufre Sagrado;Isolde Vance;Filosofía Prohibida;1716;1129;3,01;10
7e340356-6eb0;Códice de el Sol Negro;Caspian Flamel;Historia de la Piedra;1543;764;1,44;40
128af108-bdc1;El Aliento de la Transmutación Infinitas;Seraphine Nightshade;Filosofía Prohibida;1555;507;1,67;44
c2e88881-a1d4;Sombras sobre el Azufre Sagrado;Elara Blackwood;Botánica Arcana;1456;1085;2,98;34
5410c7dc-0d2c;El Aliento de la Transmutación Infinitas;Caspian Nightshade;Transmutación Metálica;1592;1430;3,12;24
2d65711f-6a8e;Sombras sobre el Mercurio Rojo;Thalric Flamel;Filosofía Prohibida;1651;1203;2,39;27
e6c78807-de43;El Aliento de el Mercurio Rojo;Isolde Blackwood;Historia de la Piedra;1611;794;1,01;22
5595e01c-053a;Vórtice de la Quintaesencia;Morgana Crowley;Transmutación Metálica;1948;1311;2,69;9
3cb65b60-d6de;El Aliento de el Azufre Sagrado;Aurelius Grimoire;Historia de la Piedra;1112;379;2,59;13
783e0007-10e9;El Aliento de el Azufre Sagrado;Morgana Flamel;Botánica Arcana;1221;175;2,19;30
893ab246-e36f;Sombras sobre la Quintaesencia;Aurelius Sterling;Filosofía Prohibida;1633;1273;2,02;40
f600085c-8996;Sombras sobre la Quintaesencia;Seraphine Flamel;Alquimia Teórica;1398;949;1,86;15
6fba3fe8-9c36;El Enigma de la Transmutación Infinitas;Isolde Sterling;Transmutación Metálica;1196;245;3,43;14
76a4725f-9441;Tratado de el Azufre Sagrado;Seraphine Grimoire;Alquimia Teórica;1723;125;4,97;5
80e56b79-4e07;El Aliento de la Transmutación Infinitas;Seraphine Crowley;Botánica Arcana;1508;1352;2,16;13
7fbae2e6-6ff6;Sombras sobre el Azufre Sagrado;Aurelius Blackwood;Botánica Arcana;2006;496;3,83;15
fe038335-87ab;Sombras sobre el Azufre Sagrado;Seraphine Nightshade;Historia de la Piedra;1246;949;3,12;40
f659f7b4-5de9;El Aliento de la Quintaesencia;Thalric Crowley;Filosofía Prohibida;1211;1447;4,42;34
c4bead6b-6215;El Enigma de el Sol Negro;Caspian Flamel;Historia de la Piedra;1680;709;2,49;2
4d753ff3-06fd;Sombras sobre el Mercurio Rojo;Seraphine Vance;Historia de la Piedra;1462;669;3,42;24
f7bfc57d-2cd5;Códice de la Quintaesencia;Isolde Grimoire;Historia de la Piedra;1456;1269;1,88;15
d9a26d02-2682;Códice de el Mercurio Rojo;Balthazar Vance;Historia de la Piedra;1528;979;1,82;25
1e02fb60-7a73;Códice de el Sol Negro;Aurelius Nightshade;Alquimia Teórica;1482;1241;2,84;38
0aef4ebb-cdfa;Tratado de el Sol Negro;Elara Sterling;Transmutación Metálica;1922;405;4,86;45
f53042c6-90c4;Tratado de el Sol Negro;Caspian Flamel;Alquimia Teórica;2000;283;2,08;7
f1225382-903a;El Enigma de la Transmutación Infinitas;Balthazar Flamel;Botánica Arcana;1827;483;3,22;50
668052a6-9142;Sombras sobre el Sol Negro;Balthazar Blackwood;Alquimia Teórica;1572;218;2,55;14
93827bfd-5c18;Códice de la Transmutación Infinitas;Morgana Grimoire;Filosofía Prohibida;1688;1050;1,18;1
f7e0032d-5c62;El Enigma de las Almas de Plomo;Balthazar Vance;Filosofía Prohibida;1507;223;3,14;7
f732d88d-4a96;El Enigma de el Azufre Sagrado;Elara Flamel;Alquimia Teórica;1472;529;3,02;0
4b5b325e-8099;Códice de el Azufre Sagrado;Balthazar Grimoire;Historia de la Piedra;1316;1006;3,6;25
c6a64e7e-f8d3;El Aliento de el Sol Negro;Elara Blackwood;Transmutación Metálica;1861;208;4,95;48
2eb13c65-24a7;El Aliento de el Mercurio Rojo;Isolde Vance;Botánica Arcana;1741;997;1,29;49
81d080e1-26e4;Sombras sobre el Mercurio Rojo;Isolde Crowley;Botánica Arcana;1335;245;1,8;38
ff1fc2e1-6106;El Aliento de la Transmutación Infinitas;Seraphine Vance;Alquimia Teórica;1598;257;3,99;13
145f0441-2bda;El Aliento de las Almas de Plomo;Seraphine Nightshade;Alquimia Teórica;1980;964;4,73;6
c9c338a0-a3fe;Códice de las Almas de Plomo;Caspian Vance;Historia de la Piedra;1625;224;1,38;32
7c8ce8b6-7c44;El Aliento de el Sol Negro;Elara Nightshade;Transmutación Metálica;1169;681;3,18;40
e3f095ad-271e;El Aliento de el Sol Negro;Aurelius Flamel;Botánica Arcana;1726;667;4,63;11
daf3b8e3-b46f;Espejos de la Quintaesencia;Balthazar Nightshade;Historia de la Piedra;1512;265;3,78;36
f5d6356e-6710;Espejos de la Transmutación Infinitas;Isolde Vance;Filosofía Prohibida;1729;1170;2,92;19
baf8d875-180d;La Esencia de el Mercurio Rojo;Balthazar Flamel;Alquimia Teórica;1332;369;1,01;27
d22f0ed5-3276;Tratado de el Azufre Sagrado;Aurelius Nightshade;Transmutación Metálica;1624;1104;4,14;47
d258e933-2a30;Sombras sobre la Quintaesencia;Thalric Crowley;Historia de la Piedra;1237;514;3,67;22
9f195407-857c;Tratado de el Mercurio Rojo;Isolde Nightshade;Historia de la Piedra;1245;323;3,55;14
a5208950-f9a8;Espejos de el Mercurio Rojo;Seraphine Vance;Historia de la Piedra;1932;464;3,16;28
98239fbe-fefa;El Aliento de el Azufre Sagrado;Elara Sterling;Alquimia Teórica;1607;1338;4,97;24
da7ab122-28eb;La Esencia de el Sol Negro;Seraphine Sterling;Alquimia Teórica;1549;140;3,27;43
5b5e415c-13c5;Espejos de el Mercurio Rojo;Caspian Crowley;Historia de la Piedra;1772;253;1,24;45
fc5c7ecc-5f84;Sombras sobre el Azufre Sagrado;Seraphine Blackwood;Alquimia Teórica;1608;870;2,34;47
46b7983c-3768;El Aliento de el Sol Negro;Thalric Crowley;Filosofía Prohibida;1335;280;2,93;13
0724bdf1-4030;Sombras sobre la Transmutación Infinitas;Morgana Grimoire;Botánica Arcana;1249;1477;3,34;20
e8ab85af-6fa7;Espejos de el Mercurio Rojo;Morgana Grimoire;Historia de la Piedra;1297;1248;3,18;40
775c45ad-7683;Códice de el Mercurio Rojo;Thalric Vance;Historia de la Piedra;1205;881;4,09;43
2614e96f-0e07;El Aliento de el Mercurio Rojo;Morgana Sterling;Botánica Arcana;1585;339;4,52;46
f90a14a2-45c7;La Esencia de la Transmutación Infinitas;Seraphine Sterling;Historia de la Piedra;1127;1414;2,59;10
bd32c48b-43ee;Sombras sobre el Mercurio Rojo;Thalric Grimoire;Transmutación Metálica;1719;1372;3,23;37
42c61801-54aa;Espejos de la Transmutación Infinitas;Thalric Blackwood;Botánica Arcana;1699;733;3,97;23
52354e09-0d79;La Esencia de el Sol Negro;Caspian Blackwood;Transmutación Metálica;1473;1046;1,54;31
7849a5fd-e7db;Códice de el Azufre Sagrado;Isolde Nightshade;Alquimia Teórica;1871;419;4,73;28
a2a21bc4-d8f4;Espejos de las Almas de Plomo;Thalric Sterling;Alquimia Teórica;1162;1106;1,64;21
bb411ecc-ec0e;Espejos de las Almas de Plomo;Caspian Flamel;Filosofía Prohibida;1296;988;4,59;11
19b8bc75-b374;Sombras sobre las Almas de Plomo;Isolde Blackwood;Botánica Arcana;1292;1402;1,31;26
713861fd-38b0;Vórtice de el Azufre Sagrado;Elara Blackwood;Historia de la Piedra;1556;1413;2;10
b122249a-7929;El Aliento de el Mercurio Rojo;Aurelius Sterling;Transmutación Metálica;1684;1441;2,09;45
95636769-561e;Tratado de el Mercurio Rojo;Elara Grimoire;Transmutación Metálica;1598;584;3,62;14
cc1d3a83-ae8b;El Enigma de el Azufre Sagrado;Elara Vance;Transmutación Metálica;1225;1160;3,22;18
80444383-9764;El Enigma de las Almas de Plomo;Caspian Flamel;Filosofía Prohibida;1430;530;1,18;4
b1e51527-944d;Espejos de el Mercurio Rojo;Elara Sterling;Transmutación Metálica;1898;303;2,28;23
5e9e68a2-1873;El Aliento de el Sol Negro;Morgana Nightshade;Alquimia Teórica;1898;1209;1,6;50
aafd019c-bb7d;Sombras sobre las Almas de Plomo;Thalric Blackwood;Alquimia Teórica;1600;984;4,43;38
0592d52e-d3bb;La Esencia de la Quintaesencia;Thalric Vance;Historia de la Piedra;1576;430;2,14;0
a7c97dcb-aa0c;La Esencia de la Quintaesencia;Seraphine Blackwood;Alquimia Teórica;2000;443;4,29;22
291e5798-ff3c;Espejos de la Quintaesencia;Morgana Vance;Botánica Arcana;1319;1281;2,99;22
9df0b5a5-1a88;Sombras sobre el Mercurio Rojo;Caspian Flamel;Botánica Arcana;1419;788;2,04;32
c180f890-76d0;La Esencia de las Almas de Plomo;Isolde Sterling;Transmutación Metálica;1984;1374;4,57;42
54ca3973-29e1;Códice de la Transmutación Infinitas;Balthazar Crowley;Filosofía Prohibida;1383;669;1,16;49
a26fd501-c78b;La Esencia de las Almas de Plomo;Seraphine Crowley;Filosofía Prohibida;1771;261;4,48;41
1ee90d04-d7fd;El Aliento de las Almas de Plomo;Morgana Crowley;Alquimia Teórica;1998;1437;3,43;12
45df22c5-6065;La Esencia de el Sol Negro;Aurelius Nightshade;Botánica Arcana;1283;1277;1,03;40
cd3cc516-ed65;Sombras sobre las Almas de Plomo;Seraphine Crowley;Historia de la Piedra;1979;260;3,47;4
bf9228af-8348;Sombras sobre las Almas de Plomo;Aurelius Crowley;Filosofía Prohibida;1337;1022;2,41;34
7d37ae17-514a;Espejos de el Azufre Sagrado;Morgana Sterling;Alquimia Teórica;1876;1443;3,98;27
286aefb0-f199;Tratado de la Transmutación Infinitas;Caspian Crowley;Historia de la Piedra;1177;93;4,6;16
c2da3937-8444;El Enigma de el Sol Negro;Balthazar Grimoire;Transmutación Metálica;1247;1491;1,14;28
af005846-f9da;El Aliento de las Almas de Plomo;Elara Flamel;Historia de la Piedra;1953;1300;1,79;3
49e17238-b086;El Aliento de el Mercurio Rojo;Isolde Nightshade;Transmutación Metálica;1202;872;2,75;4
98bbbe22-ff33;El Aliento de la Quintaesencia;Aurelius Grimoire;Alquimia Teórica;1630;285;1,82;4
116bc393-c148;La Esencia de la Transmutación Infinitas;Seraphine Nightshade;Alquimia Teórica;1869;1257;2,55;38
bcdaee51-773e;Espejos de la Quintaesencia;Thalric Blackwood;Botánica Arcana;1222;1030;4,12;38
2d531ed2-6ecc;La Esencia de el Sol Negro;Isolde Grimoire;Transmutación Metálica;1529;1200;1,19;42
af946ea9-36e2;La Esencia de las Almas de Plomo;Thalric Vance;Alquimia Teórica;1749;948;4,35;13
9551001c-9c1e;Códice de las Almas de Plomo;Morgana Sterling;Alquimia Teórica;1619;874;1,58;42
72875ec4-fdf3;El Aliento de la Quintaesencia;Elara Blackwood;Filosofía Prohibida;1631;936;4,41;27
87cf1cb1-c2fe;Espejos de la Transmutación Infinitas;Caspian Grimoire;Historia de la Piedra;1674;910;2,13;16
05dc83d6-1c02;Sombras sobre la Transmutación Infinitas;Thalric Flamel;Botánica Arcana;1584;442;2,23;3
18dd5be7-d8d2;Vórtice de la Quintaesencia;Morgana Crowley;Alquimia Teórica;1713;1178;2,49;3
49829ec0-a1ba;Vórtice de las Almas de Plomo;Elara Blackwood;Alquimia Teórica;1523;419;3,65;20
10b02c28-d030;La Esencia de la Quintaesencia;Isolde Vance;Filosofía Prohibida;1834;213;3,35;35
f153ba91-0798;Espejos de el Azufre Sagrado;Balthazar Grimoire;Filosofía Prohibida;1145;392;2,18;12
7e815ea2-008d;Códice de la Quintaesencia;Elara Grimoire;Historia de la Piedra;1648;1415;3,41;37
000e033d-82e7;La Esencia de la Transmutación Infinitas;Morgana Crowley;Botánica Arcana;1775;617;4,6;38
99e57a9a-eb45;El Enigma de el Mercurio Rojo;Morgana Flamel;Historia de la Piedra;1264;151;3,78;9
0fe29164-460d;El Enigma de el Azufre Sagrado;Morgana Crowley;Historia de la Piedra;1847;645;2,55;8
87859eb5-0c48;Vórtice de las Almas de Plomo;Balthazar Flamel;Transmutación Metálica;1112;407;3,85;26
bd6fb23e-2c4a;Tratado de la Quintaesencia;Morgana Nightshade;Historia de la Piedra;1188;519;1,03;36
bf1389f2-9f39;Sombras sobre el Sol Negro;Isolde Nightshade;Historia de la Piedra;1481;880;2,54;28
d8137aff-070a;El Enigma de el Sol Negro;Morgana Vance;Alquimia Teórica;1578;943;4,41;46
fadbfd51-2718;El Enigma de el Sol Negro;Isolde Grimoire;Alquimia Teórica;1483;729;4,96;25
c3132df9-bca6;Espejos de la Quintaesencia;Seraphine Sterling;Alquimia Teórica;1537;803;1,9;9
60425fc2-fd84;Códice de el Mercurio Rojo;Aurelius Vance;Historia de la Piedra;1981;1226;1,41;11
28caf995-30c1;Vórtice de la Quintaesencia;Balthazar Grimoire;Transmutación Metálica;1974;1246;3,59;19
ba91d2f5-eeaa;Sombras sobre el Sol Negro;Balthazar Flamel;Alquimia Teórica;1591;221;3,44;16
0b3b3af1-1235;Espejos de el Azufre Sagrado;Seraphine Nightshade;Filosofía Prohibida;1228;1041;4,7;25
dc353ead-cbd9;Espejos de la Quintaesencia;Aurelius Blackwood;Botánica Arcana;1462;1423;3,48;22
1e5eb094-2dac;El Aliento de el Sol Negro;Seraphine Flamel;Transmutación Metálica;2022;329;3,85;22
89d93fa5-4d5c;Códice de el Sol Negro;Balthazar Flamel;Botánica Arcana;1329;698;2,3;45
509d87d1-94d7;Espejos de el Mercurio Rojo;Aurelius Vance;Historia de la Piedra;1496;391;1,5;8
7cc23139-73d0;El Enigma de el Sol Negro;Thalric Vance;Botánica Arcana;1917;278;2,92;3
67e6da68-b2ac;Vórtice de el Mercurio Rojo;Caspian Nightshade;Historia de la Piedra;1423;1060;1,16;17
75280382-2cd2;El Enigma de el Mercurio Rojo;Balthazar Flamel;Botánica Arcana;1951;1282;2,66;34
2ccc5638-e061;El Aliento de la Transmutación Infinitas;Isolde Flamel;Alquimia Teórica;1303;1053;3,94;17
9ba00242-edef;Espejos de el Azufre Sagrado;Thalric Flamel;Filosofía Prohibida;1906;1437;2,73;23
f2c0fe4c-16e1;Códice de la Transmutación Infinitas;Elara Nightshade;Botánica Arcana;1911;989;4,77;40
52e27ffa-1827;El Enigma de el Sol Negro;Elara Sterling;Alquimia Teórica;1975;412;4,9;37
a123fde4-2513;Sombras sobre la Transmutación Infinitas;Isolde Sterling;Historia de la Piedra;1445;874;4,62;42
537860ae-af3e;La Esencia de el Mercurio Rojo;Isolde Vance;Transmutación Metálica;1770;174;1,37;22
d8feec43-5e88;El Enigma de las Almas de Plomo;Balthazar Blackwood;Filosofía Prohibida;1424;819;4,44;26
1258e2f4-4027;Espejos de la Transmutación Infinitas;Seraphine Blackwood;Botánica Arcana;1229;1283;3,64;32
c13955ef-3eef;Espejos de el Sol Negro;Thalric Grimoire;Filosofía Prohibida;1144;505;4,92;16
987d2c22-ce60;Sombras sobre el Mercurio Rojo;Thalric Grimoire;Historia de la Piedra;1806;375;2,22;28
bdb288fe-dd90;Sombras sobre el Azufre Sagrado;Elara Vance;Alquimia Teórica;1874;226;2,38;31
6e54f40c-4917;Códice de el Sol Negro;Morgana Sterling;Historia de la Piedra;1758;541;4;19
89d2d467-607b;El Enigma de las Almas de Plomo;Seraphine Flamel;Filosofía Prohibida;1589;496;4;0
123b087d-5668;La Esencia de el Mercurio Rojo;Caspian Grimoire;Filosofía Prohibida;1443;757;1,35;11
fe897ec2-3378;Códice de la Transmutación Infinitas;Aurelius Crowley;Alquimia Teórica;1826;994;3,26;43
b65ee3cf-7e1d;Vórtice de la Quintaesencia;Aurelius Sterling;Filosofía Prohibida;1123;1050;1,98;3
49948366-86c1;Espejos de el Sol Negro;Isolde Sterling;Historia de la Piedra;1358;444;1,26;3
bfd8834e-c473;Vórtice de el Mercurio Rojo;Morgana Flamel;Transmutación Metálica;1156;760;2,53;40
306ad5ef-4f86;La Esencia de la Transmutación Infinitas;Seraphine Nightshade;Filosofía Prohibida;1332;820;3,5;13
f9b5fa94-e54b;Espejos de el Sol Negro;Morgana Crowley;Botánica Arcana;1767;122;2,66;46
0b890003-54f1;Códice de el Mercurio Rojo;Seraphine Crowley;Alquimia Teórica;1504;115;4,36;14
805e7f08-ff0e;Sombras sobre la Transmutación Infinitas;Caspian Sterling;Transmutación Metálica;1290;929;1,42;28
d2ebef62-b278;El Enigma de la Quintaesencia;Elara Flamel;Botánica Arcana;1218;325;3,38;11
c3218cdd-e85d;El Aliento de el Sol Negro;Morgana Crowley;Historia de la Piedra;1887;511;1,91;31
5dcf393d-4208;Tratado de la Transmutación Infinitas;Aurelius Flamel;Filosofía Prohibida;1339;877;3,76;38
f0f69580-946f;El Aliento de la Transmutación Infinitas;Thalric Sterling;Transmutación Metálica;1147;152;1,49;34
2177ac2f-0873;Vórtice de las Almas de Plomo;Elara Blackwood;Botánica Arcana;1463;887;3,02;14
3401c4db-730f;Códice de las Almas de Plomo;Aurelius Sterling;Historia de la Piedra;1316;1185;1,59;48
40e726de-e948;El Enigma de la Quintaesencia;Isolde Sterling;Botánica Arcana;1759;1277;3,28;42
0f0b1e76-e119;Vórtice de el Sol Negro;Elara Nightshade;Filosofía Prohibida;1834;1045;2,43;7
30fa44b5-1a72;Tratado de el Azufre Sagrado;Aurelius Sterling;Botánica Arcana;1806;918;3,11;38
a0d1e3ec-a833;Espejos de el Azufre Sagrado;Thalric Flamel;Botánica Arcana;2011;203;3,83;18
7165271c-62b8;Vórtice de el Sol Negro;Thalric Nightshade;Botánica Arcana;1297;1095;4,35;11
7f960668-1b53;Tratado de el Sol Negro;Morgana Vance;Transmutación Metálica;1278;1345;4,94;25
acd1854e-a5c5;Espejos de el Sol Negro;Isolde Blackwood;Alquimia Teórica;1861;924;4,35;38
360edc68-4ada;Tratado de la Quintaesencia;Thalric Crowley;Alquimia Teórica;1890;179;4,08;21
2b659046-d78f;Vórtice de la Transmutación Infinitas;Elara Blackwood;Alquimia Teórica;1988;1325;4,31;42
863b8446-73bd;El Enigma de las Almas de Plomo;Elara Grimoire;Historia de la Piedra;1245;161;4,73;34
a5946ec8-f6c8;El Aliento de las Almas de Plomo;Morgana Crowley;Transmutación Metálica;1413;1002;2,65;29
5a30b223-9a08;La Esencia de la Transmutación Infinitas;Isolde Flamel;Filosofía Prohibida;1645;833;2,5;39
7b10b580-0275;Tratado de la Quintaesencia;Thalric Sterling;Filosofía Prohibida;1364;1472;4,66;14
134a3aa1-6257;Sombras sobre el Azufre Sagrado;Morgana Nightshade;Alquimia Teórica;1582;357;3,95;48
3cfc48e0-fb5f;Tratado de la Transmutación Infinitas;Caspian Crowley;Alquimia Teórica;1337;703;3,74;3
abba8727-d3a8;El Aliento de la Quintaesencia;Elara Crowley;Historia de la Piedra;1822;435;2,78;9
d4062527-040d;Vórtice de el Sol Negro;Morgana Vance;Alquimia Teórica;1793;619;3,78;12
e0ed7562-4a19;Vórtice de las Almas de Plomo;Aurelius Nightshade;Historia de la Piedra;1206;1431;2,68;6
93999fcb-fb75;Sombras sobre la Quintaesencia;Isolde Nightshade;Botánica Arcana;1979;116;3,92;16
a7d42629-24a4;Códice de la Transmutación Infinitas;Elara Grimoire;Filosofía Prohibida;1841;338;4,89;44
f1597024-393d;Espejos de las Almas de Plomo;Aurelius Blackwood;Alquimia Teórica;1642;165;3,93;5
9384e906-5a11;El Enigma de la Quintaesencia;Elara Vance;Botánica Arcana;1583;928;3,87;12
33c2e977-9baf;El Enigma de la Quintaesencia;Isolde Sterling;Alquimia Teórica;1587;231;4,41;23
b64d78d2-0d84;Sombras sobre el Mercurio Rojo;Seraphine Blackwood;Filosofía Prohibida;1656;146;1,28;29
65a8eeb4-fedf;Espejos de la Transmutación Infinitas;Aurelius Nightshade;Transmutación Metálica;1117;1130;1,4;21
f0b4755d-1b7e;La Esencia de las Almas de Plomo;Isolde Crowley;Botánica Arcana;1320;337;3,29;36
92fd9c30-18da;Tratado de la Transmutación Infinitas;Seraphine Crowley;Historia de la Piedra;1429;675;4,83;43
54a6c8fc-99c8;Espejos de el Azufre Sagrado;Isolde Blackwood;Botánica Arcana;1277;123;2,95;16
64f8778a-0245;Tratado de el Mercurio Rojo;Seraphine Blackwood;Alquimia Teórica;1341;637;2,59;46
0a9b64be-7771;El Enigma de el Sol Negro;Aurelius Nightshade;Historia de la Piedra;1422;85;3,03;6
7aa37694-6333;La Esencia de la Quintaesencia;Aurelius Grimoire;Historia de la Piedra;1141;1247;1,04;48
d2c0cb6a-8467;El Enigma de las Almas de Plomo;Aurelius Flamel;Historia de la Piedra;1623;1289;2,11;31
3933edef-2919;Sombras sobre el Sol Negro;Isolde Vance;Alquimia Teórica;1458;1427;4,18;25
4f184c78-325b;El Aliento de las Almas de Plomo;Morgana Blackwood;Botánica Arcana;1102;483;2,57;8
8bdca7a2-52d6;Espejos de el Mercurio Rojo;Balthazar Nightshade;Transmutación Metálica;1486;471;1,59;40
6bd14723-1201;Códice de las Almas de Plomo;Thalric Vance;Historia de la Piedra;1773;1496;3,64;4
45ae2ec0-9c10;Sombras sobre el Mercurio Rojo;Isolde Grimoire;Botánica Arcana;1649;1138;2,87;42
d1905f5b-6cc2;El Enigma de la Transmutación Infinitas;Morgana Vance;Botánica Arcana;1898;1330;4,17;39
13b0d821-23c1;El Aliento de la Transmutación Infinitas;Seraphine Nightshade;Botánica Arcana;1197;405;4,32;15
aa3ea115-0e18;Tratado de las Almas de Plomo;Isolde Crowley;Botánica Arcana;1329;550;3,57;6
ab3e4779-d723;Vórtice de el Sol Negro;Thalric Blackwood;Botánica Arcana;1898;683;2,08;45
4e6d7162-2056;El Enigma de el Mercurio Rojo;Balthazar Nightshade;Filosofía Prohibida;1396;743;3,93;37
de393646-6a3c;Códice de el Sol Negro;Elara Blackwood;Filosofía Prohibida;1617;1144;3,29;32
bb8a5820-81ef;La Esencia de la Quintaesencia;Elara Sterling;Alquimia Teórica;1744;347;3,95;2
625c9a22-ebb6;El Enigma de la Transmutación Infinitas;Caspian Sterling;Alquimia Teórica;1257;1394;1,16;2
67b4739e-7b35;Códice de la Transmutación Infinitas;Elara Vance;Alquimia Teórica;1527;1099;2,85;27
7368d20d-514b;Espejos de las Almas de Plomo;Thalric Grimoire;Filosofía Prohibida;2011;1125;2,78;5
a20e1fa6-8ee6;Vórtice de el Sol Negro;Aurelius Blackwood;Botánica Arcana;1676;184;4,93;4
4d0023ed-9060;Tratado de el Azufre Sagrado;Seraphine Crowley;Alquimia Teórica;1187;801;1,36;27
55a98359-a46c;Vórtice de el Sol Negro;Elara Vance;Historia de la Piedra;1991;256;4,86;1
3eaa755c-2d5e;Espejos de la Quintaesencia;Isolde Blackwood;Botánica Arcana;1930;1165;3,66;12
743ece18-0f7f;Espejos de el Mercurio Rojo;Morgana Crowley;Alquimia Teórica;1120;1441;1,79;34
a981899f-bd28;Vórtice de las Almas de Plomo;Morgana Nightshade;Botánica Arcana;1592;861;2,57;36
4ccdc3b1-2524;La Esencia de el Mercurio Rojo;Elara Nightshade;Historia de la Piedra;1223;288;1,21;17
7ac9fba3-1728;Sombras sobre el Azufre Sagrado;Isolde Grimoire;Botánica Arcana;1875;216;2,3;34
36ddfba2-551a;Códice de la Quintaesencia;Seraphine Nightshade;Alquimia Teórica;1926;1489;4,83;13
96a97d81-178b;La Esencia de el Azufre Sagrado;Elara Sterling;Alquimia Teórica;1460;1375;3,92;19
b6a21c79-a0c5;La Esencia de la Quintaesencia;Elara Blackwood;Botánica Arcana;1795;268;2,38;17
f06921fe-3a46;El Enigma de el Azufre Sagrado;Thalric Grimoire;Historia de la Piedra;1570;325;2,33;41
413ec38e-5d31;La Esencia de la Quintaesencia;Isolde Crowley;Botánica Arcana;1666;318;3,84;39
6756fa83-5281;El Enigma de las Almas de Plomo;Isolde Nightshade;Transmutación Metálica;1154;929;4,47;19
c7b4e30a-0e04;El Aliento de el Mercurio Rojo;Elara Blackwood;Botánica Arcana;1469;1491;4,1;49
4b8ea5df-b35b;Tratado de la Quintaesencia;Aurelius Sterling;Alquimia Teórica;1483;87;1,09;17
259a35f7-f4b4;El Aliento de el Mercurio Rojo;Caspian Grimoire;Filosofía Prohibida;1275;567;1,59;43
82e5d6b4-c1b1;El Aliento de las Almas de Plomo;Balthazar Blackwood;Transmutación Metálica;2021;430;3,45;10
9ebb450d-fad7;Vórtice de el Azufre Sagrado;Morgana Sterling;Transmutación Metálica;1609;1347;4,17;15
164cfea6-5b9c;Códice de el Mercurio Rojo;Caspian Blackwood;Alquimia Teórica;1122;783;2,53;8
91d1ad46-89f0;Espejos de la Quintaesencia;Thalric Flamel;Filosofía Prohibida;1106;326;4,92;8
49a5b94b-6c84;Espejos de la Transmutación Infinitas;Caspian Flamel;Botánica Arcana;1934;846;2,92;6
b439abc0-4094;Códice de el Azufre Sagrado;Elara Grimoire;Historia de la Piedra;1760;248;3,81;11
ec27879b-c9c2;El Enigma de el Azufre Sagrado;Caspian Grimoire;Transmutación Metálica;1237;586;1,39;31
4adb3e67-d241;El Enigma de el Mercurio Rojo;Thalric Nightshade;Alquimia Teórica;1982;164;3,88;11
4a783f5e-8924;El Enigma de la Quintaesencia;Balthazar Sterling;Botánica Arcana;1284;1073;2,4;18
e031fee9-de04;Sombras sobre las Almas de Plomo;Aurelius Crowley;Botánica Arcana;1931;1356;3,12;24
652baa9d-ae82;La Esencia de el Mercurio Rojo;Morgana Vance;Botánica Arcana;1412;202;2,87;39
17ee1d08-4659;El Enigma de la Quintaesencia;Aurelius Sterling;Botánica Arcana;2025;552;3,36;5
98b8b9e0-acef;El Enigma de el Mercurio Rojo;Seraphine Flamel;Transmutación Metálica;1346;802;2,75;13
523702eb-073e;El Aliento de las Almas de Plomo;Caspian Flamel;Historia de la Piedra;1637;794;3,95;22
7f3f8163-4a9e;La Esencia de el Azufre Sagrado;Balthazar Nightshade;Botánica Arcana;1735;954;1,66;33
91577b2c-c872;Vórtice de las Almas de Plomo;Seraphine Blackwood;Transmutación Metálica;1186;859;4,73;22
d1e7d678-407d;Espejos de el Sol Negro;Balthazar Crowley;Transmutación Metálica;1949;974;2,41;9
fe651467-52dd;Espejos de el Mercurio Rojo;Isolde Flamel;Filosofía Prohibida;1979;330;1,96;11
34084dfc-b410;Sombras sobre el Azufre Sagrado;Elara Flamel;Filosofía Prohibida;1465;780;1,5;21
6784881f-42d1;La Esencia de la Transmutación Infinitas;Elara Blackwood;Transmutación Metálica;1594;1122;3,03;45
af1c41be-0f63;Espejos de el Azufre Sagrado;Seraphine Crowley;Botánica Arcana;1180;213;4,29;5
ae68309f-8982;La Esencia de la Transmutación Infinitas;Thalric Flamel;Filosofía Prohibida;1518;1309;1,75;15
5e16f20f-5453;El Enigma de la Quintaesencia;Thalric Sterling;Alquimia Teórica;1330;1037;2,33;8
66b71a66-208c;El Aliento de el Mercurio Rojo;Isolde Sterling;Alquimia Teórica;1522;1165;2,94;49
12382863-665b;La Esencia de el Sol Negro;Elara Vance;Historia de la Piedra;1633;1042;1,85;29
66f92531-1f91;Códice de las Almas de Plomo;Caspian Nightshade;Filosofía Prohibida;1684;474;2,59;17
991407e8-001f;Sombras sobre la Transmutación Infinitas;Morgana Sterling;Transmutación Metálica;1370;1163;2,9;32
50d00860-db2a;Vórtice de la Quintaesencia;Elara Flamel;Historia de la Piedra;1821;171;4,52;46
7992da05-34cd;La Esencia de el Sol Negro;Thalric Grimoire;Historia de la Piedra;1634;316;3,59;23
ac17efd4-bd2b;La Esencia de la Quintaesencia;Thalric Nightshade;Botánica Arcana;1983;423;2,56;44
f2fd17c6-4dbf;El Aliento de la Quintaesencia;Seraphine Blackwood;Filosofía Prohibida;1251;1102;2,1;45
b7c3e561-af50;El Enigma de el Mercurio Rojo;Isolde Crowley;Botánica Arcana;1547;753;2,81;11
5f7dc0f6-a941;Espejos de el Sol Negro;Elara Blackwood;Historia de la Piedra;1548;280;4,61;0
ebbb3d4a-9b42;Códice de las Almas de Plomo;Aurelius Blackwood;Alquimia Teórica;1351;633;1,42;20
9a0134f1-f65c;Espejos de las Almas de Plomo;Elara Flamel;Historia de la Piedra;1340;101;3,29;35
0d4a3fed-81d8;El Enigma de la Transmutación Infinitas;Morgana Flamel;Transmutación Metálica;1462;698;2,87;33
590b81a4-e94b;La Esencia de las Almas de Plomo;Caspian Crowley;Transmutación Metálica;1159;1196;2,92;14
04ad8b6d-0cc5;El Aliento de la Quintaesencia;Balthazar Sterling;Historia de la Piedra;1267;410;2,72;41
ab465410-0f5e;Códice de la Transmutación Infinitas;Seraphine Blackwood;Alquimia Teórica;1284;1412;4,76;32
32551f4d-a524;Sombras sobre las Almas de Plomo;Thalric Grimoire;Alquimia Teórica;1264;685;2,87;22
5f03c687-f401;Sombras sobre el Sol Negro;Balthazar Vance;Filosofía Prohibida;1428;1074;2,74;27
7e533740-c453;Tratado de el Sol Negro;Seraphine Nightshade;Transmutación Metálica;1531;1033;3,67;20
77e8f055-c314;Espejos de las Almas de Plomo;Seraphine Blackwood;Botánica Arcana;1634;437;4,55;13
30d04c65-11bf;Vórtice de las Almas de Plomo;Caspian Vance;Historia de la Piedra;1463;1387;3,6;13
a4bea32f-94c0;El Enigma de la Quintaesencia;Balthazar Blackwood;Filosofía Prohibida;1500;620;3,59;28
32f28a54-84ac;Códice de el Sol Negro;Morgana Nightshade;Botánica Arcana;1301;239;4,37;31
5e76930f-a68a;El Enigma de la Quintaesencia;Morgana Crowley;Historia de la Piedra;1634;120;4,58;47
a8132084-c23c;Espejos de la Transmutación Infinitas;Thalric Sterling;Transmutación Metálica;1924;1163;3,29;21
84cd5fbf-34c5;El Enigma de el Sol Negro;Morgana Crowley;Botánica Arcana;1269;1333;1,57;44
66960ce6-34b8;La Esencia de la Quintaesencia;Caspian Sterling;Alquimia Teórica;1755;243;1,33;25
74f0041f-169e;Tratado de la Quintaesencia;Isolde Grimoire;Historia de la Piedra;1927;254;3,49;15
95997917-00ea;Vórtice de el Mercurio Rojo;Balthazar Nightshade;Botánica Arcana;1739;1290;2,57;4
d25fd47e-8a03;Sombras sobre la Transmutación Infinitas;Seraphine Grimoire;Alquimia Teórica;1188;438;1,22;50
f1fe074e-8d01;Códice de el Sol Negro;Morgana Blackwood;Transmutación Metálica;1260;1385;3,95;1
2911711c-f1e6;Sombras sobre el Mercurio Rojo;Morgana Flamel;Filosofía Prohibida;1249;182;4,01;46
387c232e-1d93;Códice de el Mercurio Rojo;Seraphine Nightshade;Historia de la Piedra;1759;676;3,47;26
c4e016c8-80b4;Espejos de el Mercurio Rojo;Elara Sterling;Transmutación Metálica;1220;1328;3,7;43
622d7e2a-b444;Tratado de el Sol Negro;Seraphine Blackwood;Alquimia Teórica;1737;794;2,59;17
5d7899bd-18b2;Códice de la Transmutación Infinitas;Thalric Crowley;Botánica Arcana;1535;228;3,47;44
b4957229-967f;Sombras sobre el Sol Negro;Thalric Flamel;Alquimia Teórica;1928;1066;3,44;21
4757a7be-a234;Sombras sobre la Quintaesencia;Balthazar Sterling;Historia de la Piedra;1672;688;3,08;29
11ecbea0-f7bb;El Enigma de el Sol Negro;Seraphine Vance;Transmutación Metálica;1739;927;3,71;12
4d30b13f-730c;El Aliento de el Mercurio Rojo;Balthazar Flamel;Filosofía Prohibida;1684;908;2,2;49
7f675b0d-a556;Tratado de el Sol Negro;Balthazar Nightshade;Filosofía Prohibida;1583;1209;2,61;0
1bf15081-2a7e;Códice de el Azufre Sagrado;Balthazar Sterling;Historia de la Piedra;1669;220;3,31;27
b2d5d1e5-8f2d;Sombras sobre el Mercurio Rojo;Seraphine Grimoire;Alquimia Teórica;1284;863;3,07;18
bdad3fde-b5b7;Vórtice de las Almas de Plomo;Seraphine Sterling;Historia de la Piedra;2008;263;3,61;25
2062a1b9-cc05;La Esencia de las Almas de Plomo;Thalric Nightshade;Alquimia Teórica;1567;1224;1,31;37
be627ee0-ff5e;Códice de la Quintaesencia;Seraphine Vance;Filosofía Prohibida;1143;410;1,54;20
e5b04f5b-375e;Vórtice de la Transmutación Infinitas;Balthazar Crowley;Transmutación Metálica;1712;1266;2,49;41
07781469-d6d1;Tratado de el Sol Negro;Thalric Flamel;Transmutación Metálica;1954;1389;1,02;30
c0d1bfb4-9c0c;Tratado de el Mercurio Rojo;Elara Sterling;Historia de la Piedra;1493;1168;2,92;34
78d1963f-cea7;La Esencia de la Transmutación Infinitas;Aurelius Vance;Botánica Arcana;1702;1255;3,33;2
446b2336-05e6;Vórtice de las Almas de Plomo;Isolde Grimoire;Transmutación Metálica;1882;206;2,56;5
1334612a-fdce;El Aliento de la Transmutación Infinitas;Seraphine Vance;Alquimia Teórica;1267;703;1,21;3
d77ac48d-80cf;Tratado de la Transmutación Infinitas;Seraphine Crowley;Botánica Arcana;1469;992;1,49;4
06614d04-803b;Tratado de el Mercurio Rojo;Thalric Blackwood;Filosofía Prohibida;1444;1162;3,16;36
4efe8a00-82a8;Sombras sobre el Mercurio Rojo;Morgana Vance;Filosofía Prohibida;1315;807;4,72;13
a0a2245b-4d85;Sombras sobre las Almas de Plomo;Balthazar Blackwood;Transmutación Metálica;1508;382;3,5;7
bfcd980c-063a;Sombras sobre el Mercurio Rojo;Isolde Flamel;Historia de la Piedra;1131;883;4,77;36
64d5926e-c846;Espejos de el Mercurio Rojo;Isolde Blackwood;Alquimia Teórica;1762;982;2,42;16
d848bdb2-1203;El Enigma de el Sol Negro;Balthazar Sterling;Transmutación Metálica;1758;981;1,29;9
15b8e589-924d;Espejos de las Almas de Plomo;Balthazar Flamel;Historia de la Piedra;1107;920;4,4;9
63aedee2-fc42;Espejos de el Mercurio Rojo;Isolde Sterling;Botánica Arcana;1671;636;3,23;39
332e04d0-81dc;Vórtice de el Sol Negro;Balthazar Blackwood;Filosofía Prohibida;1872;126;2,4;15
3b3f6e43-69bf;Espejos de las Almas de Plomo;Thalric Grimoire;Botánica Arcana;1486;296;4,91;48
3051df6d-523c;La Esencia de las Almas de Plomo;Elara Sterling;Filosofía Prohibida;1143;214;3,66;25
7916b8dc-d683;Códice de la Transmutación Infinitas;Aurelius Flamel;Botánica Arcana;1474;328;2,04;3
26dff07c-2cc0;Sombras sobre la Quintaesencia;Elara Grimoire;Botánica Arcana;1362;588;1,76;38
73f31fb7-e2ed;Tratado de el Sol Negro;Isolde Flamel;Historia de la Piedra;1662;596;4,54;29
2092219b-e1f7;La Esencia de el Azufre Sagrado;Thalric Sterling;Historia de la Piedra;2004;902;4,79;37
b3de5a77-8e15;Tratado de la Transmutación Infinitas;Elara Blackwood;Botánica Arcana;1651;1217;4,6;39
1bc8a915-d7bd;Sombras sobre el Sol Negro;Morgana Nightshade;Botánica Arcana;1995;143;2,07;4
5918f088-1ed2;La Esencia de la Quintaesencia;Balthazar Vance;Historia de la Piedra;1431;288;2,39;5
7071b76c-ab8a;Tratado de el Mercurio Rojo;Balthazar Crowley;Filosofía Prohibida;1491;1185;2,19;29
699ee11b-dbf8;El Enigma de el Sol Negro;Caspian Nightshade;Alquimia Teórica;1691;1138;3,29;22
34471784-a062;Códice de el Sol Negro;Morgana Blackwood;Alquimia Teórica;1472;1030;3,67;5
053dd1b8-4968;Sombras sobre el Mercurio Rojo;Aurelius Sterling;Alquimia Teórica;1148;1469;4,06;43
4c184d1d-e7a3;Vórtice de la Transmutación Infinitas;Seraphine Crowley;Botánica Arcana;1622;1404;4,75;24
dcb46d27-4af0;Espejos de el Mercurio Rojo;Elara Nightshade;Botánica Arcana;1790;535;3,46;18
4e415ce1-d8fe;Sombras sobre las Almas de Plomo;Elara Vance;Historia de la Piedra;1312;959;1,68;27
a5965cda-0e45;Vórtice de el Sol Negro;Balthazar Vance;Filosofía Prohibida;1923;1353;1,12;27
40f295f4-ef31;Sombras sobre las Almas de Plomo;Isolde Grimoire;Botánica Arcana;1551;512;4,18;14
fec44e10-59e0;La Esencia de la Quintaesencia;Seraphine Blackwood;Historia de la Piedra;1244;482;2,58;0
464f5e36-a0da;Espejos de el Azufre Sagrado;Elara Sterling;Transmutación Metálica;1444;1197;2,33;29
126e2bcf-e7c1;Tratado de las Almas de Plomo;Balthazar Blackwood;Historia de la Piedra;1401;527;3,65;45
da892c51-7639;Sombras sobre el Azufre Sagrado;Seraphine Crowley;Botánica Arcana;1605;587;3,04;41
c9bdc118-b20e;Espejos de la Transmutación Infinitas;Isolde Grimoire;Alquimia Teórica;1313;189;2,16;27
a2e081cb-89e6;Vórtice de las Almas de Plomo;Isolde Crowley;Filosofía Prohibida;1111;282;2,06;44
41ae5cae-057f;El Enigma de las Almas de Plomo;Seraphine Vance;Historia de la Piedra;1212;213;4,71;7
7db3e7b3-fab6;Sombras sobre la Quintaesencia;Isolde Flamel;Transmutación Metálica;1139;564;1,28;31
2175e0ac-7531;El Aliento de el Sol Negro;Morgana Grimoire;Botánica Arcana;1228;982;1,81;16
0381d3e1-d311;Vórtice de la Quintaesencia;Thalric Sterling;Historia de la Piedra;1499;615;4,03;7
2d05ce00-0c43;Vórtice de la Quintaesencia;Thalric Crowley;Botánica Arcana;1566;270;4,25;46
c8bb586b-c855;La Esencia de el Mercurio Rojo;Caspian Vance;Historia de la Piedra;1713;1039;3,34;47
423b9967-9ccd;Códice de las Almas de Plomo;Aurelius Crowley;Filosofía Prohibida;1700;524;2,33;4
abbd0e44-4265;Vórtice de el Azufre Sagrado;Balthazar Flamel;Transmutación Metálica;1254;528;1,75;36
be0c6fad-06eb;Sombras sobre la Quintaesencia;Balthazar Sterling;Transmutación Metálica;1582;157;3,61;32
f8791cf7-fed0;Espejos de el Mercurio Rojo;Seraphine Blackwood;Filosofía Prohibida;1288;111;4,18;8
87036d92-f551;Códice de la Quintaesencia;Morgana Crowley;Transmutación Metálica;1130;1480;2,94;47
a52a3902-f5e6;Sombras sobre la Transmutación Infinitas;Morgana Vance;Historia de la Piedra;1151;1248;1,09;27
accf67cb-3e57;Códice de la Quintaesencia;Thalric Grimoire;Transmutación Metálica;1432;1357;3,33;26
8651e128-a7b0;Tratado de la Quintaesencia;Seraphine Crowley;Botánica Arcana;1173;331;3,78;30
fc908df2-e031;La Esencia de las Almas de Plomo;Aurelius Crowley;Transmutación Metálica;1878;1111;4,26;25
1da0f0dc-bbb5;El Enigma de el Azufre Sagrado;Elara Grimoire;Transmutación Metálica;1207;779;3,52;9
f5f25a02-30a5;Sombras sobre el Sol Negro;Thalric Sterling;Transmutación Metálica;2024;743;2,34;18
18e32b2f-2d98;Vórtice de el Sol Negro;Elara Grimoire;Botánica Arcana;1227;862;1,93;36
9b12e2f4-e86c;Vórtice de las Almas de Plomo;Isolde Crowley;Alquimia Teórica;1530;150;4,23;8
d2b5421d-e284;Códice de el Mercurio Rojo;Balthazar Blackwood;Transmutación Metálica;1457;162;4,94;34
5d003265-cd8d;El Enigma de el Azufre Sagrado;Seraphine Grimoire;Historia de la Piedra;1495;823;4,83;33
8ec372c0-9d71;La Esencia de las Almas de Plomo;Aurelius Blackwood;Alquimia Teórica;1352;1379;2,79;11
d0dff00f-d793;El Enigma de el Azufre Sagrado;Thalric Sterling;Historia de la Piedra;1238;815;4,88;47
3c89fda4-2638;Códice de el Mercurio Rojo;Thalric Blackwood;Transmutación Metálica;1428;791;4,08;34
68d52f64-084a;La Esencia de la Transmutación Infinitas;Thalric Sterling;Alquimia Teórica;1190;186;3,27;39
bb26edbd-e836;Códice de el Sol Negro;Aurelius Sterling;Transmutación Metálica;1642;230;3,05;8
2cffbd47-9587;El Aliento de el Mercurio Rojo;Thalric Nightshade;Botánica Arcana;1567;499;2,07;44
4aa0d7a3-05b0;El Enigma de la Transmutación Infinitas;Aurelius Crowley;Botánica Arcana;1835;943;1,24;47
cb53649a-ec7f;Códice de la Transmutación Infinitas;Isolde Crowley;Filosofía Prohibida;1153;858;1,68;7
4424a8b6-0c7e;Tratado de la Transmutación Infinitas;Elara Blackwood;Transmutación Metálica;1451;1158;4,18;41
a485ace7-2adb;Vórtice de el Sol Negro;Isolde Flamel;Filosofía Prohibida;1318;864;2,05;47
872ca667-7441;Sombras sobre la Quintaesencia;Caspian Nightshade;Botánica Arcana;1559;481;3,96;12
3a1fd832-3840;Espejos de el Azufre Sagrado;Isolde Flamel;Botánica Arcana;1327;694;2,39;44
274af265-a8b7;Espejos de el Sol Negro;Balthazar Crowley;Botánica Arcana;1958;733;3,4;0
d096dc33-698f;Vórtice de la Transmutación Infinitas;Elara Sterling;Transmutación Metálica;1943;1047;4,84;36
69ff9ebd-b8ff;Tratado de el Sol Negro;Elara Nightshade;Transmutación Metálica;1798;1187;4,05;3
4ec770d9-4f1e;El Aliento de el Azufre Sagrado;Isolde Blackwood;Botánica Arcana;1955;405;2,83;2
4a68c66f-1346;Tratado de el Mercurio Rojo;Morgana Nightshade;Transmutación Metálica;1559;286;3,24;49
4122e345-18be;Tratado de las Almas de Plomo;Balthazar Grimoire;Alquimia Teórica;1264;1409;2,68;29
8c363345-a2f0;Códice de el Azufre Sagrado;Seraphine Sterling;Botánica Arcana;1145;728;3,01;11
24d9c318-b9d3;Códice de la Transmutación Infinitas;Elara Blackwood;Historia de la Piedra;1439;312;1,36;36
3c5fe015-0136;Códice de las Almas de Plomo;Isolde Flamel;Transmutación Metálica;1347;218;1,78;10
5a7ce6c3-88e0;Sombras sobre las Almas de Plomo;Morgana Blackwood;Historia de la Piedra;1722;634;3,77;25
d340d350-aa00;La Esencia de la Transmutación Infinitas;Morgana Vance;Alquimia Teórica;1707;925;1,04;5
bcbe7240-635a;Espejos de la Quintaesencia;Isolde Flamel;Transmutación Metálica;1139;157;2,02;14
07a4bade-8ea1;Vórtice de el Sol Negro;Isolde Blackwood;Botánica Arcana;1617;269;1,99;8
1921b585-6f0a;El Aliento de el Azufre Sagrado;Aurelius Vance;Botánica Arcana;1433;295;2,14;28
f1827bb7-1fa5;El Aliento de el Azufre Sagrado;Isolde Sterling;Botánica Arcana;1807;919;3,34;35
1588b0d0-7def;Vórtice de el Azufre Sagrado;Aurelius Nightshade;Filosofía Prohibida;1542;348;3,75;21
e20c2ddc-000f;Tratado de las Almas de Plomo;Elara Blackwood;Botánica Arcana;1836;1336;4,3;4
7a86aa79-2143;Vórtice de el Sol Negro;Aurelius Sterling;Transmutación Metálica;1503;1086;2,49;25
754f9aff-dea0;Tratado de el Sol Negro;Aurelius Grimoire;Transmutación Metálica;1751;1029;3,68;18
f009054d-658f;Espejos de el Sol Negro;Caspian Blackwood;Alquimia Teórica;1871;986;4,9;0
95e6c2d2-ab2b;Espejos de el Azufre Sagrado;Seraphine Sterling;Transmutación Metálica;1120;836;1,14;35
ccabb3d9-5a44;La Esencia de las Almas de Plomo;Thalric Nightshade;Botánica Arcana;1307;1343;4,66;27
55470168-a3fd;Espejos de el Sol Negro;Balthazar Vance;Alquimia Teórica;1376;1149;4,47;20
a3f83a06-5237;El Aliento de el Sol Negro;Seraphine Crowley;Alquimia Teórica;1189;110;3,78;19
c353aef0-0495;El Aliento de la Transmutación Infinitas;Balthazar Sterling;Filosofía Prohibida;1548;1169;4,28;44
7367e4e5-5215;La Esencia de el Sol Negro;Seraphine Vance;Historia de la Piedra;1327;1123;2,8;0
cff29101-6554;La Esencia de la Quintaesencia;Elara Flamel;Alquimia Teórica;1644;1424;1,48;15
85c12f2a-d091;Tratado de el Azufre Sagrado;Morgana Nightshade;Historia de la Piedra;1116;186;2,05;38
5b7f2f42-a399;Códice de el Sol Negro;Isolde Grimoire;Filosofía Prohibida;1638;1044;4,5;35
3b44ddb7-ed74;El Enigma de las Almas de Plomo;Thalric Blackwood;Alquimia Teórica;1424;582;4,06;36
3d16be91-ad37;La Esencia de la Quintaesencia;Isolde Flamel;Alquimia Teórica;1551;1378;4,3;27
12e31830-27d9;Espejos de el Azufre Sagrado;Seraphine Crowley;Filosofía Prohibida;1609;783;2,11;34
931e6855-d14a;La Esencia de las Almas de Plomo;Aurelius Sterling;Alquimia Teórica;1111;1388;3,12;45
c33ff718-2918;Códice de el Mercurio Rojo;Isolde Grimoire;Botánica Arcana;1533;874;1,11;3
e6f3059c-29ed;El Aliento de el Sol Negro;Thalric Grimoire;Filosofía Prohibida;1696;390;2,67;21
bd24b6b0-ac99;Espejos de la Transmutación Infinitas;Seraphine Nightshade;Historia de la Piedra;1964;674;1,8;23
e4967dcc-b437;Vórtice de las Almas de Plomo;Thalric Sterling;Botánica Arcana;1754;681;1,87;27
8bd063de-6eae;Códice de la Transmutación Infinitas;Thalric Flamel;Filosofía Prohibida;1452;927;3,16;34
03563eaa-7653;Tratado de el Mercurio Rojo;Isolde Crowley;Historia de la Piedra;1769;449;4,53;9
de193f4c-07da;El Aliento de las Almas de Plomo;Morgana Grimoire;Transmutación Metálica;1556;137;3,1;38
ac5f6e17-3249;Sombras sobre las Almas de Plomo;Elara Grimoire;Filosofía Prohibida;1536;589;2,65;40
48a031a3-6e54;La Esencia de las Almas de Plomo;Seraphine Blackwood;Historia de la Piedra;1493;1345;3,79;30
3fd14581-94b4;Vórtice de el Azufre Sagrado;Thalric Flamel;Historia de la Piedra;1466;358;4,26;13
c269b670-d84f;Sombras sobre el Sol Negro;Caspian Blackwood;Alquimia Teórica;1146;1325;4,16;17
8fd6f8f5-4534;Vórtice de la Quintaesencia;Morgana Nightshade;Alquimia Teórica;1858;281;2,63;28
f7898d43-e1e2;El Enigma de la Transmutación Infinitas;Elara Grimoire;Historia de la Piedra;1916;503;3,47;35
48fbe380-d22c;Códice de la Quintaesencia;Seraphine Blackwood;Transmutación Metálica;1258;478;1,36;39
94f6177f-82e7;Vórtice de el Sol Negro;Balthazar Sterling;Alquimia Teórica;2002;1012;2,34;32
8390f279-fcfa;Sombras sobre el Azufre Sagrado;Seraphine Crowley;Filosofía Prohibida;1355;480;2,85;6
b12266f3-8276;La Esencia de el Mercurio Rojo;Isolde Blackwood;Alquimia Teórica;1437;1483;4,94;34
9b95b85e-c6cc;El Aliento de la Transmutación Infinitas;Elara Crowley;Alquimia Teórica;1727;484;4,22;42
3ffb2362-719d;Tratado de la Transmutación Infinitas;Thalric Blackwood;Alquimia Teórica;1158;405;3,89;41
8cd64195-43de;Códice de el Mercurio Rojo;Balthazar Blackwood;Historia de la Piedra;1797;1327;1,53;15
4e8c8996-f733;Espejos de la Quintaesencia;Isolde Crowley;Historia de la Piedra;1401;183;3,35;25
02ea24b7-6372;Códice de el Mercurio Rojo;Isolde Sterling;Alquimia Teórica;1235;996;1,06;19
1b0a7443-d6fd;Códice de el Sol Negro;Elara Flamel;Historia de la Piedra;1278;761;3,64;22
8786ab62-b0f5;Espejos de las Almas de Plomo;Balthazar Vance;Transmutación Metálica;1711;1372;2,78;34
a81571aa-ed5d;Códice de las Almas de Plomo;Elara Grimoire;Transmutación Metálica;1383;449;4,62;10
3b5394ba-ea5e;El Enigma de el Sol Negro;Thalric Flamel;Transmutación Metálica;1267;1360;2,54;47
f10430c8-cf67;Códice de el Azufre Sagrado;Aurelius Grimoire;Alquimia Teórica;1408;956;2,13;33
fb823148-9334;Vórtice de las Almas de Plomo;Isolde Flamel;Transmutación Metálica;1341;1241;4,98;18
1cd87f65-1575;El Aliento de la Transmutación Infinitas;Isolde Sterling;Historia de la Piedra;1499;1251;4,2;2
779ee379-d42d;Sombras sobre las Almas de Plomo;Isolde Grimoire;Transmutación Metálica;1583;790;2,52;46
00a4dac9-4d90;Espejos de la Quintaesencia;Seraphine Blackwood;Historia de la Piedra;1246;1172;4,49;7
8fe16f78-690d;Espejos de las Almas de Plomo;Isolde Blackwood;Alquimia Teórica;1462;83;4,87;2
1aa54136-ebab;Sombras sobre el Mercurio Rojo;Morgana Blackwood;Botánica Arcana;1209;149;4,55;36
e46dd173-85d0;Vórtice de la Quintaesencia;Caspian Flamel;Filosofía Prohibida;1694;350;1,59;34
2bc2c76c-02c9;Tratado de las Almas de Plomo;Seraphine Flamel;Transmutación Metálica;1263;975;3,95;9
dbe752af-b24a;Códice de la Quintaesencia;Morgana Crowley;Alquimia Teórica;1467;918;3,34;20
647ab695-00da;El Aliento de la Transmutación Infinitas;Thalric Vance;Filosofía Prohibida;1878;1198;3,41;39
830d2ae2-5c9d;Sombras sobre la Transmutación Infinitas;Morgana Crowley;Filosofía Prohibida;1994;928;2,31;5
e8324ccc-2fb5;Sombras sobre la Quintaesencia;Elara Nightshade;Alquimia Teórica;1481;1046;2,54;35
39dc085b-0ed2;El Aliento de el Mercurio Rojo;Elara Crowley;Transmutación Metálica;1331;851;4,78;29
02b5fd62-01b2;Vórtice de el Azufre Sagrado;Elara Nightshade;Historia de la Piedra;1343;612;2,31;21
73e66d83-4134;Sombras sobre el Azufre Sagrado;Elara Flamel;Botánica Arcana;1156;713;4,63;44
f64a6177-14d1;Sombras sobre el Azufre Sagrado;Elara Blackwood;Transmutación Metálica;1977;808;3,44;44
28484a73-30f3;Sombras sobre el Azufre Sagrado;Caspian Flamel;Transmutación Metálica;1425;825;2,76;43
849e49f3-ba77;El Enigma de las Almas de Plomo;Caspian Nightshade;Historia de la Piedra;1741;889;2,74;9
e495f756-938c;El Aliento de el Sol Negro;Isolde Crowley;Historia de la Piedra;1595;205;3,14;49
20ce520e-3815;Tratado de el Sol Negro;Thalric Sterling;Alquimia Teórica;1412;1180;1,57;21
41939c86-c768;El Aliento de el Azufre Sagrado;Elara Nightshade;Alquimia Teórica;1722;1500;1,29;48
f89ea116-0ebf;Tratado de el Mercurio Rojo;Elara Vance;Transmutación Metálica;1850;683;1,68;2
809f944f-633b;El Aliento de las Almas de Plomo;Morgana Nightshade;Transmutación Metálica;1158;672;4,21;19
d82c58bd-2bf2;Sombras sobre la Quintaesencia;Morgana Blackwood;Filosofía Prohibida;1827;1045;1,57;47
891ee6c1-fbbc;La Esencia de la Transmutación Infinitas;Seraphine Vance;Transmutación Metálica;1937;1076;2,15;42
14704dc7-a9e8;Tratado de las Almas de Plomo;Elara Vance;Alquimia Teórica;1123;256;2,15;12
a1f16565-24fa;El Enigma de la Quintaesencia;Elara Vance;Historia de la Piedra;1115;1453;3,76;10
708e93e0-e24c;La Esencia de la Transmutación Infinitas;Morgana Vance;Filosofía Prohibida;1606;562;2,32;32
e22f7b89-c11a;El Enigma de el Azufre Sagrado;Elara Nightshade;Historia de la Piedra;1315;887;3,3;7
056d0ead-d9ba;Sombras sobre la Quintaesencia;Isolde Sterling;Transmutación Metálica;1758;232;2,3;45
03ccc604-aebd;Vórtice de la Quintaesencia;Isolde Sterling;Filosofía Prohibida;1293;149;2,32;47
93bb777b-f07c;Códice de las Almas de Plomo;Thalric Flamel;Botánica Arcana;1687;1466;2,32;45
7ecf1fb2-7cc0;Sombras sobre el Sol Negro;Elara Nightshade;Alquimia Teórica;1553;129;1,4;37
8b589302-4346;Códice de la Transmutación Infinitas;Thalric Blackwood;Alquimia Teórica;1329;83;3,95;6
301599e1-6f96;Espejos de el Mercurio Rojo;Elara Blackwood;Historia de la Piedra;1272;1354;1,86;12
38b13e2e-304a;Códice de el Azufre Sagrado;Seraphine Grimoire;Alquimia Teórica;1478;1474;1,94;15
f4d52ada-5b85;Códice de el Azufre Sagrado;Aurelius Flamel;Transmutación Metálica;1962;820;3,06;16
